0 verbose cli /usr/local/bin/node /usr/local/bin/npm
1 info using npm@11.11.0
2 info using node@v24.14.1
3 silly config load:file:/usr/local/lib/node_modules/npm/npmrc
4 silly config load:file:/Users/user/program test/Bersih Treatment Web/.npmrc
5 silly config load:file:/Users/user/.npmrc
6 silly config load:file:/usr/local/etc/npmrc
7 verbose title npm install
8 verbose argv "install" "--legacy-peer-deps" "--cache" "./.npm-cache"
9 verbose logfile logs-max:10 dir:/Users/user/program test/Bersih Treatment Web/.npm-cache/_logs/2026-06-04T09_02_35_628Z-
10 verbose logfile /Users/user/program test/Bersih Treatment Web/.npm-cache/_logs/2026-06-04T09_02_35_628Z-debug-0.log
11 silly logfile done cleaning log files
12 silly packumentCache heap:4496293888 maxSize:1124073472 maxEntrySize:562036736
13 silly idealTree buildDeps
14 silly fetch manifest next@14.2.29
15 silly packumentCache full:https://registry.npmjs.org/next cache-miss
16 http fetch GET 200 https://registry.npmjs.org/npm 436ms
17 http fetch GET 200 https://registry.npmjs.org/next 747ms (cache miss)
18 silly packumentCache full:https://registry.npmjs.org/next set size:undefined disposed:false
19 silly fetch manifest react@18.2.0
20 silly packumentCache full:https://registry.npmjs.org/react cache-miss
21 http fetch GET 200 https://registry.npmjs.org/react 252ms (cache miss)
22 silly packumentCache full:https://registry.npmjs.org/react set size:undefined disposed:false
23 silly fetch manifest react-dom@18.2.0
24 silly packumentCache full:https://registry.npmjs.org/react-dom cache-miss
25 http fetch GET 200 https://registry.npmjs.org/react-dom 228ms (cache miss)
26 silly packumentCache full:https://registry.npmjs.org/react-dom set size:undefined disposed:false
27 silly fetch manifest lucide-react@^0.468.0
28 silly packumentCache full:https://registry.npmjs.org/lucide-react cache-miss
29 http fetch GET 200 https://registry.npmjs.org/lucide-react 134ms (cache miss)
30 silly packumentCache full:https://registry.npmjs.org/lucide-react set size:undefined disposed:false
31 silly fetch manifest recharts@^2.13.3
32 silly packumentCache full:https://registry.npmjs.org/recharts cache-miss
33 http fetch GET 200 https://registry.npmjs.org/recharts 147ms (cache miss)
34 silly packumentCache full:https://registry.npmjs.org/recharts set size:undefined disposed:false
35 silly fetch manifest clsx@^2.1.1
36 silly packumentCache full:https://registry.npmjs.org/clsx cache-miss
37 http fetch GET 200 https://registry.npmjs.org/clsx 74ms (cache miss)
38 silly packumentCache full:https://registry.npmjs.org/clsx set size:undefined disposed:false
39 silly fetch manifest tailwind-merge@^2.5.5
40 silly packumentCache full:https://registry.npmjs.org/tailwind-merge cache-miss
41 http fetch GET 200 https://registry.npmjs.org/tailwind-merge 114ms (cache miss)
42 silly packumentCache full:https://registry.npmjs.org/tailwind-merge set size:undefined disposed:false
43 silly fetch manifest typescript@^5
44 silly packumentCache full:https://registry.npmjs.org/typescript cache-miss
45 http fetch GET 200 https://registry.npmjs.org/typescript 341ms (cache miss)
46 silly packumentCache full:https://registry.npmjs.org/typescript set size:undefined disposed:false
47 silly fetch manifest @types/node@^20
48 silly packumentCache full:https://registry.npmjs.org/@types%2fnode cache-miss
49 http fetch GET 200 https://registry.npmjs.org/@types%2fnode 224ms (cache miss)
50 silly packumentCache full:https://registry.npmjs.org/@types%2fnode set size:undefined disposed:false
51 silly fetch manifest @types/react@^18
52 silly packumentCache full:https://registry.npmjs.org/@types%2freact cache-miss
53 http fetch GET 200 https://registry.npmjs.org/@types%2freact 126ms (cache miss)
54 silly packumentCache full:https://registry.npmjs.org/@types%2freact set size:undefined disposed:false
55 silly fetch manifest @types/react-dom@^18
56 silly packumentCache full:https://registry.npmjs.org/@types%2freact-dom cache-miss
57 http fetch GET 200 https://registry.npmjs.org/@types%2freact-dom 87ms (cache miss)
58 silly packumentCache full:https://registry.npmjs.org/@types%2freact-dom set size:undefined disposed:false
59 silly fetch manifest autoprefixer@^10.0.1
60 silly packumentCache full:https://registry.npmjs.org/autoprefixer cache-miss
61 http fetch GET 200 https://registry.npmjs.org/autoprefixer 324ms (cache miss)
62 silly packumentCache full:https://registry.npmjs.org/autoprefixer set size:undefined disposed:false
63 silly fetch manifest eslint@^8
64 silly packumentCache full:https://registry.npmjs.org/eslint cache-miss
65 http fetch GET 200 https://registry.npmjs.org/eslint 110ms (cache miss)
66 silly packumentCache full:https://registry.npmjs.org/eslint set size:undefined disposed:false
67 silly fetch manifest eslint-config-next@14.2.29
68 silly packumentCache full:https://registry.npmjs.org/eslint-config-next cache-miss
69 http fetch GET 200 https://registry.npmjs.org/eslint-config-next 247ms (cache miss)
70 silly packumentCache full:https://registry.npmjs.org/eslint-config-next set size:undefined disposed:false
71 silly fetch manifest postcss@^8
72 silly packumentCache full:https://registry.npmjs.org/postcss cache-miss
73 http fetch GET 200 https://registry.npmjs.org/postcss 147ms (cache miss)
74 silly packumentCache full:https://registry.npmjs.org/postcss set size:undefined disposed:false
75 silly fetch manifest tailwindcss@^3.4.1
76 silly packumentCache full:https://registry.npmjs.org/tailwindcss cache-miss
77 http fetch GET 200 https://registry.npmjs.org/tailwindcss 269ms (cache miss)
78 silly packumentCache full:https://registry.npmjs.org/tailwindcss set size:undefined disposed:false
79 silly placeDep ROOT @types/node@20.19.41 OK for: bersih-treatment-web@0.1.0 want: ^20
80 silly placeDep ROOT @types/react@18.3.30 OK for: bersih-treatment-web@0.1.0 want: ^18
81 silly placeDep ROOT @types/react-dom@18.3.7 OK for: bersih-treatment-web@0.1.0 want: ^18
82 silly placeDep ROOT autoprefixer@10.5.0 OK for: bersih-treatment-web@0.1.0 want: ^10.0.1
83 silly placeDep ROOT clsx@2.1.1 OK for: bersih-treatment-web@0.1.0 want: ^2.1.1
84 silly placeDep ROOT eslint@8.57.1 OK for: bersih-treatment-web@0.1.0 want: ^8
85 silly placeDep ROOT eslint-config-next@14.2.29 OK for: bersih-treatment-web@0.1.0 want: 14.2.29
86 silly placeDep ROOT lucide-react@0.468.0 OK for: bersih-treatment-web@0.1.0 want: ^0.468.0
87 silly placeDep ROOT next@14.2.29 OK for: bersih-treatment-web@0.1.0 want: 14.2.29
88 silly placeDep ROOT postcss@8.5.15 OK for: bersih-treatment-web@0.1.0 want: ^8
89 silly placeDep ROOT react@18.2.0 OK for: bersih-treatment-web@0.1.0 want: 18.2.0
90 silly placeDep ROOT react-dom@18.2.0 OK for: bersih-treatment-web@0.1.0 want: 18.2.0
91 silly placeDep ROOT recharts@2.15.4 OK for: bersih-treatment-web@0.1.0 want: ^2.13.3
92 silly placeDep ROOT tailwind-merge@2.6.1 OK for: bersih-treatment-web@0.1.0 want: ^2.5.5
93 silly placeDep ROOT tailwindcss@3.4.19 OK for: bersih-treatment-web@0.1.0 want: ^3.4.1
94 silly placeDep ROOT typescript@5.9.3 OK for: bersih-treatment-web@0.1.0 want: ^5
95 silly fetch manifest undici-types@~6.21.0
96 silly packumentCache full:https://registry.npmjs.org/undici-types cache-miss
97 silly fetch manifest csstype@^3.2.2
98 silly packumentCache full:https://registry.npmjs.org/csstype cache-miss
99 silly fetch manifest @types/prop-types@*
100 silly packumentCache full:https://registry.npmjs.org/@types%2fprop-types cache-miss
101 silly fetch manifest browserslist@^4.28.2
102 silly packumentCache full:https://registry.npmjs.org/browserslist cache-miss
103 silly fetch manifest caniuse-lite@^1.0.30001787
104 silly packumentCache full:https://registry.npmjs.org/caniuse-lite cache-miss
105 silly fetch manifest fraction.js@^5.3.4
106 silly packumentCache full:https://registry.npmjs.org/fraction.js cache-miss
107 silly fetch manifest picocolors@^1.1.1
108 silly packumentCache full:https://registry.npmjs.org/picocolors cache-miss
109 http fetch GET 200 https://registry.npmjs.org/undici-types 100ms (cache miss)
110 silly packumentCache full:https://registry.npmjs.org/undici-types set size:undefined disposed:false
111 silly fetch manifest postcss-value-parser@^4.2.0
112 silly packumentCache full:https://registry.npmjs.org/postcss-value-parser cache-miss
113 http fetch GET 200 https://registry.npmjs.org/csstype 105ms (cache miss)
114 silly packumentCache full:https://registry.npmjs.org/csstype set size:undefined disposed:false
115 silly fetch manifest ajv@^6.12.4
116 silly packumentCache full:https://registry.npmjs.org/ajv cache-miss
117 http fetch GET 200 https://registry.npmjs.org/ajv 108ms (cache miss)
118 silly packumentCache full:https://registry.npmjs.org/ajv set size:undefined disposed:false
119 silly fetch manifest levn@^0.4.1
120 silly packumentCache full:https://registry.npmjs.org/levn cache-miss
121 http fetch GET 200 https://registry.npmjs.org/@types%2fprop-types 227ms (cache miss)
122 silly packumentCache full:https://registry.npmjs.org/@types%2fprop-types set size:undefined disposed:false
123 silly fetch manifest chalk@^4.0.0
124 silly packumentCache full:https://registry.npmjs.org/chalk cache-miss
125 http fetch GET 200 https://registry.npmjs.org/fraction.js 259ms (cache miss)
126 silly packumentCache full:https://registry.npmjs.org/fraction.js set size:undefined disposed:false
127 silly fetch manifest debug@^4.3.2
128 silly packumentCache full:https://registry.npmjs.org/debug cache-miss
129 http fetch GET 200 https://registry.npmjs.org/picocolors 263ms (cache miss)
130 silly packumentCache full:https://registry.npmjs.org/picocolors set size:undefined disposed:false
131 silly fetch manifest espree@^9.6.1
132 silly packumentCache full:https://registry.npmjs.org/espree cache-miss
133 http fetch GET 200 https://registry.npmjs.org/browserslist 295ms (cache miss)
134 silly packumentCache full:https://registry.npmjs.org/browserslist set size:undefined disposed:false
135 silly fetch manifest ignore@^5.2.0
136 silly packumentCache full:https://registry.npmjs.org/ignore cache-miss
137 http fetch GET 200 https://registry.npmjs.org/levn 80ms (cache miss)
138 silly packumentCache full:https://registry.npmjs.org/levn set size:undefined disposed:false
139 silly fetch manifest esquery@^1.4.2
140 silly packumentCache full:https://registry.npmjs.org/esquery cache-miss
141 http fetch GET 200 https://registry.npmjs.org/chalk 79ms (cache miss)
142 silly packumentCache full:https://registry.npmjs.org/chalk set size:undefined disposed:false
143 silly fetch manifest esutils@^2.0.2
144 silly packumentCache full:https://registry.npmjs.org/esutils cache-miss
145 http fetch GET 200 https://registry.npmjs.org/caniuse-lite 341ms (cache miss)
146 silly packumentCache full:https://registry.npmjs.org/caniuse-lite set size:undefined disposed:false
147 silly fetch manifest find-up@^5.0.0
148 silly packumentCache full:https://registry.npmjs.org/find-up cache-miss
149 http fetch GET 200 https://registry.npmjs.org/debug 95ms (cache miss)
150 silly packumentCache full:https://registry.npmjs.org/debug set size:undefined disposed:false
151 silly fetch manifest globals@^13.19.0
152 silly packumentCache full:https://registry.npmjs.org/globals cache-miss
153 http fetch GET 200 https://registry.npmjs.org/espree 97ms (cache miss)
154 silly packumentCache full:https://registry.npmjs.org/espree set size:undefined disposed:false
155 silly fetch manifest is-glob@^4.0.0
156 silly packumentCache full:https://registry.npmjs.org/is-glob cache-miss
157 http fetch GET 200 https://registry.npmjs.org/postcss-value-parser 260ms (cache miss)
158 silly packumentCache full:https://registry.npmjs.org/postcss-value-parser set size:undefined disposed:false
159 silly fetch manifest js-yaml@^4.1.0
160 silly packumentCache full:https://registry.npmjs.org/js-yaml cache-miss
161 http fetch GET 200 https://registry.npmjs.org/esutils 70ms (cache miss)
162 silly packumentCache full:https://registry.npmjs.org/esutils set size:undefined disposed:false
163 silly fetch manifest doctrine@^3.0.0
164 silly packumentCache full:https://registry.npmjs.org/doctrine cache-miss
165 http fetch GET 200 https://registry.npmjs.org/esquery 88ms (cache miss)
166 silly packumentCache full:https://registry.npmjs.org/esquery set size:undefined disposed:false
167 silly fetch manifest graphemer@^1.4.0
168 silly packumentCache full:https://registry.npmjs.org/graphemer cache-miss
169 http fetch GET 200 https://registry.npmjs.org/ignore 96ms (cache miss)
170 silly packumentCache full:https://registry.npmjs.org/ignore set size:undefined disposed:false
171 silly fetch manifest minimatch@^3.1.2
172 silly packumentCache full:https://registry.npmjs.org/minimatch cache-miss
173 http fetch GET 200 https://registry.npmjs.org/find-up 62ms (cache miss)
174 silly packumentCache full:https://registry.npmjs.org/find-up set size:undefined disposed:false
175 silly fetch manifest @eslint/js@8.57.1
176 silly packumentCache full:https://registry.npmjs.org/@eslint%2fjs cache-miss
177 http fetch GET 200 https://registry.npmjs.org/is-glob 83ms (cache miss)
178 silly packumentCache full:https://registry.npmjs.org/is-glob set size:undefined disposed:false
179 silly fetch manifest optionator@^0.9.3
180 silly packumentCache full:https://registry.npmjs.org/optionator cache-miss
181 http fetch GET 200 https://registry.npmjs.org/globals 89ms (cache miss)
182 silly packumentCache full:https://registry.npmjs.org/globals set size:undefined disposed:false
183 silly fetch manifest strip-ansi@^6.0.1
184 silly packumentCache full:https://registry.npmjs.org/strip-ansi cache-miss
185 http fetch GET 200 https://registry.npmjs.org/js-yaml 89ms (cache miss)
186 silly packumentCache full:https://registry.npmjs.org/js-yaml set size:undefined disposed:false
187 silly fetch manifest text-table@^0.2.0
188 silly packumentCache full:https://registry.npmjs.org/text-table cache-miss
189 http fetch GET 200 https://registry.npmjs.org/doctrine 76ms (cache miss)
190 silly packumentCache full:https://registry.npmjs.org/doctrine set size:undefined disposed:false
191 silly fetch manifest cross-spawn@^7.0.2
192 silly packumentCache full:https://registry.npmjs.org/cross-spawn cache-miss
193 http fetch GET 200 https://registry.npmjs.org/graphemer 73ms (cache miss)
194 silly packumentCache full:https://registry.npmjs.org/graphemer set size:undefined disposed:false
195 silly fetch manifest glob-parent@^6.0.2
196 silly packumentCache full:https://registry.npmjs.org/glob-parent cache-miss
197 http fetch GET 200 https://registry.npmjs.org/@eslint%2fjs 80ms (cache miss)
198 silly packumentCache full:https://registry.npmjs.org/@eslint%2fjs set size:undefined disposed:false
199 silly fetch manifest imurmurhash@^0.1.4
200 silly packumentCache full:https://registry.npmjs.org/imurmurhash cache-miss
201 http fetch GET 200 https://registry.npmjs.org/minimatch 104ms (cache miss)
202 silly packumentCache full:https://registry.npmjs.org/minimatch set size:undefined disposed:false
203 silly fetch manifest eslint-scope@^7.2.2
204 silly packumentCache full:https://registry.npmjs.org/eslint-scope cache-miss
205 http fetch GET 200 https://registry.npmjs.org/cross-spawn 82ms (cache miss)
206 silly packumentCache full:https://registry.npmjs.org/cross-spawn set size:undefined disposed:false
207 silly fetch manifest lodash.merge@^4.6.2
208 silly packumentCache full:https://registry.npmjs.org/lodash.merge cache-miss
209 http fetch GET 200 https://registry.npmjs.org/text-table 87ms (cache miss)
210 silly packumentCache full:https://registry.npmjs.org/text-table set size:undefined disposed:false
211 silly fetch manifest is-path-inside@^3.0.3
212 silly packumentCache full:https://registry.npmjs.org/is-path-inside cache-miss
213 http fetch GET 200 https://registry.npmjs.org/strip-ansi 92ms (cache miss)
214 silly packumentCache full:https://registry.npmjs.org/strip-ansi set size:undefined disposed:false
215 silly fetch manifest fast-deep-equal@^3.1.3
216 silly packumentCache full:https://registry.npmjs.org/fast-deep-equal cache-miss
217 http fetch GET 200 https://registry.npmjs.org/glob-parent 77ms (cache miss)
218 silly packumentCache full:https://registry.npmjs.org/glob-parent set size:undefined disposed:false
219 silly fetch manifest natural-compare@^1.4.0
220 silly packumentCache full:https://registry.npmjs.org/natural-compare cache-miss
221 http fetch GET 200 https://registry.npmjs.org/optionator 99ms (cache miss)
222 silly packumentCache full:https://registry.npmjs.org/optionator set size:undefined disposed:false
223 silly fetch manifest @eslint/eslintrc@^2.1.4
224 silly packumentCache full:https://registry.npmjs.org/@eslint%2feslintrc cache-miss
225 http fetch GET 200 https://registry.npmjs.org/imurmurhash 72ms (cache miss)
226 silly packumentCache full:https://registry.npmjs.org/imurmurhash set size:undefined disposed:false
227 silly fetch manifest @nodelib/fs.walk@^1.2.8
228 silly packumentCache full:https://registry.npmjs.org/@nodelib%2ffs.walk cache-miss
229 http fetch GET 200 https://registry.npmjs.org/eslint-scope 88ms (cache miss)
230 silly packumentCache full:https://registry.npmjs.org/eslint-scope set size:undefined disposed:false
231 silly fetch manifest file-entry-cache@^6.0.1
232 silly packumentCache full:https://registry.npmjs.org/file-entry-cache cache-miss
233 http fetch GET 200 https://registry.npmjs.org/natural-compare 65ms (cache miss)
234 silly packumentCache full:https://registry.npmjs.org/natural-compare set size:undefined disposed:false
235 silly fetch manifest eslint-visitor-keys@^3.4.3
236 silly packumentCache full:https://registry.npmjs.org/eslint-visitor-keys cache-miss
237 http fetch GET 200 https://registry.npmjs.org/fast-deep-equal 69ms (cache miss)
238 silly packumentCache full:https://registry.npmjs.org/fast-deep-equal set size:undefined disposed:false
239 silly fetch manifest escape-string-regexp@^4.0.0
240 silly packumentCache full:https://registry.npmjs.org/escape-string-regexp cache-miss
241 http fetch GET 200 https://registry.npmjs.org/lodash.merge 73ms (cache miss)
242 silly packumentCache full:https://registry.npmjs.org/lodash.merge set size:undefined disposed:false
243 silly fetch manifest @ungap/structured-clone@^1.2.0
244 silly packumentCache full:https://registry.npmjs.org/@ungap%2fstructured-clone cache-miss
245 http fetch GET 200 https://registry.npmjs.org/is-path-inside 76ms (cache miss)
246 silly packumentCache full:https://registry.npmjs.org/is-path-inside set size:undefined disposed:false
247 silly fetch manifest @eslint-community/regexpp@^4.6.1
248 silly packumentCache full:https://registry.npmjs.org/@eslint-community%2fregexpp cache-miss
249 http fetch GET 200 https://registry.npmjs.org/@nodelib%2ffs.walk 75ms (cache miss)
250 silly packumentCache full:https://registry.npmjs.org/@nodelib%2ffs.walk set size:undefined disposed:false
251 silly fetch manifest @humanwhocodes/config-array@^0.13.0
252 silly packumentCache full:https://registry.npmjs.org/@humanwhocodes%2fconfig-array cache-miss
253 http fetch GET 200 https://registry.npmjs.org/@eslint%2feslintrc 97ms (cache miss)
254 silly packumentCache full:https://registry.npmjs.org/@eslint%2feslintrc set size:undefined disposed:false
255 silly fetch manifest @eslint-community/eslint-utils@^4.2.0
256 silly packumentCache full:https://registry.npmjs.org/@eslint-community%2feslint-utils cache-miss
257 http fetch GET 200 https://registry.npmjs.org/file-entry-cache 73ms (cache miss)
258 silly packumentCache full:https://registry.npmjs.org/file-entry-cache set size:undefined disposed:false
259 silly fetch manifest @humanwhocodes/module-importer@^1.0.1
260 silly packumentCache full:https://registry.npmjs.org/@humanwhocodes%2fmodule-importer cache-miss
261 http fetch GET 200 https://registry.npmjs.org/eslint-visitor-keys 66ms (cache miss)
262 silly packumentCache full:https://registry.npmjs.org/eslint-visitor-keys set size:undefined disposed:false
263 silly fetch manifest json-stable-stringify-without-jsonify@^1.0.1
264 silly packumentCache full:https://registry.npmjs.org/json-stable-stringify-without-jsonify cache-miss
265 http fetch GET 200 https://registry.npmjs.org/escape-string-regexp 71ms (cache miss)
266 silly packumentCache full:https://registry.npmjs.org/escape-string-regexp set size:undefined disposed:false
267 silly fetch manifest eslint-plugin-react@^7.33.2
268 silly packumentCache full:https://registry.npmjs.org/eslint-plugin-react cache-miss
269 http fetch GET 200 https://registry.npmjs.org/@ungap%2fstructured-clone 86ms (cache miss)
270 silly packumentCache full:https://registry.npmjs.org/@ungap%2fstructured-clone set size:undefined disposed:false
271 silly fetch manifest eslint-plugin-import@^2.28.1
272 silly packumentCache full:https://registry.npmjs.org/eslint-plugin-import cache-miss
273 http fetch GET 200 https://registry.npmjs.org/@eslint-community%2fregexpp 89ms (cache miss)
274 silly packumentCache full:https://registry.npmjs.org/@eslint-community%2fregexpp set size:undefined disposed:false
275 silly fetch manifest eslint-plugin-jsx-a11y@^6.7.1
276 silly packumentCache full:https://registry.npmjs.org/eslint-plugin-jsx-a11y cache-miss
277 http fetch GET 200 https://registry.npmjs.org/@humanwhocodes%2fconfig-array 80ms (cache miss)
278 silly packumentCache full:https://registry.npmjs.org/@humanwhocodes%2fconfig-array set size:undefined disposed:false
279 silly fetch manifest @rushstack/eslint-patch@^1.3.3
280 silly packumentCache full:https://registry.npmjs.org/@rushstack%2feslint-patch cache-miss
281 http fetch GET 200 https://registry.npmjs.org/json-stable-stringify-without-jsonify 64ms (cache miss)
282 silly packumentCache full:https://registry.npmjs.org/json-stable-stringify-without-jsonify set size:undefined disposed:false
283 silly fetch manifest @next/eslint-plugin-next@14.2.29
284 silly packumentCache full:https://registry.npmjs.org/@next%2feslint-plugin-next cache-miss
285 http fetch GET 200 https://registry.npmjs.org/@eslint-community%2feslint-utils 103ms (cache miss)
286 silly packumentCache full:https://registry.npmjs.org/@eslint-community%2feslint-utils set size:undefined disposed:false
287 silly fetch manifest @typescript-eslint/parser@^5.4.2 || ^6.0.0 || ^7.0.0 || ^8.0.0
288 silly packumentCache full:https://registry.npmjs.org/@typescript-eslint%2fparser cache-miss
289 http fetch GET 200 https://registry.npmjs.org/@humanwhocodes%2fmodule-importer 86ms (cache miss)
290 silly packumentCache full:https://registry.npmjs.org/@humanwhocodes%2fmodule-importer set size:undefined disposed:false
291 silly fetch manifest eslint-plugin-react-hooks@^4.5.0 || 5.0.0-canary-7118f5dd7-20230705
292 silly packumentCache full:https://registry.npmjs.org/eslint-plugin-react-hooks cache-miss
293 http fetch GET 200 https://registry.npmjs.org/eslint-plugin-import 92ms (cache miss)
294 silly packumentCache full:https://registry.npmjs.org/eslint-plugin-import set size:undefined disposed:false
295 silly fetch manifest eslint-import-resolver-node@^0.3.6
296 silly packumentCache full:https://registry.npmjs.org/eslint-import-resolver-node cache-miss
297 http fetch GET 200 https://registry.npmjs.org/eslint-plugin-jsx-a11y 92ms (cache miss)
298 silly packumentCache full:https://registry.npmjs.org/eslint-plugin-jsx-a11y set size:undefined disposed:false
299 silly fetch manifest @typescript-eslint/eslint-plugin@^5.4.2 || ^6.0.0 || ^7.0.0 || ^8.0.0
300 silly packumentCache full:https://registry.npmjs.org/@typescript-eslint%2feslint-plugin cache-miss
301 http fetch GET 200 https://registry.npmjs.org/eslint-plugin-react 117ms (cache miss)
302 silly packumentCache full:https://registry.npmjs.org/eslint-plugin-react set size:undefined disposed:false
303 silly fetch manifest eslint-import-resolver-typescript@^3.5.2
304 silly packumentCache full:https://registry.npmjs.org/eslint-import-resolver-typescript cache-miss
305 http fetch GET 200 https://registry.npmjs.org/eslint-import-resolver-node 79ms (cache miss)
306 silly packumentCache full:https://registry.npmjs.org/eslint-import-resolver-node set size:undefined disposed:false
307 silly fetch manifest busboy@1.6.0
308 silly packumentCache full:https://registry.npmjs.org/busboy cache-miss
309 http fetch GET 200 https://registry.npmjs.org/eslint-import-resolver-typescript 107ms (cache miss)
310 silly packumentCache full:https://registry.npmjs.org/eslint-import-resolver-typescript set size:undefined disposed:false
311 silly fetch manifest postcss@8.4.31
312 silly packumentCache full:https://registry.npmjs.org/postcss cache-miss
313 http cache https://registry.npmjs.org/postcss 6ms (cache hit)
314 silly packumentCache full:https://registry.npmjs.org/postcss set size:723316 disposed:false
315 silly fetch manifest @next/env@14.2.29
316 silly packumentCache full:https://registry.npmjs.org/@next%2fenv cache-miss
317 http fetch GET 200 https://registry.npmjs.org/busboy 79ms (cache miss)
318 silly packumentCache full:https://registry.npmjs.org/busboy set size:undefined disposed:false
319 silly fetch manifest styled-jsx@5.1.1
320 silly packumentCache full:https://registry.npmjs.org/styled-jsx cache-miss
321 http fetch GET 200 https://registry.npmjs.org/eslint-plugin-react-hooks 256ms (cache miss)
322 silly packumentCache full:https://registry.npmjs.org/eslint-plugin-react-hooks set size:undefined disposed:false
323 silly fetch manifest graceful-fs@^4.2.11
324 silly packumentCache full:https://registry.npmjs.org/graceful-fs cache-miss
325 http fetch GET 200 https://registry.npmjs.org/styled-jsx 115ms (cache miss)
326 silly packumentCache full:https://registry.npmjs.org/styled-jsx set size:undefined disposed:false
327 silly fetch manifest @swc/helpers@0.5.5
328 silly packumentCache full:https://registry.npmjs.org/@swc%2fhelpers cache-miss
329 http fetch GET 200 https://registry.npmjs.org/graceful-fs 83ms (cache miss)
330 silly packumentCache full:https://registry.npmjs.org/graceful-fs set size:undefined disposed:false
331 silly fetch manifest caniuse-lite@^1.0.30001579
332 silly packumentCache full:https://registry.npmjs.org/caniuse-lite cache-miss
333 http cache https://registry.npmjs.org/caniuse-lite 5ms (cache hit)
334 silly packumentCache full:https://registry.npmjs.org/caniuse-lite set size:2293068 disposed:false
335 silly fetch manifest @next/swc-darwin-x64@14.2.29
336 silly packumentCache full:https://registry.npmjs.org/@next%2fswc-darwin-x64 cache-miss
337 http fetch GET 200 https://registry.npmjs.org/@rushstack%2feslint-patch 445ms (cache miss)
338 silly packumentCache full:https://registry.npmjs.org/@rushstack%2feslint-patch set size:undefined disposed:false
339 silly fetch manifest @next/swc-darwin-arm64@14.2.29
340 silly packumentCache full:https://registry.npmjs.org/@next%2fswc-darwin-arm64 cache-miss
341 http fetch GET 200 https://registry.npmjs.org/@swc%2fhelpers 110ms (cache miss)
342 silly packumentCache full:https://registry.npmjs.org/@swc%2fhelpers set size:undefined disposed:false
343 silly fetch manifest @next/swc-linux-x64-gnu@14.2.29
344 silly packumentCache full:https://registry.npmjs.org/@next%2fswc-linux-x64-gnu cache-miss
345 http fetch GET 200 https://registry.npmjs.org/@next%2feslint-plugin-next 506ms (cache miss)
346 silly packumentCache full:https://registry.npmjs.org/@next%2feslint-plugin-next set size:undefined disposed:false
347 silly fetch manifest @next/swc-linux-x64-musl@14.2.29
348 silly packumentCache full:https://registry.npmjs.org/@next%2fswc-linux-x64-musl cache-miss
349 http fetch GET 200 https://registry.npmjs.org/@next%2fenv 356ms (cache miss)
350 silly packumentCache full:https://registry.npmjs.org/@next%2fenv set size:undefined disposed:false
351 silly fetch manifest @next/swc-win32-x64-msvc@14.2.29
352 silly packumentCache full:https://registry.npmjs.org/@next%2fswc-win32-x64-msvc cache-miss
353 http fetch GET 200 https://registry.npmjs.org/@next%2fswc-darwin-x64 250ms (cache miss)
354 silly packumentCache full:https://registry.npmjs.org/@next%2fswc-darwin-x64 set size:undefined disposed:false
355 silly fetch manifest @next/swc-linux-arm64-gnu@14.2.29
356 silly packumentCache full:https://registry.npmjs.org/@next%2fswc-linux-arm64-gnu cache-miss
357 http fetch GET 200 https://registry.npmjs.org/@next%2fswc-darwin-arm64 236ms (cache miss)
358 silly packumentCache full:https://registry.npmjs.org/@next%2fswc-darwin-arm64 set size:undefined disposed:false
359 silly fetch manifest @next/swc-win32-ia32-msvc@14.2.29
360 silly packumentCache full:https://registry.npmjs.org/@next%2fswc-win32-ia32-msvc cache-miss
361 http fetch GET 200 https://registry.npmjs.org/@typescript-eslint%2feslint-plugin 644ms (cache miss)
362 silly packumentCache full:https://registry.npmjs.org/@typescript-eslint%2feslint-plugin set size:undefined disposed:false
363 silly fetch manifest @next/swc-linux-arm64-musl@14.2.29
364 silly packumentCache full:https://registry.npmjs.org/@next%2fswc-linux-arm64-musl cache-miss
365 http fetch GET 200 https://registry.npmjs.org/@next%2fswc-linux-x64-musl 239ms (cache miss)
366 silly packumentCache full:https://registry.npmjs.org/@next%2fswc-linux-x64-musl set size:undefined disposed:false
367 silly fetch manifest @next/swc-win32-arm64-msvc@14.2.29
368 silly packumentCache full:https://registry.npmjs.org/@next%2fswc-win32-arm64-msvc cache-miss
369 http fetch GET 200 https://registry.npmjs.org/@typescript-eslint%2fparser 778ms (cache miss)
370 silly packumentCache full:https://registry.npmjs.org/@typescript-eslint%2fparser set size:undefined disposed:false
371 silly fetch manifest nanoid@^3.3.12
372 silly packumentCache full:https://registry.npmjs.org/nanoid cache-miss
373 http fetch GET 200 https://registry.npmjs.org/@next%2fswc-linux-x64-gnu 397ms (cache miss)
374 silly packumentCache full:https://registry.npmjs.org/@next%2fswc-linux-x64-gnu set size:undefined disposed:false
375 silly fetch manifest source-map-js@^1.2.1
376 silly packumentCache full:https://registry.npmjs.org/source-map-js cache-miss
377 http fetch GET 200 https://registry.npmjs.org/@next%2fswc-linux-arm64-gnu 228ms (cache miss)
378 silly packumentCache full:https://registry.npmjs.org/@next%2fswc-linux-arm64-gnu set size:undefined disposed:false
379 silly fetch manifest loose-envify@^1.1.0
380 silly packumentCache full:https://registry.npmjs.org/loose-envify cache-miss
381 http fetch GET 200 https://registry.npmjs.org/nanoid 94ms (cache miss)
382 silly packumentCache full:https://registry.npmjs.org/nanoid set size:undefined disposed:false
383 silly fetch manifest scheduler@^0.23.0
384 silly packumentCache full:https://registry.npmjs.org/scheduler cache-miss
385 http fetch GET 200 https://registry.npmjs.org/source-map-js 74ms (cache miss)
386 silly packumentCache full:https://registry.npmjs.org/source-map-js set size:undefined disposed:false
387 silly fetch manifest loose-envify@^1.1.0
388 silly packumentCache full:https://registry.npmjs.org/loose-envify cache-miss
389 http fetch GET 200 https://registry.npmjs.org/@next%2fswc-win32-x64-msvc 388ms (cache miss)
390 silly packumentCache full:https://registry.npmjs.org/@next%2fswc-win32-x64-msvc set size:undefined disposed:false
391 silly fetch manifest lodash@^4.17.21
392 silly packumentCache full:https://registry.npmjs.org/lodash cache-miss
393 http fetch GET 200 https://registry.npmjs.org/loose-envify 78ms (cache miss)
394 silly packumentCache full:https://registry.npmjs.org/loose-envify set size:undefined disposed:false
395 silly fetch manifest react-is@^18.3.1
396 silly packumentCache full:https://registry.npmjs.org/react-is cache-miss
397 http fetch GET 200 https://registry.npmjs.org/@next%2fswc-linux-arm64-musl 231ms (cache miss)
398 silly packumentCache full:https://registry.npmjs.org/@next%2fswc-linux-arm64-musl set size:undefined disposed:false
399 silly fetch manifest react-smooth@^4.0.4
400 silly packumentCache full:https://registry.npmjs.org/react-smooth cache-miss
401 http fetch GET 200 https://registry.npmjs.org/loose-envify 75ms (cache miss)
402 silly packumentCache full:https://registry.npmjs.org/loose-envify set size:undefined disposed:false
403 silly fetch manifest eventemitter3@^4.0.1
404 silly packumentCache full:https://registry.npmjs.org/eventemitter3 cache-miss
405 http fetch GET 200 https://registry.npmjs.org/lodash 71ms (cache miss)
406 silly packumentCache full:https://registry.npmjs.org/lodash set size:undefined disposed:false
407 silly fetch manifest recharts-scale@^0.4.4
408 silly packumentCache full:https://registry.npmjs.org/recharts-scale cache-miss
409 http fetch GET 200 https://registry.npmjs.org/react-smooth 85ms (cache miss)
410 silly packumentCache full:https://registry.npmjs.org/react-smooth set size:undefined disposed:false
411 silly fetch manifest tiny-invariant@^1.3.1
412 silly packumentCache full:https://registry.npmjs.org/tiny-invariant cache-miss
413 http fetch GET 200 https://registry.npmjs.org/eventemitter3 83ms (cache miss)
414 silly packumentCache full:https://registry.npmjs.org/eventemitter3 set size:undefined disposed:false
415 silly fetch manifest victory-vendor@^36.6.8
416 silly packumentCache full:https://registry.npmjs.org/victory-vendor cache-miss
417 http fetch GET 200 https://registry.npmjs.org/recharts-scale 68ms (cache miss)
418 silly packumentCache full:https://registry.npmjs.org/recharts-scale set size:undefined disposed:false
419 silly fetch manifest arg@^5.0.2
420 silly packumentCache full:https://registry.npmjs.org/arg cache-miss
421 http fetch GET 200 https://registry.npmjs.org/tiny-invariant 84ms (cache miss)
422 silly packumentCache full:https://registry.npmjs.org/tiny-invariant set size:undefined disposed:false
423 silly fetch manifest dlv@^1.1.3
424 silly packumentCache full:https://registry.npmjs.org/dlv cache-miss
425 http fetch GET 200 https://registry.npmjs.org/@next%2fswc-win32-arm64-msvc 389ms (cache miss)
426 silly packumentCache full:https://registry.npmjs.org/@next%2fswc-win32-arm64-msvc set size:undefined disposed:false
427 silly fetch manifest jiti@^1.21.7
428 silly packumentCache full:https://registry.npmjs.org/jiti cache-miss
429 http fetch GET 200 https://registry.npmjs.org/arg 88ms (cache miss)
430 silly packumentCache full:https://registry.npmjs.org/arg set size:undefined disposed:false
431 silly fetch manifest is-glob@^4.0.3
432 silly packumentCache full:https://registry.npmjs.org/is-glob cache-miss
433 http fetch GET 200 https://registry.npmjs.org/victory-vendor 97ms (cache miss)
434 silly packumentCache full:https://registry.npmjs.org/victory-vendor set size:undefined disposed:false
435 silly fetch manifest resolve@^1.22.8
436 silly packumentCache full:https://registry.npmjs.org/resolve cache-miss
437 http cache https://registry.npmjs.org/is-glob 6ms (cache hit)
438 silly packumentCache full:https://registry.npmjs.org/is-glob set size:40530 disposed:false
439 silly fetch manifest sucrase@^3.35.0
440 silly packumentCache full:https://registry.npmjs.org/sucrase cache-miss
441 http fetch GET 200 https://registry.npmjs.org/react-is 230ms (cache miss)
442 silly packumentCache full:https://registry.npmjs.org/react-is set size:undefined disposed:false
443 silly fetch manifest chokidar@^3.6.0
444 silly packumentCache full:https://registry.npmjs.org/chokidar cache-miss
445 http fetch GET 200 https://registry.npmjs.org/dlv 81ms (cache miss)
446 silly packumentCache full:https://registry.npmjs.org/dlv set size:undefined disposed:false
447 silly fetch manifest fast-glob@^3.3.2
448 silly packumentCache full:https://registry.npmjs.org/fast-glob cache-miss
449 http fetch GET 200 https://registry.npmjs.org/scheduler 328ms (cache miss)
450 silly packumentCache full:https://registry.npmjs.org/scheduler set size:undefined disposed:false
451 silly fetch manifest lilconfig@^3.1.3
452 silly packumentCache full:https://registry.npmjs.org/lilconfig cache-miss
453 http fetch GET 200 https://registry.npmjs.org/resolve 86ms (cache miss)
454 silly packumentCache full:https://registry.npmjs.org/resolve set size:undefined disposed:false
455 silly fetch manifest didyoumean@^1.2.2
456 silly packumentCache full:https://registry.npmjs.org/didyoumean cache-miss
457 http fetch GET 200 https://registry.npmjs.org/jiti 103ms (cache miss)
458 silly packumentCache full:https://registry.npmjs.org/jiti set size:undefined disposed:false
459 silly fetch manifest micromatch@^4.0.8
460 silly packumentCache full:https://registry.npmjs.org/micromatch cache-miss
461 http fetch GET 200 https://registry.npmjs.org/sucrase 87ms (cache miss)
462 silly packumentCache full:https://registry.npmjs.org/sucrase set size:undefined disposed:false
463 silly fetch manifest postcss-js@^4.0.1
464 silly packumentCache full:https://registry.npmjs.org/postcss-js cache-miss
465 http fetch GET 200 https://registry.npmjs.org/chokidar 85ms (cache miss)
466 silly packumentCache full:https://registry.npmjs.org/chokidar set size:undefined disposed:false
467 silly fetch manifest object-hash@^3.0.0
468 silly packumentCache full:https://registry.npmjs.org/object-hash cache-miss
469 http fetch GET 200 https://registry.npmjs.org/fast-glob 79ms (cache miss)
470 silly packumentCache full:https://registry.npmjs.org/fast-glob set size:undefined disposed:false
471 silly fetch manifest normalize-path@^3.0.0
472 silly packumentCache full:https://registry.npmjs.org/normalize-path cache-miss
473 http fetch GET 200 https://registry.npmjs.org/lilconfig 71ms (cache miss)
474 silly packumentCache full:https://registry.npmjs.org/lilconfig set size:undefined disposed:false
475 silly fetch manifest postcss-import@^15.1.0
476 silly packumentCache full:https://registry.npmjs.org/postcss-import cache-miss
477 http fetch GET 200 https://registry.npmjs.org/didyoumean 72ms (cache miss)
478 silly packumentCache full:https://registry.npmjs.org/didyoumean set size:undefined disposed:false
479 silly fetch manifest postcss-nested@^6.2.0
480 silly packumentCache full:https://registry.npmjs.org/postcss-nested cache-miss
481 http fetch GET 200 https://registry.npmjs.org/@next%2fswc-win32-ia32-msvc 676ms (cache miss)
482 silly packumentCache full:https://registry.npmjs.org/@next%2fswc-win32-ia32-msvc set size:undefined disposed:false
483 silly fetch manifest @alloc/quick-lru@^5.2.0
484 silly packumentCache full:https://registry.npmjs.org/@alloc%2fquick-lru cache-miss
485 http fetch GET 200 https://registry.npmjs.org/micromatch 90ms (cache miss)
486 silly packumentCache full:https://registry.npmjs.org/micromatch set size:undefined disposed:false
487 silly fetch manifest postcss-load-config@^4.0.2 || ^5.0 || ^6.0
488 silly packumentCache full:https://registry.npmjs.org/postcss-load-config cache-miss
489 http fetch GET 200 https://registry.npmjs.org/postcss-js 90ms (cache miss)
490 silly packumentCache full:https://registry.npmjs.org/postcss-js set size:undefined disposed:false
491 silly fetch manifest postcss-selector-parser@^6.1.2
492 silly packumentCache full:https://registry.npmjs.org/postcss-selector-parser cache-miss
493 http fetch GET 200 https://registry.npmjs.org/object-hash 82ms (cache miss)
494 silly packumentCache full:https://registry.npmjs.org/object-hash set size:undefined disposed:false
495 http fetch GET 200 https://registry.npmjs.org/normalize-path 91ms (cache miss)
496 silly packumentCache full:https://registry.npmjs.org/normalize-path set size:undefined disposed:false
497 http fetch GET 200 https://registry.npmjs.org/postcss-import 83ms (cache miss)
498 silly packumentCache full:https://registry.npmjs.org/postcss-import set size:undefined disposed:false
499 http fetch GET 200 https://registry.npmjs.org/postcss-nested 80ms (cache miss)
500 silly packumentCache full:https://registry.npmjs.org/postcss-nested set size:undefined disposed:false
501 http fetch GET 200 https://registry.npmjs.org/@alloc%2fquick-lru 83ms (cache miss)
502 silly packumentCache full:https://registry.npmjs.org/@alloc%2fquick-lru set size:undefined disposed:false
503 http fetch GET 200 https://registry.npmjs.org/postcss-load-config 76ms (cache miss)
504 silly packumentCache full:https://registry.npmjs.org/postcss-load-config set size:undefined disposed:false
505 http fetch GET 200 https://registry.npmjs.org/postcss-selector-parser 87ms (cache miss)
506 silly packumentCache full:https://registry.npmjs.org/postcss-selector-parser set size:undefined disposed:false
507 silly placeDep ROOT undici-types@6.21.0 OK for: @types/node@20.19.41 want: ~6.21.0
508 silly placeDep ROOT @types/prop-types@15.7.15 OK for: @types/react@18.3.30 want: *
509 silly placeDep ROOT csstype@3.2.3 OK for: @types/react@18.3.30 want: ^3.2.2
510 silly placeDep ROOT browserslist@4.28.2 OK for: autoprefixer@10.5.0 want: ^4.28.2
511 silly placeDep ROOT caniuse-lite@1.0.30001793 OK for: autoprefixer@10.5.0 want: ^1.0.30001787
512 silly placeDep ROOT fraction.js@5.3.4 OK for: autoprefixer@10.5.0 want: ^5.3.4
513 silly placeDep ROOT picocolors@1.1.1 OK for: autoprefixer@10.5.0 want: ^1.1.1
514 silly placeDep ROOT postcss-value-parser@4.2.0 OK for: autoprefixer@10.5.0 want: ^4.2.0
515 silly fetch manifest baseline-browser-mapping@^2.10.12
516 silly packumentCache full:https://registry.npmjs.org/baseline-browser-mapping cache-miss
517 silly fetch manifest caniuse-lite@^1.0.30001782
518 silly packumentCache full:https://registry.npmjs.org/caniuse-lite cache-miss
519 silly fetch manifest electron-to-chromium@^1.5.328
520 silly packumentCache full:https://registry.npmjs.org/electron-to-chromium cache-miss
521 silly fetch manifest node-releases@^2.0.36
522 silly packumentCache full:https://registry.npmjs.org/node-releases cache-miss
523 silly fetch manifest update-browserslist-db@^1.2.3
524 silly packumentCache full:https://registry.npmjs.org/update-browserslist-db cache-miss
525 http cache https://registry.npmjs.org/caniuse-lite 6ms (cache hit)
526 silly packumentCache full:https://registry.npmjs.org/caniuse-lite set size:2293068 disposed:false
527 http fetch GET 200 https://registry.npmjs.org/update-browserslist-db 68ms (cache miss)
528 silly packumentCache full:https://registry.npmjs.org/update-browserslist-db set size:undefined disposed:false
529 http fetch GET 200 https://registry.npmjs.org/baseline-browser-mapping 79ms (cache miss)
530 silly packumentCache full:https://registry.npmjs.org/baseline-browser-mapping set size:undefined disposed:false
531 http fetch GET 200 https://registry.npmjs.org/node-releases 97ms (cache miss)
532 silly packumentCache full:https://registry.npmjs.org/node-releases set size:undefined disposed:false
533 http fetch GET 200 https://registry.npmjs.org/electron-to-chromium 204ms (cache miss)
534 silly packumentCache full:https://registry.npmjs.org/electron-to-chromium set size:undefined disposed:false
535 silly placeDep ROOT baseline-browser-mapping@2.10.33 OK for: browserslist@4.28.2 want: ^2.10.12
536 silly placeDep ROOT electron-to-chromium@1.5.367 OK for: browserslist@4.28.2 want: ^1.5.328
537 silly placeDep ROOT node-releases@2.0.47 OK for: browserslist@4.28.2 want: ^2.0.36
538 silly placeDep ROOT update-browserslist-db@1.2.3 OK for: browserslist@4.28.2 want: ^1.2.3
539 silly fetch manifest escalade@^3.2.0
540 silly packumentCache full:https://registry.npmjs.org/escalade cache-miss
541 http fetch GET 200 https://registry.npmjs.org/escalade 260ms (cache miss)
542 silly packumentCache full:https://registry.npmjs.org/escalade set size:undefined disposed:false
543 silly placeDep ROOT @eslint-community/eslint-utils@4.9.1 OK for: eslint@8.57.1 want: ^4.2.0
544 silly placeDep ROOT @eslint-community/regexpp@4.12.2 OK for: eslint@8.57.1 want: ^4.6.1
545 silly placeDep ROOT @eslint/eslintrc@2.1.4 OK for: eslint@8.57.1 want: ^2.1.4
546 silly placeDep ROOT @eslint/js@8.57.1 OK for: eslint@8.57.1 want: 8.57.1
547 silly placeDep ROOT @humanwhocodes/config-array@0.13.0 OK for: eslint@8.57.1 want: ^0.13.0
548 silly placeDep ROOT @humanwhocodes/module-importer@1.0.1 OK for: eslint@8.57.1 want: ^1.0.1
549 silly placeDep ROOT @nodelib/fs.walk@1.2.8 OK for: eslint@8.57.1 want: ^1.2.8
550 silly placeDep ROOT @ungap/structured-clone@1.3.1 OK for: eslint@8.57.1 want: ^1.2.0
551 silly placeDep ROOT ajv@6.15.0 OK for: eslint@8.57.1 want: ^6.12.4
552 silly placeDep ROOT chalk@4.1.2 OK for: eslint@8.57.1 want: ^4.0.0
553 silly placeDep ROOT cross-spawn@7.0.6 OK for: eslint@8.57.1 want: ^7.0.2
554 silly placeDep ROOT debug@4.4.3 OK for: eslint@8.57.1 want: ^4.3.2
555 silly placeDep ROOT doctrine@3.0.0 OK for: eslint@8.57.1 want: ^3.0.0
556 silly placeDep ROOT escape-string-regexp@4.0.0 OK for: eslint@8.57.1 want: ^4.0.0
557 silly placeDep ROOT eslint-scope@7.2.2 OK for: eslint@8.57.1 want: ^7.2.2
558 silly placeDep ROOT eslint-visitor-keys@3.4.3 OK for: eslint@8.57.1 want: ^3.4.3
559 silly placeDep ROOT espree@9.6.1 OK for: eslint@8.57.1 want: ^9.6.1
560 silly placeDep ROOT esquery@1.7.0 OK for: eslint@8.57.1 want: ^1.4.2
561 silly placeDep ROOT esutils@2.0.3 OK for: eslint@8.57.1 want: ^2.0.2
562 silly placeDep ROOT fast-deep-equal@3.1.3 OK for: eslint@8.57.1 want: ^3.1.3
563 silly placeDep ROOT file-entry-cache@6.0.1 OK for: eslint@8.57.1 want: ^6.0.1
564 silly placeDep ROOT find-up@5.0.0 OK for: eslint@8.57.1 want: ^5.0.0
565 silly placeDep ROOT glob-parent@6.0.2 OK for: eslint@8.57.1 want: ^6.0.2
566 silly placeDep ROOT globals@13.24.0 OK for: eslint@8.57.1 want: ^13.19.0
567 silly placeDep ROOT graphemer@1.4.0 OK for: eslint@8.57.1 want: ^1.4.0
568 silly placeDep ROOT ignore@5.3.2 OK for: eslint@8.57.1 want: ^5.2.0
569 silly placeDep ROOT imurmurhash@0.1.4 OK for: eslint@8.57.1 want: ^0.1.4
570 silly placeDep ROOT is-glob@4.0.3 OK for: eslint@8.57.1 want: ^4.0.0
571 silly placeDep ROOT is-path-inside@3.0.3 OK for: eslint@8.57.1 want: ^3.0.3
572 silly placeDep ROOT js-yaml@4.2.0 OK for: eslint@8.57.1 want: ^4.1.0
573 silly placeDep ROOT json-stable-stringify-without-jsonify@1.0.1 OK for: eslint@8.57.1 want: ^1.0.1
574 silly placeDep ROOT levn@0.4.1 OK for: eslint@8.57.1 want: ^0.4.1
575 silly placeDep ROOT lodash.merge@4.6.2 OK for: eslint@8.57.1 want: ^4.6.2
576 silly placeDep ROOT minimatch@3.1.5 OK for: eslint@8.57.1 want: ^3.1.2
577 silly placeDep ROOT natural-compare@1.4.0 OK for: eslint@8.57.1 want: ^1.4.0
578 silly placeDep ROOT optionator@0.9.4 OK for: eslint@8.57.1 want: ^0.9.3
579 silly placeDep ROOT strip-ansi@6.0.1 OK for: eslint@8.57.1 want: ^6.0.1
580 silly placeDep ROOT text-table@0.2.0 OK for: eslint@8.57.1 want: ^0.2.0
581 silly fetch manifest espree@^9.6.0
582 silly packumentCache full:https://registry.npmjs.org/espree cache-miss
583 silly fetch manifest import-fresh@^3.2.1
584 silly packumentCache full:https://registry.npmjs.org/import-fresh cache-miss
585 silly fetch manifest strip-json-comments@^3.1.1
586 silly packumentCache full:https://registry.npmjs.org/strip-json-comments cache-miss
587 silly fetch manifest debug@^4.3.1
588 silly packumentCache full:https://registry.npmjs.org/debug cache-miss
589 silly fetch manifest minimatch@^3.0.5
590 silly packumentCache full:https://registry.npmjs.org/minimatch cache-miss
591 silly fetch manifest @humanwhocodes/object-schema@^2.0.3
592 silly packumentCache full:https://registry.npmjs.org/@humanwhocodes%2fobject-schema cache-miss
593 silly fetch manifest fastq@^1.6.0
594 silly packumentCache full:https://registry.npmjs.org/fastq cache-miss
595 http cache https://registry.npmjs.org/minimatch 5ms (cache hit)
596 silly packumentCache full:https://registry.npmjs.org/minimatch set size:375282 disposed:false
597 silly fetch manifest @nodelib/fs.scandir@2.1.5
598 silly packumentCache full:https://registry.npmjs.org/@nodelib%2ffs.scandir cache-miss
599 http cache https://registry.npmjs.org/debug 9ms (cache hit)
600 silly packumentCache full:https://registry.npmjs.org/debug set size:195840 disposed:false
601 silly fetch manifest uri-js@^4.2.2
602 silly packumentCache full:https://registry.npmjs.org/uri-js cache-miss
603 http cache https://registry.npmjs.org/espree 12ms (cache hit)
604 silly packumentCache full:https://registry.npmjs.org/espree set size:326080 disposed:false
605 silly fetch manifest fast-deep-equal@^3.1.1
606 silly packumentCache full:https://registry.npmjs.org/fast-deep-equal cache-miss
607 http cache https://registry.npmjs.org/fast-deep-equal 3ms (cache hit)
608 silly packumentCache full:https://registry.npmjs.org/fast-deep-equal set size:48634 disposed:false
609 silly fetch manifest json-schema-traverse@^0.4.1
610 silly packumentCache full:https://registry.npmjs.org/json-schema-traverse cache-miss
611 http fetch GET 200 https://registry.npmjs.org/import-fresh 82ms (cache miss)
612 silly packumentCache full:https://registry.npmjs.org/import-fresh set size:undefined disposed:false
613 silly fetch manifest fast-json-stable-stringify@^2.0.0
614 silly packumentCache full:https://registry.npmjs.org/fast-json-stable-stringify cache-miss
615 http fetch GET 200 https://registry.npmjs.org/strip-json-comments 84ms (cache miss)
616 silly packumentCache full:https://registry.npmjs.org/strip-json-comments set size:undefined disposed:false
617 silly fetch manifest ansi-styles@^4.1.0
618 silly packumentCache full:https://registry.npmjs.org/ansi-styles cache-miss
619 http fetch GET 200 https://registry.npmjs.org/json-schema-traverse 71ms (cache miss)
620 silly packumentCache full:https://registry.npmjs.org/json-schema-traverse set size:undefined disposed:false
621 silly fetch manifest supports-color@^7.1.0
622 silly packumentCache full:https://registry.npmjs.org/supports-color cache-miss
623 http fetch GET 200 https://registry.npmjs.org/fastq 90ms (cache miss)
624 silly packumentCache full:https://registry.npmjs.org/fastq set size:undefined disposed:false
625 silly fetch manifest which@^2.0.1
626 silly packumentCache full:https://registry.npmjs.org/which cache-miss
627 http fetch GET 200 https://registry.npmjs.org/@humanwhocodes%2fobject-schema 97ms (cache miss)
628 silly packumentCache full:https://registry.npmjs.org/@humanwhocodes%2fobject-schema set size:undefined disposed:false
629 silly fetch manifest path-key@^3.1.0
630 silly packumentCache full:https://registry.npmjs.org/path-key cache-miss
631 http fetch GET 200 https://registry.npmjs.org/uri-js 88ms (cache miss)
632 silly packumentCache full:https://registry.npmjs.org/uri-js set size:undefined disposed:false
633 silly fetch manifest shebang-command@^2.0.0
634 silly packumentCache full:https://registry.npmjs.org/shebang-command cache-miss
635 http fetch GET 200 https://registry.npmjs.org/@nodelib%2ffs.scandir 102ms (cache miss)
636 silly packumentCache full:https://registry.npmjs.org/@nodelib%2ffs.scandir set size:undefined disposed:false
637 silly fetch manifest ms@^2.1.3
638 silly packumentCache full:https://registry.npmjs.org/ms cache-miss
639 http fetch GET 200 https://registry.npmjs.org/fast-json-stable-stringify 58ms (cache miss)
640 silly packumentCache full:https://registry.npmjs.org/fast-json-stable-stringify set size:undefined disposed:false
641 silly fetch manifest esrecurse@^4.3.0
642 silly packumentCache full:https://registry.npmjs.org/esrecurse cache-miss
643 http fetch GET 200 https://registry.npmjs.org/ansi-styles 68ms (cache miss)
644 silly packumentCache full:https://registry.npmjs.org/ansi-styles set size:undefined disposed:false
645 silly fetch manifest estraverse@^5.2.0
646 silly packumentCache full:https://registry.npmjs.org/estraverse cache-miss
647 http fetch GET 200 https://registry.npmjs.org/supports-color 74ms (cache miss)
648 silly packumentCache full:https://registry.npmjs.org/supports-color set size:undefined disposed:false
649 silly fetch manifest acorn@^8.9.0
650 silly packumentCache full:https://registry.npmjs.org/acorn cache-miss
651 http fetch GET 200 https://registry.npmjs.org/shebang-command 67ms (cache miss)
652 silly packumentCache full:https://registry.npmjs.org/shebang-command set size:undefined disposed:false
653 silly fetch manifest acorn-jsx@^5.3.2
654 silly packumentCache full:https://registry.npmjs.org/acorn-jsx cache-miss
655 http fetch GET 200 https://registry.npmjs.org/path-key 81ms (cache miss)
656 silly packumentCache full:https://registry.npmjs.org/path-key set size:undefined disposed:false
657 silly fetch manifest estraverse@^5.1.0
658 silly packumentCache full:https://registry.npmjs.org/estraverse cache-miss
659 http fetch GET 200 https://registry.npmjs.org/ms 83ms (cache miss)
660 silly packumentCache full:https://registry.npmjs.org/ms set size:undefined disposed:false
661 silly fetch manifest flat-cache@^3.0.4
662 silly packumentCache full:https://registry.npmjs.org/flat-cache cache-miss
663 http fetch GET 200 https://registry.npmjs.org/esrecurse 73ms (cache miss)
664 silly packumentCache full:https://registry.npmjs.org/esrecurse set size:undefined disposed:false
665 silly fetch manifest locate-path@^6.0.0
666 silly packumentCache full:https://registry.npmjs.org/locate-path cache-miss
667 http fetch GET 200 https://registry.npmjs.org/estraverse 68ms (cache miss)
668 silly packumentCache full:https://registry.npmjs.org/estraverse set size:undefined disposed:false
669 silly fetch manifest path-exists@^4.0.0
670 silly packumentCache full:https://registry.npmjs.org/path-exists cache-miss
671 http fetch GET 200 https://registry.npmjs.org/acorn 83ms (cache miss)
672 silly packumentCache full:https://registry.npmjs.org/acorn set size:undefined disposed:false
673 silly fetch manifest type-fest@^0.20.2
674 silly packumentCache full:https://registry.npmjs.org/type-fest cache-miss
675 http fetch GET 200 https://registry.npmjs.org/acorn-jsx 83ms (cache miss)
676 silly packumentCache full:https://registry.npmjs.org/acorn-jsx set size:undefined disposed:false
677 silly fetch manifest is-extglob@^2.1.1
678 silly packumentCache full:https://registry.npmjs.org/is-extglob cache-miss
679 http fetch GET 200 https://registry.npmjs.org/estraverse 74ms (cache miss)
680 silly packumentCache full:https://registry.npmjs.org/estraverse set size:undefined disposed:false
681 silly fetch manifest argparse@^2.0.1
682 silly packumentCache full:https://registry.npmjs.org/argparse cache-miss
683 http fetch GET 200 https://registry.npmjs.org/flat-cache 79ms (cache miss)
684 silly packumentCache full:https://registry.npmjs.org/flat-cache set size:undefined disposed:false
685 silly fetch manifest prelude-ls@^1.2.1
686 silly packumentCache full:https://registry.npmjs.org/prelude-ls cache-miss
687 http fetch GET 200 https://registry.npmjs.org/locate-path 73ms (cache miss)
688 silly packumentCache full:https://registry.npmjs.org/locate-path set size:undefined disposed:false
689 silly fetch manifest type-check@~0.4.0
690 silly packumentCache full:https://registry.npmjs.org/type-check cache-miss
691 http fetch GET 200 https://registry.npmjs.org/path-exists 73ms (cache miss)
692 silly packumentCache full:https://registry.npmjs.org/path-exists set size:undefined disposed:false
693 silly fetch manifest brace-expansion@^1.1.7
694 silly packumentCache full:https://registry.npmjs.org/brace-expansion cache-miss
695 http fetch GET 200 https://registry.npmjs.org/is-extglob 70ms (cache miss)
696 silly packumentCache full:https://registry.npmjs.org/is-extglob set size:undefined disposed:false
697 silly fetch manifest prelude-ls@^1.2.1
698 silly packumentCache full:https://registry.npmjs.org/prelude-ls cache-miss
699 http fetch GET 200 https://registry.npmjs.org/argparse 86ms (cache miss)
700 silly packumentCache full:https://registry.npmjs.org/argparse set size:undefined disposed:false
701 silly fetch manifest deep-is@^0.1.3
702 silly packumentCache full:https://registry.npmjs.org/deep-is cache-miss
703 http fetch GET 200 https://registry.npmjs.org/type-fest 92ms (cache miss)
704 silly packumentCache full:https://registry.npmjs.org/type-fest set size:undefined disposed:false
705 silly fetch manifest word-wrap@^1.2.5
706 silly packumentCache full:https://registry.npmjs.org/word-wrap cache-miss
707 http fetch GET 200 https://registry.npmjs.org/which 262ms (cache miss)
708 silly packumentCache full:https://registry.npmjs.org/which set size:undefined disposed:false
709 silly fetch manifest type-check@^0.4.0
710 silly packumentCache full:https://registry.npmjs.org/type-check cache-miss
711 http fetch GET 200 https://registry.npmjs.org/type-check 69ms (cache miss)
712 silly packumentCache full:https://registry.npmjs.org/type-check set size:undefined disposed:false
713 silly fetch manifest fast-levenshtein@^2.0.6
714 silly packumentCache full:https://registry.npmjs.org/fast-levenshtein cache-miss
715 http fetch GET 200 https://registry.npmjs.org/prelude-ls 80ms (cache miss)
716 silly packumentCache full:https://registry.npmjs.org/prelude-ls set size:undefined disposed:false
717 silly fetch manifest ansi-regex@^5.0.1
718 silly packumentCache full:https://registry.npmjs.org/ansi-regex cache-miss
719 http fetch GET 200 https://registry.npmjs.org/brace-expansion 76ms (cache miss)
720 silly packumentCache full:https://registry.npmjs.org/brace-expansion set size:undefined disposed:false
721 http fetch GET 200 https://registry.npmjs.org/prelude-ls 58ms (cache miss)
722 silly packumentCache full:https://registry.npmjs.org/prelude-ls set size:undefined disposed:false
723 http fetch GET 200 https://registry.npmjs.org/deep-is 71ms (cache miss)
724 silly packumentCache full:https://registry.npmjs.org/deep-is set size:undefined disposed:false
725 http fetch GET 200 https://registry.npmjs.org/type-check 77ms (cache miss)
726 silly packumentCache full:https://registry.npmjs.org/type-check set size:undefined disposed:false
727 http fetch GET 200 https://registry.npmjs.org/word-wrap 87ms (cache miss)
728 silly packumentCache full:https://registry.npmjs.org/word-wrap set size:undefined disposed:false
729 http fetch GET 200 https://registry.npmjs.org/fast-levenshtein 76ms (cache miss)
730 silly packumentCache full:https://registry.npmjs.org/fast-levenshtein set size:undefined disposed:false
731 http fetch GET 200 https://registry.npmjs.org/ansi-regex 82ms (cache miss)
732 silly packumentCache full:https://registry.npmjs.org/ansi-regex set size:undefined disposed:false
733 silly placeDep ROOT import-fresh@3.3.1 OK for: @eslint/eslintrc@2.1.4 want: ^3.2.1
734 silly placeDep ROOT strip-json-comments@3.1.1 OK for: @eslint/eslintrc@2.1.4 want: ^3.1.1
735 silly fetch manifest resolve-from@^4.0.0
736 silly packumentCache full:https://registry.npmjs.org/resolve-from cache-miss
737 silly fetch manifest parent-module@^1.0.0
738 silly packumentCache full:https://registry.npmjs.org/parent-module cache-miss
739 http fetch GET 200 https://registry.npmjs.org/resolve-from 65ms (cache miss)
740 silly packumentCache full:https://registry.npmjs.org/resolve-from set size:undefined disposed:false
741 http fetch GET 200 https://registry.npmjs.org/parent-module 65ms (cache miss)
742 silly packumentCache full:https://registry.npmjs.org/parent-module set size:undefined disposed:false
743 silly placeDep ROOT @humanwhocodes/object-schema@2.0.3 OK for: @humanwhocodes/config-array@0.13.0 want: ^2.0.3
744 silly placeDep ROOT @nodelib/fs.scandir@2.1.5 OK for: @nodelib/fs.walk@1.2.8 want: 2.1.5
745 silly placeDep ROOT fastq@1.20.1 OK for: @nodelib/fs.walk@1.2.8 want: ^1.6.0
746 silly fetch manifest run-parallel@^1.1.9
747 silly packumentCache full:https://registry.npmjs.org/run-parallel cache-miss
748 silly fetch manifest @nodelib/fs.stat@2.0.5
749 silly packumentCache full:https://registry.npmjs.org/@nodelib%2ffs.stat cache-miss
750 silly fetch manifest reusify@^1.0.4
751 silly packumentCache full:https://registry.npmjs.org/reusify cache-miss
752 http fetch GET 200 https://registry.npmjs.org/run-parallel 61ms (cache miss)
753 silly packumentCache full:https://registry.npmjs.org/run-parallel set size:undefined disposed:false
754 http fetch GET 200 https://registry.npmjs.org/reusify 74ms (cache miss)
755 silly packumentCache full:https://registry.npmjs.org/reusify set size:undefined disposed:false
756 http fetch GET 200 https://registry.npmjs.org/@nodelib%2ffs.stat 99ms (cache miss)
757 silly packumentCache full:https://registry.npmjs.org/@nodelib%2ffs.stat set size:undefined disposed:false
758 silly placeDep ROOT @nodelib/fs.stat@2.0.5 OK for: @nodelib/fs.scandir@2.1.5 want: 2.0.5
759 silly placeDep ROOT run-parallel@1.2.0 OK for: @nodelib/fs.scandir@2.1.5 want: ^1.1.9
760 silly fetch manifest queue-microtask@^1.2.2
761 silly packumentCache full:https://registry.npmjs.org/queue-microtask cache-miss
762 http fetch GET 200 https://registry.npmjs.org/queue-microtask 63ms (cache miss)
763 silly packumentCache full:https://registry.npmjs.org/queue-microtask set size:undefined disposed:false
764 silly placeDep ROOT fast-json-stable-stringify@2.1.0 OK for: ajv@6.15.0 want: ^2.0.0
765 silly placeDep ROOT json-schema-traverse@0.4.1 OK for: ajv@6.15.0 want: ^0.4.1
766 silly placeDep ROOT uri-js@4.4.1 OK for: ajv@6.15.0 want: ^4.2.2
767 silly fetch manifest punycode@^2.1.0
768 silly packumentCache full:https://registry.npmjs.org/punycode cache-miss
769 http fetch GET 200 https://registry.npmjs.org/punycode 80ms (cache miss)
770 silly packumentCache full:https://registry.npmjs.org/punycode set size:undefined disposed:false
771 silly placeDep ROOT ansi-styles@4.3.0 OK for: chalk@4.1.2 want: ^4.1.0
772 silly placeDep ROOT supports-color@7.2.0 OK for: chalk@4.1.2 want: ^7.1.0
773 silly fetch manifest color-convert@^2.0.1
774 silly packumentCache full:https://registry.npmjs.org/color-convert cache-miss
775 silly fetch manifest has-flag@^4.0.0
776 silly packumentCache full:https://registry.npmjs.org/has-flag cache-miss
777 http fetch GET 200 https://registry.npmjs.org/has-flag 80ms (cache miss)
778 silly packumentCache full:https://registry.npmjs.org/has-flag set size:undefined disposed:false
779 http fetch GET 200 https://registry.npmjs.org/color-convert 84ms (cache miss)
780 silly packumentCache full:https://registry.npmjs.org/color-convert set size:undefined disposed:false
781 silly placeDep ROOT color-convert@2.0.1 OK for: ansi-styles@4.3.0 want: ^2.0.1
782 silly fetch manifest color-name@~1.1.4
783 silly packumentCache full:https://registry.npmjs.org/color-name cache-miss
784 http fetch GET 200 https://registry.npmjs.org/color-name 99ms (cache miss)
785 silly packumentCache full:https://registry.npmjs.org/color-name set size:undefined disposed:false
786 silly placeDep ROOT color-name@1.1.4 OK for: color-convert@2.0.1 want: ~1.1.4
787 silly placeDep ROOT path-key@3.1.1 OK for: cross-spawn@7.0.6 want: ^3.1.0
788 silly placeDep ROOT shebang-command@2.0.0 OK for: cross-spawn@7.0.6 want: ^2.0.0
789 silly placeDep ROOT which@2.0.2 OK for: cross-spawn@7.0.6 want: ^2.0.1
790 silly fetch manifest shebang-regex@^3.0.0
791 silly packumentCache full:https://registry.npmjs.org/shebang-regex cache-miss
792 silly fetch manifest isexe@^2.0.0
793 silly packumentCache full:https://registry.npmjs.org/isexe cache-miss
794 http fetch GET 200 https://registry.npmjs.org/isexe 75ms (cache miss)
795 silly packumentCache full:https://registry.npmjs.org/isexe set size:undefined disposed:false
796 http fetch GET 200 https://registry.npmjs.org/shebang-regex 81ms (cache miss)
797 silly packumentCache full:https://registry.npmjs.org/shebang-regex set size:undefined disposed:false
798 silly placeDep ROOT ms@2.1.3 OK for: debug@4.4.3 want: ^2.1.3
799 silly placeDep ROOT @next/eslint-plugin-next@14.2.29 OK for: eslint-config-next@14.2.29 want: 14.2.29
800 silly placeDep ROOT @rushstack/eslint-patch@1.16.1 OK for: eslint-config-next@14.2.29 want: ^1.3.3
801 silly placeDep ROOT @typescript-eslint/eslint-plugin@8.60.1 OK for: eslint-config-next@14.2.29 want: ^5.4.2 || ^6.0.0 || ^7.0.0 || ^8.0.0
802 silly placeDep ROOT @typescript-eslint/parser@8.60.1 OK for: eslint-config-next@14.2.29 want: ^5.4.2 || ^6.0.0 || ^7.0.0 || ^8.0.0
803 silly placeDep ROOT eslint-import-resolver-node@0.3.10 OK for: eslint-config-next@14.2.29 want: ^0.3.6
804 silly placeDep ROOT eslint-import-resolver-typescript@3.10.1 OK for: eslint-config-next@14.2.29 want: ^3.5.2
805 silly placeDep ROOT eslint-plugin-import@2.32.0 OK for: eslint-config-next@14.2.29 want: ^2.28.1
806 silly placeDep ROOT eslint-plugin-jsx-a11y@6.10.2 OK for: eslint-config-next@14.2.29 want: ^6.7.1
807 silly placeDep ROOT eslint-plugin-react@7.37.5 OK for: eslint-config-next@14.2.29 want: ^7.33.2
808 silly placeDep ROOT eslint-plugin-react-hooks@5.0.0-canary-7118f5dd7-20230705 OK for: eslint-config-next@14.2.29 want: ^4.5.0 || 5.0.0-canary-7118f5dd7-20230705
809 silly fetch manifest glob@10.3.10
810 silly packumentCache full:https://registry.npmjs.org/glob cache-miss
811 silly fetch manifest ignore@^7.0.5
812 silly packumentCache full:https://registry.npmjs.org/ignore cache-miss
813 silly fetch manifest ts-api-utils@^2.5.0
814 silly packumentCache full:https://registry.npmjs.org/ts-api-utils cache-miss
815 silly fetch manifest @typescript-eslint/utils@8.60.1
816 silly packumentCache full:https://registry.npmjs.org/@typescript-eslint%2futils cache-miss
817 silly fetch manifest @typescript-eslint/type-utils@8.60.1
818 silly packumentCache full:https://registry.npmjs.org/@typescript-eslint%2ftype-utils cache-miss
819 silly fetch manifest @typescript-eslint/visitor-keys@8.60.1
820 silly packumentCache full:https://registry.npmjs.org/@typescript-eslint%2fvisitor-keys cache-miss
821 silly fetch manifest @typescript-eslint/scope-manager@8.60.1
822 silly packumentCache full:https://registry.npmjs.org/@typescript-eslint%2fscope-manager cache-miss
823 http cache https://registry.npmjs.org/ignore 7ms (cache hit)
824 silly packumentCache full:https://registry.npmjs.org/ignore set size:237380 disposed:false
825 silly fetch manifest @typescript-eslint/types@8.60.1
826 silly packumentCache full:https://registry.npmjs.org/@typescript-eslint%2ftypes cache-miss
827 http fetch GET 200 https://registry.npmjs.org/glob 98ms (cache miss)
828 silly packumentCache full:https://registry.npmjs.org/glob set size:undefined disposed:false
829 silly fetch manifest @typescript-eslint/visitor-keys@8.60.1
830 silly packumentCache full:https://registry.npmjs.org/@typescript-eslint%2fvisitor-keys cache-miss
831 http fetch GET 200 https://registry.npmjs.org/ts-api-utils 131ms (cache miss)
832 silly packumentCache full:https://registry.npmjs.org/ts-api-utils set size:undefined disposed:false
833 silly fetch manifest @typescript-eslint/scope-manager@8.60.1
834 silly packumentCache full:https://registry.npmjs.org/@typescript-eslint%2fscope-manager cache-miss
835 http fetch GET 200 https://registry.npmjs.org/@typescript-eslint%2futils 404ms (cache miss)
836 silly packumentCache full:https://registry.npmjs.org/@typescript-eslint%2futils set size:undefined disposed:false
837 silly fetch manifest @typescript-eslint/typescript-estree@8.60.1
838 silly packumentCache full:https://registry.npmjs.org/@typescript-eslint%2ftypescript-estree cache-miss
839 http fetch GET 200 https://registry.npmjs.org/@typescript-eslint%2ftype-utils 453ms (cache miss)
840 silly packumentCache full:https://registry.npmjs.org/@typescript-eslint%2ftype-utils set size:undefined disposed:false
841 silly fetch manifest debug@^3.2.7
842 silly packumentCache full:https://registry.npmjs.org/debug cache-hit
843 silly fetch manifest resolve@^2.0.0-next.6
844 silly packumentCache full:https://registry.npmjs.org/resolve cache-miss
845 http cache https://registry.npmjs.org/resolve 9ms (cache hit)
846 silly packumentCache full:https://registry.npmjs.org/resolve set size:244568 disposed:false
847 silly fetch manifest is-core-module@^2.16.1
848 silly packumentCache full:https://registry.npmjs.org/is-core-module cache-miss
849 http fetch GET 200 https://registry.npmjs.org/@typescript-eslint%2fscope-manager 503ms (cache miss)
850 silly packumentCache full:https://registry.npmjs.org/@typescript-eslint%2fscope-manager set size:undefined disposed:false
851 silly fetch manifest tinyglobby@^0.2.13
852 silly packumentCache full:https://registry.npmjs.org/tinyglobby cache-miss
853 http fetch GET 200 https://registry.npmjs.org/@typescript-eslint%2ftypes 542ms (cache miss)
854 silly packumentCache full:https://registry.npmjs.org/@typescript-eslint%2ftypes set size:undefined disposed:false
855 silly fetch manifest stable-hash@^0.0.5
856 silly packumentCache full:https://registry.npmjs.org/stable-hash cache-miss
857 http fetch GET 200 https://registry.npmjs.org/is-core-module 107ms (cache miss)
858 silly packumentCache full:https://registry.npmjs.org/is-core-module set size:undefined disposed:false
859 silly fetch manifest get-tsconfig@^4.10.0
860 silly packumentCache full:https://registry.npmjs.org/get-tsconfig cache-miss
861 http fetch GET 200 https://registry.npmjs.org/tinyglobby 82ms (cache miss)
862 silly packumentCache full:https://registry.npmjs.org/tinyglobby set size:undefined disposed:false
863 silly fetch manifest is-bun-module@^2.0.0
864 silly packumentCache full:https://registry.npmjs.org/is-bun-module cache-miss
865 http fetch GET 200 https://registry.npmjs.org/@typescript-eslint%2fvisitor-keys 647ms (cache miss)
866 silly packumentCache full:https://registry.npmjs.org/@typescript-eslint%2fvisitor-keys set size:undefined disposed:false
867 silly fetch manifest unrs-resolver@^1.6.2
868 silly packumentCache full:https://registry.npmjs.org/unrs-resolver cache-miss
869 http fetch GET 200 https://registry.npmjs.org/@typescript-eslint%2fvisitor-keys 578ms (cache miss)
870 silly packumentCache full:https://registry.npmjs.org/@typescript-eslint%2fvisitor-keys set size:undefined disposed:false
871 silly fetch manifest @nolyfill/is-core-module@1.0.39
872 silly packumentCache full:https://registry.npmjs.org/@nolyfill%2fis-core-module cache-miss
873 http fetch GET 200 https://registry.npmjs.org/stable-hash 134ms (cache miss)
874 silly packumentCache full:https://registry.npmjs.org/stable-hash set size:undefined disposed:false
875 silly fetch manifest @rtsao/scc@^1.1.0
876 silly packumentCache full:https://registry.npmjs.org/@rtsao%2fscc cache-miss
877 http fetch GET 200 https://registry.npmjs.org/is-bun-module 103ms (cache miss)
878 silly packumentCache full:https://registry.npmjs.org/is-bun-module set size:undefined disposed:false
879 silly fetch manifest array-includes@^3.1.9
880 silly packumentCache full:https://registry.npmjs.org/array-includes cache-miss
881 http fetch GET 200 https://registry.npmjs.org/get-tsconfig 124ms (cache miss)
882 silly packumentCache full:https://registry.npmjs.org/get-tsconfig set size:undefined disposed:false
883 silly fetch manifest array.prototype.findlastindex@^1.2.6
884 silly packumentCache full:https://registry.npmjs.org/array.prototype.findlastindex cache-miss
885 http fetch GET 200 https://registry.npmjs.org/unrs-resolver 87ms (cache miss)
886 silly packumentCache full:https://registry.npmjs.org/unrs-resolver set size:undefined disposed:false
887 silly fetch manifest array.prototype.flat@^1.3.3
888 silly packumentCache full:https://registry.npmjs.org/array.prototype.flat cache-miss
889 http fetch GET 200 https://registry.npmjs.org/@nolyfill%2fis-core-module 106ms (cache miss)
890 silly packumentCache full:https://registry.npmjs.org/@nolyfill%2fis-core-module set size:undefined disposed:false
891 silly fetch manifest array.prototype.flatmap@^1.3.3
892 silly packumentCache full:https://registry.npmjs.org/array.prototype.flatmap cache-miss
893 http fetch GET 200 https://registry.npmjs.org/@rtsao%2fscc 100ms (cache miss)
894 silly packumentCache full:https://registry.npmjs.org/@rtsao%2fscc set size:undefined disposed:false
895 silly fetch manifest doctrine@^2.1.0
896 silly packumentCache full:https://registry.npmjs.org/doctrine cache-miss
897 http fetch GET 200 https://registry.npmjs.org/array.prototype.findlastindex 98ms (cache miss)
898 silly packumentCache full:https://registry.npmjs.org/array.prototype.findlastindex set size:undefined disposed:false
899 silly fetch manifest eslint-module-utils@^2.12.1
900 silly packumentCache full:https://registry.npmjs.org/eslint-module-utils cache-miss
901 http fetch GET 200 https://registry.npmjs.org/array-includes 99ms (cache miss)
902 silly packumentCache full:https://registry.npmjs.org/array-includes set size:undefined disposed:false
903 silly fetch manifest hasown@^2.0.2
904 silly packumentCache full:https://registry.npmjs.org/hasown cache-miss
905 http fetch GET 200 https://registry.npmjs.org/@typescript-eslint%2fscope-manager 685ms (cache miss)
906 silly packumentCache full:https://registry.npmjs.org/@typescript-eslint%2fscope-manager set size:undefined disposed:false
907 silly fetch manifest object.fromentries@^2.0.8
908 silly packumentCache full:https://registry.npmjs.org/object.fromentries cache-miss
909 http cache https://registry.npmjs.org/doctrine 36ms (cache hit)
910 silly packumentCache full:https://registry.npmjs.org/doctrine set size:64052 disposed:false
911 silly fetch manifest object.groupby@^1.0.3
912 silly packumentCache full:https://registry.npmjs.org/object.groupby cache-miss
913 http fetch GET 200 https://registry.npmjs.org/@typescript-eslint%2ftypescript-estree 428ms (cache miss)
914 silly packumentCache full:https://registry.npmjs.org/@typescript-eslint%2ftypescript-estree set size:undefined disposed:false
915 silly fetch manifest object.values@^1.2.1
916 silly packumentCache full:https://registry.npmjs.org/object.values cache-miss
917 http fetch GET 200 https://registry.npmjs.org/hasown 87ms (cache miss)
918 silly packumentCache full:https://registry.npmjs.org/hasown set size:undefined disposed:false
919 silly fetch manifest semver@^6.3.1
920 silly packumentCache full:https://registry.npmjs.org/semver cache-miss
921 http fetch GET 200 https://registry.npmjs.org/array.prototype.flatmap 92ms (cache miss)
922 silly packumentCache full:https://registry.npmjs.org/array.prototype.flatmap set size:undefined disposed:false
923 silly fetch manifest string.prototype.trimend@^1.0.9
924 silly packumentCache full:https://registry.npmjs.org/string.prototype.trimend cache-miss
925 http fetch GET 200 https://registry.npmjs.org/array.prototype.flat 146ms (cache miss)
926 silly packumentCache full:https://registry.npmjs.org/array.prototype.flat set size:undefined disposed:false
927 silly fetch manifest tsconfig-paths@^3.15.0
928 silly packumentCache full:https://registry.npmjs.org/tsconfig-paths cache-miss
929 http fetch GET 200 https://registry.npmjs.org/eslint-module-utils 92ms (cache miss)
930 silly packumentCache full:https://registry.npmjs.org/eslint-module-utils set size:undefined disposed:false
931 silly fetch manifest aria-query@^5.3.2
932 silly packumentCache full:https://registry.npmjs.org/aria-query cache-miss
933 http fetch GET 200 https://registry.npmjs.org/object.fromentries 72ms (cache miss)
934 silly packumentCache full:https://registry.npmjs.org/object.fromentries set size:undefined disposed:false
935 silly fetch manifest array-includes@^3.1.8
936 silly packumentCache full:https://registry.npmjs.org/array-includes cache-miss
937 http cache https://registry.npmjs.org/array-includes 1ms (cache hit)
938 silly packumentCache full:https://registry.npmjs.org/array-includes set size:77143 disposed:false
939 silly fetch manifest array.prototype.flatmap@^1.3.2
940 silly packumentCache full:https://registry.npmjs.org/array.prototype.flatmap cache-miss
941 http cache https://registry.npmjs.org/array.prototype.flatmap 1ms (cache hit)
942 silly packumentCache full:https://registry.npmjs.org/array.prototype.flatmap set size:51458 disposed:false
943 silly fetch manifest ast-types-flow@^0.0.8
944 silly packumentCache full:https://registry.npmjs.org/ast-types-flow cache-miss
945 http fetch GET 200 https://registry.npmjs.org/object.groupby 122ms (cache miss)
946 silly packumentCache full:https://registry.npmjs.org/object.groupby set size:undefined disposed:false
947 silly fetch manifest axe-core@^4.10.0
948 silly packumentCache full:https://registry.npmjs.org/axe-core cache-miss
949 http fetch GET 200 https://registry.npmjs.org/semver 75ms (cache miss)
950 silly packumentCache full:https://registry.npmjs.org/semver set size:undefined disposed:false
951 silly fetch manifest axobject-query@^4.1.0
952 silly packumentCache full:https://registry.npmjs.org/axobject-query cache-miss
953 http fetch GET 200 https://registry.npmjs.org/string.prototype.trimend 77ms (cache miss)
954 silly packumentCache full:https://registry.npmjs.org/string.prototype.trimend set size:undefined disposed:false
955 silly fetch manifest damerau-levenshtein@^1.0.8
956 silly packumentCache full:https://registry.npmjs.org/damerau-levenshtein cache-miss
957 http fetch GET 200 https://registry.npmjs.org/tsconfig-paths 78ms (cache miss)
958 silly packumentCache full:https://registry.npmjs.org/tsconfig-paths set size:undefined disposed:false
959 silly fetch manifest emoji-regex@^9.2.2
960 silly packumentCache full:https://registry.npmjs.org/emoji-regex cache-miss
961 http fetch GET 200 https://registry.npmjs.org/object.values 94ms (cache miss)
962 silly packumentCache full:https://registry.npmjs.org/object.values set size:undefined disposed:false
963 silly fetch manifest jsx-ast-utils@^3.3.5
964 silly packumentCache full:https://registry.npmjs.org/jsx-ast-utils cache-miss
965 http fetch GET 200 https://registry.npmjs.org/aria-query 81ms (cache miss)
966 silly packumentCache full:https://registry.npmjs.org/aria-query set size:undefined disposed:false
967 silly fetch manifest language-tags@^1.0.9
968 silly packumentCache full:https://registry.npmjs.org/language-tags cache-miss
969 http fetch GET 200 https://registry.npmjs.org/ast-types-flow 103ms (cache miss)
970 silly packumentCache full:https://registry.npmjs.org/ast-types-flow set size:undefined disposed:false
971 silly fetch manifest safe-regex-test@^1.0.3
972 silly packumentCache full:https://registry.npmjs.org/safe-regex-test cache-miss
973 http fetch GET 200 https://registry.npmjs.org/axobject-query 72ms (cache miss)
974 silly packumentCache full:https://registry.npmjs.org/axobject-query set size:undefined disposed:false
975 silly fetch manifest string.prototype.includes@^2.0.1
976 silly packumentCache full:https://registry.npmjs.org/string.prototype.includes cache-miss
977 http fetch GET 200 https://registry.npmjs.org/damerau-levenshtein 72ms (cache miss)
978 silly packumentCache full:https://registry.npmjs.org/damerau-levenshtein set size:undefined disposed:false
979 silly fetch manifest array.prototype.findlast@^1.2.5
980 silly packumentCache full:https://registry.npmjs.org/array.prototype.findlast cache-miss
981 http fetch GET 200 https://registry.npmjs.org/emoji-regex 72ms (cache miss)
982 silly packumentCache full:https://registry.npmjs.org/emoji-regex set size:undefined disposed:false
983 silly fetch manifest array.prototype.tosorted@^1.1.4
984 silly packumentCache full:https://registry.npmjs.org/array.prototype.tosorted cache-miss
985 http fetch GET 200 https://registry.npmjs.org/language-tags 73ms (cache miss)
986 silly packumentCache full:https://registry.npmjs.org/language-tags set size:undefined disposed:false
987 silly fetch manifest es-iterator-helpers@^1.2.1
988 silly packumentCache full:https://registry.npmjs.org/es-iterator-helpers cache-miss
989 http fetch GET 200 https://registry.npmjs.org/safe-regex-test 88ms (cache miss)
990 silly packumentCache full:https://registry.npmjs.org/safe-regex-test set size:undefined disposed:false
991 silly fetch manifest estraverse@^5.3.0
992 silly packumentCache full:https://registry.npmjs.org/estraverse cache-miss
993 http fetch GET 200 https://registry.npmjs.org/jsx-ast-utils 131ms (cache miss)
994 silly packumentCache full:https://registry.npmjs.org/jsx-ast-utils set size:undefined disposed:false
995 silly fetch manifest jsx-ast-utils@^2.4.1 || ^3.0.0
996 silly packumentCache full:https://registry.npmjs.org/jsx-ast-utils cache-miss
997 http cache https://registry.npmjs.org/estraverse 5ms (cache hit)
998 silly packumentCache full:https://registry.npmjs.org/estraverse set size:62412 disposed:false
999 silly fetch manifest object.entries@^1.1.9
1000 silly packumentCache full:https://registry.npmjs.org/object.entries cache-miss
1001 http cache https://registry.npmjs.org/jsx-ast-utils 5ms (cache hit)
1002 silly packumentCache full:https://registry.npmjs.org/jsx-ast-utils set size:115998 disposed:false
1003 silly fetch manifest prop-types@^15.8.1
1004 silly packumentCache full:https://registry.npmjs.org/prop-types cache-miss
1005 http fetch GET 200 https://registry.npmjs.org/array.prototype.tosorted 70ms (cache miss)
1006 silly packumentCache full:https://registry.npmjs.org/array.prototype.tosorted set size:undefined disposed:false
1007 silly fetch manifest resolve@^2.0.0-next.5
1008 silly packumentCache full:https://registry.npmjs.org/resolve cache-hit
1009 silly fetch manifest string.prototype.matchall@^4.0.12
1010 silly packumentCache full:https://registry.npmjs.org/string.prototype.matchall cache-miss
1011 http fetch GET 200 https://registry.npmjs.org/axe-core 192ms (cache miss)
1012 silly packumentCache full:https://registry.npmjs.org/axe-core set size:undefined disposed:false
1013 silly fetch manifest string.prototype.repeat@^1.0.0
1014 silly packumentCache full:https://registry.npmjs.org/string.prototype.repeat cache-miss
1015 http fetch GET 200 https://registry.npmjs.org/es-iterator-helpers 136ms (cache miss)
1016 silly packumentCache full:https://registry.npmjs.org/es-iterator-helpers set size:undefined disposed:false
1017 http fetch GET 200 https://registry.npmjs.org/object.entries 79ms (cache miss)
1018 silly packumentCache full:https://registry.npmjs.org/object.entries set size:undefined disposed:false
1019 http fetch GET 200 https://registry.npmjs.org/prop-types 81ms (cache miss)
1020 silly packumentCache full:https://registry.npmjs.org/prop-types set size:undefined disposed:false
1021 http fetch GET 200 https://registry.npmjs.org/string.prototype.matchall 82ms (cache miss)
1022 silly packumentCache full:https://registry.npmjs.org/string.prototype.matchall set size:undefined disposed:false
1023 http fetch GET 200 https://registry.npmjs.org/string.prototype.repeat 92ms (cache miss)
1024 silly packumentCache full:https://registry.npmjs.org/string.prototype.repeat set size:undefined disposed:false
1025 http fetch GET 200 https://registry.npmjs.org/string.prototype.includes 230ms (cache miss)
1026 silly packumentCache full:https://registry.npmjs.org/string.prototype.includes set size:undefined disposed:false
1027 http fetch GET 200 https://registry.npmjs.org/array.prototype.findlast 247ms (cache miss)
1028 silly packumentCache full:https://registry.npmjs.org/array.prototype.findlast set size:undefined disposed:false
1029 silly placeDep ROOT glob@10.3.10 OK for: @next/eslint-plugin-next@14.2.29 want: 10.3.10
1030 silly fetch manifest minipass@^5.0.0 || ^6.0.2 || ^7.0.0
1031 silly packumentCache full:https://registry.npmjs.org/minipass cache-miss
1032 silly fetch manifest jackspeak@^2.3.5
1033 silly packumentCache full:https://registry.npmjs.org/jackspeak cache-miss
1034 silly fetch manifest minimatch@^9.0.1
1035 silly packumentCache full:https://registry.npmjs.org/minimatch cache-hit
1036 silly fetch manifest path-scurry@^1.10.1
1037 silly packumentCache full:https://registry.npmjs.org/path-scurry cache-miss
1038 silly fetch manifest foreground-child@^3.1.0
1039 silly packumentCache full:https://registry.npmjs.org/foreground-child cache-miss
1040 http fetch GET 200 https://registry.npmjs.org/foreground-child 115ms (cache miss)
1041 silly packumentCache full:https://registry.npmjs.org/foreground-child set size:undefined disposed:false
1042 http fetch GET 200 https://registry.npmjs.org/path-scurry 116ms (cache miss)
1043 silly packumentCache full:https://registry.npmjs.org/path-scurry set size:undefined disposed:false
1044 http fetch GET 200 https://registry.npmjs.org/jackspeak 119ms (cache miss)
1045 silly packumentCache full:https://registry.npmjs.org/jackspeak set size:undefined disposed:false
1046 http fetch GET 200 https://registry.npmjs.org/minipass 120ms (cache miss)
1047 silly packumentCache full:https://registry.npmjs.org/minipass set size:undefined disposed:false
1048 silly placeDep ROOT @typescript-eslint/scope-manager@8.60.1 OK for: @typescript-eslint/eslint-plugin@8.60.1 want: 8.60.1
1049 silly placeDep ROOT @typescript-eslint/type-utils@8.60.1 OK for: @typescript-eslint/eslint-plugin@8.60.1 want: 8.60.1
1050 silly placeDep ROOT @typescript-eslint/utils@8.60.1 OK for: @typescript-eslint/eslint-plugin@8.60.1 want: 8.60.1
1051 silly placeDep ROOT @typescript-eslint/visitor-keys@8.60.1 OK for: @typescript-eslint/eslint-plugin@8.60.1 want: 8.60.1
1052 silly placeDep node_modules/@typescript-eslint/eslint-plugin ignore@7.0.5 OK for: @typescript-eslint/eslint-plugin@8.60.1 want: ^7.0.5
1053 silly placeDep ROOT ts-api-utils@2.5.0 OK for: @typescript-eslint/eslint-plugin@8.60.1 want: ^2.5.0
1054 silly fetch manifest eslint-visitor-keys@^5.0.0
1055 silly packumentCache full:https://registry.npmjs.org/eslint-visitor-keys cache-miss
1056 http cache https://registry.npmjs.org/eslint-visitor-keys 2ms (cache hit)
1057 silly packumentCache full:https://registry.npmjs.org/eslint-visitor-keys set size:69949 disposed:false
1058 silly placeDep ROOT @typescript-eslint/types@8.60.1 OK for: @typescript-eslint/parser@8.60.1 want: 8.60.1
1059 silly placeDep ROOT @typescript-eslint/typescript-estree@8.60.1 OK for: @typescript-eslint/parser@8.60.1 want: 8.60.1
1060 silly fetch manifest semver@^7.7.3
1061 silly packumentCache full:https://registry.npmjs.org/semver cache-miss
1062 silly fetch manifest minimatch@^10.2.2
1063 silly packumentCache full:https://registry.npmjs.org/minimatch cache-hit
1064 silly fetch manifest tinyglobby@^0.2.15
1065 silly packumentCache full:https://registry.npmjs.org/tinyglobby cache-miss
1066 silly fetch manifest @typescript-eslint/tsconfig-utils@8.60.1
1067 silly packumentCache full:https://registry.npmjs.org/@typescript-eslint%2ftsconfig-utils cache-miss
1068 silly fetch manifest @typescript-eslint/project-service@8.60.1
1069 silly packumentCache full:https://registry.npmjs.org/@typescript-eslint%2fproject-service cache-miss
1070 http cache https://registry.npmjs.org/tinyglobby 3ms (cache hit)
1071 silly packumentCache full:https://registry.npmjs.org/tinyglobby set size:54291 disposed:false
1072 http cache https://registry.npmjs.org/semver 4ms (cache hit)
1073 silly packumentCache full:https://registry.npmjs.org/semver set size:235672 disposed:false
1074 http fetch GET 200 https://registry.npmjs.org/@typescript-eslint%2fproject-service 92ms (cache miss)
1075 silly packumentCache full:https://registry.npmjs.org/@typescript-eslint%2fproject-service set size:undefined disposed:false
1076 http fetch GET 200 https://registry.npmjs.org/@typescript-eslint%2ftsconfig-utils 110ms (cache miss)
1077 silly packumentCache full:https://registry.npmjs.org/@typescript-eslint%2ftsconfig-utils set size:undefined disposed:false
1078 silly placeDep ROOT @typescript-eslint/project-service@8.60.1 OK for: @typescript-eslint/typescript-estree@8.60.1 want: 8.60.1
1079 silly placeDep ROOT @typescript-eslint/tsconfig-utils@8.60.1 OK for: @typescript-eslint/typescript-estree@8.60.1 want: 8.60.1
1080 silly placeDep node_modules/@typescript-eslint/typescript-estree minimatch@10.2.5 OK for: @typescript-eslint/typescript-estree@8.60.1 want: ^10.2.2
1081 silly placeDep ROOT semver@7.8.1 OK for: @typescript-eslint/typescript-estree@8.60.1 want: ^7.7.3
1082 silly placeDep ROOT tinyglobby@0.2.17 OK for: @typescript-eslint/typescript-estree@8.60.1 want: ^0.2.15
1083 silly fetch manifest @typescript-eslint/tsconfig-utils@^8.60.1
1084 silly packumentCache full:https://registry.npmjs.org/@typescript-eslint%2ftsconfig-utils cache-miss
1085 silly fetch manifest brace-expansion@^5.0.5
1086 silly packumentCache full:https://registry.npmjs.org/brace-expansion cache-miss
1087 silly fetch manifest fdir@^6.5.0
1088 silly packumentCache full:https://registry.npmjs.org/fdir cache-miss
1089 silly fetch manifest picomatch@^4.0.4
1090 silly packumentCache full:https://registry.npmjs.org/picomatch cache-miss
1091 http cache https://registry.npmjs.org/brace-expansion 3ms (cache hit)
1092 silly packumentCache full:https://registry.npmjs.org/brace-expansion set size:72152 disposed:false
1093 http cache https://registry.npmjs.org/@typescript-eslint%2ftsconfig-utils 5ms (cache hit)
1094 silly packumentCache full:https://registry.npmjs.org/@typescript-eslint%2ftsconfig-utils set size:1308444 disposed:false
1095 http fetch GET 200 https://registry.npmjs.org/fdir 101ms (cache miss)
1096 silly packumentCache full:https://registry.npmjs.org/fdir set size:undefined disposed:false
1097 http fetch GET 200 https://registry.npmjs.org/picomatch 102ms (cache miss)
1098 silly packumentCache full:https://registry.npmjs.org/picomatch set size:undefined disposed:false
1099 silly placeDep node_modules/@typescript-eslint/visitor-keys eslint-visitor-keys@5.0.1 OK for: @typescript-eslint/visitor-keys@8.60.1 want: ^5.0.0
1100 silly placeDep node_modules/eslint-import-resolver-node debug@3.2.7 OK for: eslint-import-resolver-node@0.3.10 want: ^3.2.7
1101 silly placeDep ROOT is-core-module@2.16.2 OK for: eslint-import-resolver-node@0.3.10 want: ^2.16.1
1102 silly placeDep ROOT resolve@2.0.0-next.7 OK for: eslint-import-resolver-node@0.3.10 want: ^2.0.0-next.6
1103 silly fetch manifest hasown@^2.0.3
1104 silly packumentCache full:https://registry.npmjs.org/hasown cache-miss
1105 silly fetch manifest es-errors@^1.3.0
1106 silly packumentCache full:https://registry.npmjs.org/es-errors cache-miss
1107 silly fetch manifest node-exports-info@^1.6.0
1108 silly packumentCache full:https://registry.npmjs.org/node-exports-info cache-miss
1109 silly fetch manifest object-keys@^1.1.1
1110 silly packumentCache full:https://registry.npmjs.org/object-keys cache-miss
1111 silly fetch manifest path-parse@^1.0.7
1112 silly packumentCache full:https://registry.npmjs.org/path-parse cache-miss
1113 silly fetch manifest supports-preserve-symlinks-flag@^1.0.0
1114 silly packumentCache full:https://registry.npmjs.org/supports-preserve-symlinks-flag cache-miss
1115 http cache https://registry.npmjs.org/hasown 4ms (cache hit)
1116 silly packumentCache full:https://registry.npmjs.org/hasown set size:18361 disposed:false
1117 http fetch GET 200 https://registry.npmjs.org/path-parse 77ms (cache miss)
1118 silly packumentCache full:https://registry.npmjs.org/path-parse set size:undefined disposed:false
1119 http fetch GET 200 https://registry.npmjs.org/es-errors 77ms (cache miss)
1120 silly packumentCache full:https://registry.npmjs.org/es-errors set size:undefined disposed:false
1121 http fetch GET 200 https://registry.npmjs.org/node-exports-info 78ms (cache miss)
1122 silly packumentCache full:https://registry.npmjs.org/node-exports-info set size:undefined disposed:false
1123 http fetch GET 200 https://registry.npmjs.org/supports-preserve-symlinks-flag 85ms (cache miss)
1124 silly packumentCache full:https://registry.npmjs.org/supports-preserve-symlinks-flag set size:undefined disposed:false
1125 http fetch GET 200 https://registry.npmjs.org/object-keys 86ms (cache miss)
1126 silly packumentCache full:https://registry.npmjs.org/object-keys set size:undefined disposed:false
1127 silly placeDep ROOT @nolyfill/is-core-module@1.0.39 OK for: eslint-import-resolver-typescript@3.10.1 want: 1.0.39
1128 silly placeDep ROOT get-tsconfig@4.14.0 OK for: eslint-import-resolver-typescript@3.10.1 want: ^4.10.0
1129 silly placeDep ROOT is-bun-module@2.0.0 OK for: eslint-import-resolver-typescript@3.10.1 want: ^2.0.0
1130 silly placeDep ROOT stable-hash@0.0.5 OK for: eslint-import-resolver-typescript@3.10.1 want: ^0.0.5
1131 silly placeDep ROOT unrs-resolver@1.12.2 OK for: eslint-import-resolver-typescript@3.10.1 want: ^1.6.2
1132 silly fetch manifest resolve-pkg-maps@^1.0.0
1133 silly packumentCache full:https://registry.npmjs.org/resolve-pkg-maps cache-miss
1134 silly fetch manifest napi-postinstall@^0.3.4
1135 silly packumentCache full:https://registry.npmjs.org/napi-postinstall cache-miss
1136 silly fetch manifest @unrs/resolver-binding-darwin-arm64@1.12.2
1137 silly packumentCache full:https://registry.npmjs.org/@unrs%2fresolver-binding-darwin-arm64 cache-miss
1138 silly fetch manifest @unrs/resolver-binding-android-arm64@1.12.2
1139 silly packumentCache full:https://registry.npmjs.org/@unrs%2fresolver-binding-android-arm64 cache-miss
1140 silly fetch manifest @unrs/resolver-binding-win32-arm64-msvc@1.12.2
1141 silly packumentCache full:https://registry.npmjs.org/@unrs%2fresolver-binding-win32-arm64-msvc cache-miss
1142 silly fetch manifest @unrs/resolver-binding-linux-arm64-gnu@1.12.2
1143 silly packumentCache full:https://registry.npmjs.org/@unrs%2fresolver-binding-linux-arm64-gnu cache-miss
1144 silly fetch manifest @unrs/resolver-binding-linux-arm64-musl@1.12.2
1145 silly packumentCache full:https://registry.npmjs.org/@unrs%2fresolver-binding-linux-arm64-musl cache-miss
1146 http fetch GET 200 https://registry.npmjs.org/resolve-pkg-maps 72ms (cache miss)
1147 silly packumentCache full:https://registry.npmjs.org/resolve-pkg-maps set size:undefined disposed:false
1148 silly fetch manifest @unrs/resolver-binding-openharmony-arm64@1.12.2
1149 silly packumentCache full:https://registry.npmjs.org/@unrs%2fresolver-binding-openharmony-arm64 cache-miss
1150 http fetch GET 200 https://registry.npmjs.org/napi-postinstall 78ms (cache miss)
1151 silly packumentCache full:https://registry.npmjs.org/napi-postinstall set size:undefined disposed:false
1152 silly fetch manifest @unrs/resolver-binding-android-arm-eabi@1.12.2
1153 silly packumentCache full:https://registry.npmjs.org/@unrs%2fresolver-binding-android-arm-eabi cache-miss
1154 http fetch GET 200 https://registry.npmjs.org/@unrs%2fresolver-binding-darwin-arm64 84ms (cache miss)
1155 silly packumentCache full:https://registry.npmjs.org/@unrs%2fresolver-binding-darwin-arm64 set size:undefined disposed:false
1156 silly fetch manifest @unrs/resolver-binding-linux-arm-gnueabihf@1.12.2
1157 silly packumentCache full:https://registry.npmjs.org/@unrs%2fresolver-binding-linux-arm-gnueabihf cache-miss
1158 http fetch GET 200 https://registry.npmjs.org/@unrs%2fresolver-binding-win32-arm64-msvc 90ms (cache miss)
1159 silly packumentCache full:https://registry.npmjs.org/@unrs%2fresolver-binding-win32-arm64-msvc set size:undefined disposed:false
1160 silly fetch manifest @unrs/resolver-binding-linux-arm-musleabihf@1.12.2
1161 silly packumentCache full:https://registry.npmjs.org/@unrs%2fresolver-binding-linux-arm-musleabihf cache-miss
1162 http fetch GET 200 https://registry.npmjs.org/@unrs%2fresolver-binding-android-arm64 93ms (cache miss)
1163 silly packumentCache full:https://registry.npmjs.org/@unrs%2fresolver-binding-android-arm64 set size:undefined disposed:false
1164 silly fetch manifest @unrs/resolver-binding-win32-ia32-msvc@1.12.2
1165 silly packumentCache full:https://registry.npmjs.org/@unrs%2fresolver-binding-win32-ia32-msvc cache-miss
1166 http fetch GET 200 https://registry.npmjs.org/@unrs%2fresolver-binding-linux-arm64-gnu 97ms (cache miss)
1167 silly packumentCache full:https://registry.npmjs.org/@unrs%2fresolver-binding-linux-arm64-gnu set size:undefined disposed:false
1168 silly fetch manifest @unrs/resolver-binding-linux-loong64-gnu@1.12.2
1169 silly packumentCache full:https://registry.npmjs.org/@unrs%2fresolver-binding-linux-loong64-gnu cache-miss
1170 http fetch GET 200 https://registry.npmjs.org/@unrs%2fresolver-binding-openharmony-arm64 82ms (cache miss)
1171 silly packumentCache full:https://registry.npmjs.org/@unrs%2fresolver-binding-openharmony-arm64 set size:undefined disposed:false
1172 silly fetch manifest @unrs/resolver-binding-linux-loong64-musl@1.12.2
1173 silly packumentCache full:https://registry.npmjs.org/@unrs%2fresolver-binding-linux-loong64-musl cache-miss
1174 http fetch GET 200 https://registry.npmjs.org/@unrs%2fresolver-binding-linux-arm64-musl 155ms (cache miss)
1175 silly packumentCache full:https://registry.npmjs.org/@unrs%2fresolver-binding-linux-arm64-musl set size:undefined disposed:false
1176 silly fetch manifest @unrs/resolver-binding-linux-ppc64-gnu@1.12.2
1177 silly packumentCache full:https://registry.npmjs.org/@unrs%2fresolver-binding-linux-ppc64-gnu cache-miss
1178 http fetch GET 200 https://registry.npmjs.org/@unrs%2fresolver-binding-linux-arm-gnueabihf 80ms (cache miss)
1179 silly packumentCache full:https://registry.npmjs.org/@unrs%2fresolver-binding-linux-arm-gnueabihf set size:undefined disposed:false
1180 silly fetch manifest @unrs/resolver-binding-linux-riscv64-gnu@1.12.2
1181 silly packumentCache full:https://registry.npmjs.org/@unrs%2fresolver-binding-linux-riscv64-gnu cache-miss
1182 http fetch GET 200 https://registry.npmjs.org/@unrs%2fresolver-binding-android-arm-eabi 102ms (cache miss)
1183 silly packumentCache full:https://registry.npmjs.org/@unrs%2fresolver-binding-android-arm-eabi set size:undefined disposed:false
1184 silly fetch manifest @unrs/resolver-binding-linux-riscv64-musl@1.12.2
1185 silly packumentCache full:https://registry.npmjs.org/@unrs%2fresolver-binding-linux-riscv64-musl cache-miss
1186 http fetch GET 200 https://registry.npmjs.org/@unrs%2fresolver-binding-win32-ia32-msvc 137ms (cache miss)
1187 silly packumentCache full:https://registry.npmjs.org/@unrs%2fresolver-binding-win32-ia32-msvc set size:undefined disposed:false
1188 silly fetch manifest @unrs/resolver-binding-linux-s390x-gnu@1.12.2
1189 silly packumentCache full:https://registry.npmjs.org/@unrs%2fresolver-binding-linux-s390x-gnu cache-miss
1190 http fetch GET 200 https://registry.npmjs.org/@unrs%2fresolver-binding-linux-loong64-gnu 137ms (cache miss)
1191 silly packumentCache full:https://registry.npmjs.org/@unrs%2fresolver-binding-linux-loong64-gnu set size:undefined disposed:false
1192 silly fetch manifest @unrs/resolver-binding-wasm32-wasi@1.12.2
1193 silly packumentCache full:https://registry.npmjs.org/@unrs%2fresolver-binding-wasm32-wasi cache-miss
1194 http fetch GET 200 https://registry.npmjs.org/@unrs%2fresolver-binding-linux-arm-musleabihf 147ms (cache miss)
1195 silly packumentCache full:https://registry.npmjs.org/@unrs%2fresolver-binding-linux-arm-musleabihf set size:undefined disposed:false
1196 silly fetch manifest @unrs/resolver-binding-darwin-x64@1.12.2
1197 silly packumentCache full:https://registry.npmjs.org/@unrs%2fresolver-binding-darwin-x64 cache-miss
1198 http fetch GET 200 https://registry.npmjs.org/@unrs%2fresolver-binding-linux-riscv64-gnu 128ms (cache miss)
1199 silly packumentCache full:https://registry.npmjs.org/@unrs%2fresolver-binding-linux-riscv64-gnu set size:undefined disposed:false
1200 silly fetch manifest @unrs/resolver-binding-win32-x64-msvc@1.12.2
1201 silly packumentCache full:https://registry.npmjs.org/@unrs%2fresolver-binding-win32-x64-msvc cache-miss
1202 http fetch GET 200 https://registry.npmjs.org/@unrs%2fresolver-binding-linux-ppc64-gnu 138ms (cache miss)
1203 silly packumentCache full:https://registry.npmjs.org/@unrs%2fresolver-binding-linux-ppc64-gnu set size:undefined disposed:false
1204 silly fetch manifest @unrs/resolver-binding-freebsd-x64@1.12.2
1205 silly packumentCache full:https://registry.npmjs.org/@unrs%2fresolver-binding-freebsd-x64 cache-miss
1206 http fetch GET 200 https://registry.npmjs.org/@unrs%2fresolver-binding-linux-riscv64-musl 115ms (cache miss)
1207 silly packumentCache full:https://registry.npmjs.org/@unrs%2fresolver-binding-linux-riscv64-musl set size:undefined disposed:false
1208 silly fetch manifest @unrs/resolver-binding-linux-x64-gnu@1.12.2
1209 silly packumentCache full:https://registry.npmjs.org/@unrs%2fresolver-binding-linux-x64-gnu cache-miss
1210 http fetch GET 200 https://registry.npmjs.org/@unrs%2fresolver-binding-linux-loong64-musl 144ms (cache miss)
1211 silly packumentCache full:https://registry.npmjs.org/@unrs%2fresolver-binding-linux-loong64-musl set size:undefined disposed:false
1212 silly fetch manifest @unrs/resolver-binding-linux-x64-musl@1.12.2
1213 silly packumentCache full:https://registry.npmjs.org/@unrs%2fresolver-binding-linux-x64-musl cache-miss
1214 http fetch GET 200 https://registry.npmjs.org/@unrs%2fresolver-binding-darwin-x64 107ms (cache miss)
1215 silly packumentCache full:https://registry.npmjs.org/@unrs%2fresolver-binding-darwin-x64 set size:undefined disposed:false
1216 http fetch GET 200 https://registry.npmjs.org/@unrs%2fresolver-binding-win32-x64-msvc 85ms (cache miss)
1217 silly packumentCache full:https://registry.npmjs.org/@unrs%2fresolver-binding-win32-x64-msvc set size:undefined disposed:false
1218 http fetch GET 200 https://registry.npmjs.org/@unrs%2fresolver-binding-linux-x64-gnu 90ms (cache miss)
1219 silly packumentCache full:https://registry.npmjs.org/@unrs%2fresolver-binding-linux-x64-gnu set size:undefined disposed:false
1220 http fetch GET 200 https://registry.npmjs.org/@unrs%2fresolver-binding-linux-x64-musl 98ms (cache miss)
1221 silly packumentCache full:https://registry.npmjs.org/@unrs%2fresolver-binding-linux-x64-musl set size:undefined disposed:false
1222 http fetch GET 200 https://registry.npmjs.org/@unrs%2fresolver-binding-wasm32-wasi 261ms (cache miss)
1223 silly packumentCache full:https://registry.npmjs.org/@unrs%2fresolver-binding-wasm32-wasi set size:undefined disposed:false
1224 http fetch GET 200 https://registry.npmjs.org/@unrs%2fresolver-binding-freebsd-x64 277ms (cache miss)
1225 silly packumentCache full:https://registry.npmjs.org/@unrs%2fresolver-binding-freebsd-x64 set size:undefined disposed:false
1226 http fetch GET 200 https://registry.npmjs.org/@unrs%2fresolver-binding-linux-s390x-gnu 430ms (cache miss)
1227 silly packumentCache full:https://registry.npmjs.org/@unrs%2fresolver-binding-linux-s390x-gnu set size:undefined disposed:false
1228 silly placeDep ROOT @rtsao/scc@1.1.0 OK for: eslint-plugin-import@2.32.0 want: ^1.1.0
1229 silly placeDep ROOT array-includes@3.1.9 OK for: eslint-plugin-import@2.32.0 want: ^3.1.9
1230 silly placeDep ROOT array.prototype.findlastindex@1.2.6 OK for: eslint-plugin-import@2.32.0 want: ^1.2.6
1231 silly placeDep ROOT array.prototype.flat@1.3.3 OK for: eslint-plugin-import@2.32.0 want: ^1.3.3
1232 silly placeDep ROOT array.prototype.flatmap@1.3.3 OK for: eslint-plugin-import@2.32.0 want: ^1.3.3
1233 silly placeDep node_modules/eslint-plugin-import debug@3.2.7 OK for: eslint-plugin-import@2.32.0 want: ^3.2.7
1234 silly placeDep node_modules/eslint-plugin-import doctrine@2.1.0 OK for: eslint-plugin-import@2.32.0 want: ^2.1.0
1235 silly placeDep ROOT eslint-module-utils@2.13.0 OK for: eslint-plugin-import@2.32.0 want: ^2.12.1
1236 silly placeDep ROOT hasown@2.0.4 OK for: eslint-plugin-import@2.32.0 want: ^2.0.2
1237 silly placeDep ROOT object.fromentries@2.0.8 OK for: eslint-plugin-import@2.32.0 want: ^2.0.8
1238 silly placeDep ROOT object.groupby@1.0.3 OK for: eslint-plugin-import@2.32.0 want: ^1.0.3
1239 silly placeDep ROOT object.values@1.2.1 OK for: eslint-plugin-import@2.32.0 want: ^1.2.1
1240 silly placeDep node_modules/eslint-plugin-import semver@6.3.1 OK for: eslint-plugin-import@2.32.0 want: ^6.3.1
1241 silly placeDep ROOT string.prototype.trimend@1.0.9 OK for: eslint-plugin-import@2.32.0 want: ^1.0.9
1242 silly placeDep ROOT tsconfig-paths@3.15.0 OK for: eslint-plugin-import@2.32.0 want: ^3.15.0
1243 silly fetch manifest call-bind@^1.0.8
1244 silly packumentCache full:https://registry.npmjs.org/call-bind cache-miss
1245 silly fetch manifest call-bound@^1.0.4
1246 silly packumentCache full:https://registry.npmjs.org/call-bound cache-miss
1247 silly fetch manifest define-properties@^1.2.1
1248 silly packumentCache full:https://registry.npmjs.org/define-properties cache-miss
1249 silly fetch manifest es-abstract@^1.24.0
1250 silly packumentCache full:https://registry.npmjs.org/es-abstract cache-miss
1251 silly fetch manifest es-object-atoms@^1.1.1
1252 silly packumentCache full:https://registry.npmjs.org/es-object-atoms cache-miss
1253 silly fetch manifest get-intrinsic@^1.3.0
1254 silly packumentCache full:https://registry.npmjs.org/get-intrinsic cache-miss
1255 silly fetch manifest is-string@^1.1.1
1256 silly packumentCache full:https://registry.npmjs.org/is-string cache-miss
1257 http fetch GET 200 https://registry.npmjs.org/call-bound 127ms (cache miss)
1258 silly packumentCache full:https://registry.npmjs.org/call-bound set size:undefined disposed:false
1259 silly fetch manifest math-intrinsics@^1.1.0
1260 silly packumentCache full:https://registry.npmjs.org/math-intrinsics cache-miss
1261 http fetch GET 200 https://registry.npmjs.org/is-string 129ms (cache miss)
1262 silly packumentCache full:https://registry.npmjs.org/is-string set size:undefined disposed:false
1263 silly fetch manifest call-bind@^1.0.8
1264 silly packumentCache full:https://registry.npmjs.org/call-bind cache-miss
1265 http fetch GET 200 https://registry.npmjs.org/call-bind 131ms (cache miss)
1266 silly packumentCache full:https://registry.npmjs.org/call-bind set size:undefined disposed:false
1267 silly fetch manifest define-properties@^1.2.1
1268 silly packumentCache full:https://registry.npmjs.org/define-properties cache-miss
1269 http cache https://registry.npmjs.org/call-bind 8ms (cache hit)
1270 silly packumentCache full:https://registry.npmjs.org/call-bind set size:32985 disposed:false
1271 silly fetch manifest es-abstract@^1.23.9
1272 silly packumentCache full:https://registry.npmjs.org/es-abstract cache-miss
1273 http fetch GET 200 https://registry.npmjs.org/define-properties 141ms (cache miss)
1274 silly packumentCache full:https://registry.npmjs.org/define-properties set size:undefined disposed:false
1275 silly fetch manifest es-object-atoms@^1.1.1
1276 silly packumentCache full:https://registry.npmjs.org/es-object-atoms cache-miss
1277 http fetch GET 200 https://registry.npmjs.org/get-intrinsic 141ms (cache miss)
1278 silly packumentCache full:https://registry.npmjs.org/get-intrinsic set size:undefined disposed:false
1279 silly fetch manifest es-shim-unscopables@^1.1.0
1280 silly packumentCache full:https://registry.npmjs.org/es-shim-unscopables cache-miss
1281 http fetch GET 200 https://registry.npmjs.org/es-object-atoms 143ms (cache miss)
1282 silly packumentCache full:https://registry.npmjs.org/es-object-atoms set size:undefined disposed:false
1283 silly fetch manifest es-abstract@^1.23.5
1284 silly packumentCache full:https://registry.npmjs.org/es-abstract cache-miss
1285 http cache https://registry.npmjs.org/es-object-atoms 3ms (cache hit)
1286 silly packumentCache full:https://registry.npmjs.org/es-object-atoms set size:18278 disposed:false
1287 silly fetch manifest es-shim-unscopables@^1.0.2
1288 silly packumentCache full:https://registry.npmjs.org/es-shim-unscopables cache-miss
1289 http fetch GET 200 https://registry.npmjs.org/es-abstract 146ms (cache miss)
1290 silly packumentCache full:https://registry.npmjs.org/es-abstract set size:undefined disposed:false
1291 silly fetch manifest es-abstract@^1.23.5
1292 silly packumentCache full:https://registry.npmjs.org/es-abstract cache-miss
1293 http cache https://registry.npmjs.org/es-abstract 2ms (cache hit)
1294 silly packumentCache full:https://registry.npmjs.org/es-abstract set size:384124 disposed:false
1295 silly fetch manifest es-shim-unscopables@^1.0.2
1296 silly packumentCache full:https://registry.npmjs.org/es-shim-unscopables cache-miss
1297 http fetch GET 200 https://registry.npmjs.org/math-intrinsics 132ms (cache miss)
1298 silly packumentCache full:https://registry.npmjs.org/math-intrinsics set size:undefined disposed:false
1299 silly fetch manifest function-bind@^1.1.2
1300 silly packumentCache full:https://registry.npmjs.org/function-bind cache-miss
1301 http fetch GET 200 https://registry.npmjs.org/define-properties 130ms (cache miss)
1302 silly packumentCache full:https://registry.npmjs.org/define-properties set size:undefined disposed:false
1303 silly fetch manifest call-bind@^1.0.7
1304 silly packumentCache full:https://registry.npmjs.org/call-bind cache-hit
1305 silly fetch manifest es-abstract@^1.23.2
1306 silly packumentCache full:https://registry.npmjs.org/es-abstract cache-hit
1307 silly fetch manifest es-object-atoms@^1.0.0
1308 silly packumentCache full:https://registry.npmjs.org/es-object-atoms cache-hit
1309 silly fetch manifest call-bound@^1.0.3
1310 silly packumentCache full:https://registry.npmjs.org/call-bound cache-miss
1311 http fetch GET 200 https://registry.npmjs.org/es-shim-unscopables 120ms (cache miss)
1312 silly packumentCache full:https://registry.npmjs.org/es-shim-unscopables set size:undefined disposed:false
1313 silly fetch manifest call-bound@^1.0.2
1314 silly packumentCache full:https://registry.npmjs.org/call-bound cache-miss
1315 http fetch GET 200 https://registry.npmjs.org/es-shim-unscopables 123ms (cache miss)
1316 silly packumentCache full:https://registry.npmjs.org/es-shim-unscopables set size:undefined disposed:false
1317 silly fetch manifest json5@^1.0.2
1318 silly packumentCache full:https://registry.npmjs.org/json5 cache-miss
1319 http fetch GET 200 https://registry.npmjs.org/es-shim-unscopables 116ms (cache miss)
1320 silly packumentCache full:https://registry.npmjs.org/es-shim-unscopables set size:undefined disposed:false
1321 silly fetch manifest minimist@^1.2.6
1322 silly packumentCache full:https://registry.npmjs.org/minimist cache-miss
1323 http fetch GET 200 https://registry.npmjs.org/es-abstract 129ms (cache miss)
1324 silly packumentCache full:https://registry.npmjs.org/es-abstract set size:undefined disposed:false
1325 silly packumentCache full:https://registry.npmjs.org/es-abstract dispose
1326 silly fetch manifest strip-bom@^3.0.0
1327 silly packumentCache full:https://registry.npmjs.org/strip-bom cache-miss
1328 http cache https://registry.npmjs.org/call-bound 8ms (cache hit)
1329 silly packumentCache full:https://registry.npmjs.org/call-bound set size:15317 disposed:false
1330 silly fetch manifest @types/json5@^0.0.29
1331 silly packumentCache full:https://registry.npmjs.org/@types%2fjson5 cache-miss
1332 http fetch GET 200 https://registry.npmjs.org/es-abstract 130ms (cache miss)
1333 silly packumentCache full:https://registry.npmjs.org/es-abstract set size:undefined disposed:true
1334 http cache https://registry.npmjs.org/call-bound 8ms (cache hit)
1335 silly packumentCache full:https://registry.npmjs.org/call-bound set size:15317 disposed:false
1336 silly packumentCache full:https://registry.npmjs.org/call-bound dispose
1337 http fetch GET 200 https://registry.npmjs.org/function-bind 81ms (cache miss)
1338 silly packumentCache full:https://registry.npmjs.org/function-bind set size:undefined disposed:false
1339 http fetch GET 200 https://registry.npmjs.org/strip-bom 153ms (cache miss)
1340 silly packumentCache full:https://registry.npmjs.org/strip-bom set size:undefined disposed:false
1341 http fetch GET 200 https://registry.npmjs.org/minimist 158ms (cache miss)
1342 silly packumentCache full:https://registry.npmjs.org/minimist set size:undefined disposed:false
1343 http fetch GET 200 https://registry.npmjs.org/@types%2fjson5 155ms (cache miss)
1344 silly packumentCache full:https://registry.npmjs.org/@types%2fjson5 set size:undefined disposed:false
1345 http fetch GET 200 https://registry.npmjs.org/json5 162ms (cache miss)
1346 silly packumentCache full:https://registry.npmjs.org/json5 set size:undefined disposed:false
1347 silly placeDep ROOT call-bind@1.0.9 OK for: array-includes@3.1.9 want: ^1.0.8
1348 silly placeDep ROOT call-bound@1.0.4 OK for: array-includes@3.1.9 want: ^1.0.4
1349 silly placeDep ROOT define-properties@1.2.1 OK for: array-includes@3.1.9 want: ^1.2.1
1350 silly placeDep ROOT es-abstract@1.24.2 OK for: array-includes@3.1.9 want: ^1.24.0
1351 silly placeDep ROOT es-object-atoms@1.1.2 OK for: array-includes@3.1.9 want: ^1.1.1
1352 silly placeDep ROOT get-intrinsic@1.3.0 OK for: array-includes@3.1.9 want: ^1.3.0
1353 silly placeDep ROOT is-string@1.1.1 OK for: array-includes@3.1.9 want: ^1.1.1
1354 silly placeDep ROOT math-intrinsics@1.1.0 OK for: array-includes@3.1.9 want: ^1.1.0
1355 silly fetch manifest call-bind-apply-helpers@^1.0.2
1356 silly packumentCache full:https://registry.npmjs.org/call-bind-apply-helpers cache-miss
1357 silly fetch manifest es-define-property@^1.0.1
1358 silly packumentCache full:https://registry.npmjs.org/es-define-property cache-miss
1359 silly fetch manifest set-function-length@^1.2.2
1360 silly packumentCache full:https://registry.npmjs.org/set-function-length cache-miss
1361 silly fetch manifest call-bind-apply-helpers@^1.0.2
1362 silly packumentCache full:https://registry.npmjs.org/call-bind-apply-helpers cache-miss
1363 silly fetch manifest define-data-property@^1.0.1
1364 silly packumentCache full:https://registry.npmjs.org/define-data-property cache-miss
1365 silly fetch manifest has-property-descriptors@^1.0.0
1366 silly packumentCache full:https://registry.npmjs.org/has-property-descriptors cache-miss
1367 silly fetch manifest array-buffer-byte-length@^1.0.2
1368 silly packumentCache full:https://registry.npmjs.org/array-buffer-byte-length cache-miss
1369 http fetch GET 200 https://registry.npmjs.org/set-function-length 115ms (cache miss)
1370 silly packumentCache full:https://registry.npmjs.org/set-function-length set size:undefined disposed:false
1371 silly fetch manifest arraybuffer.prototype.slice@^1.0.4
1372 silly packumentCache full:https://registry.npmjs.org/arraybuffer.prototype.slice cache-miss
1373 http fetch GET 200 https://registry.npmjs.org/es-define-property 117ms (cache miss)
1374 silly packumentCache full:https://registry.npmjs.org/es-define-property set size:undefined disposed:false
1375 silly fetch manifest available-typed-arrays@^1.0.7
1376 silly packumentCache full:https://registry.npmjs.org/available-typed-arrays cache-miss
1377 http fetch GET 200 https://registry.npmjs.org/has-property-descriptors 117ms (cache miss)
1378 silly packumentCache full:https://registry.npmjs.org/has-property-descriptors set size:undefined disposed:false
1379 silly fetch manifest data-view-buffer@^1.0.2
1380 silly packumentCache full:https://registry.npmjs.org/data-view-buffer cache-miss
1381 http fetch GET 200 https://registry.npmjs.org/call-bind-apply-helpers 120ms (cache miss)
1382 silly packumentCache full:https://registry.npmjs.org/call-bind-apply-helpers set size:undefined disposed:false
1383 silly fetch manifest data-view-byte-length@^1.0.2
1384 silly packumentCache full:https://registry.npmjs.org/data-view-byte-length cache-miss
1385 http fetch GET 200 https://registry.npmjs.org/array-buffer-byte-length 120ms (cache miss)
1386 silly packumentCache full:https://registry.npmjs.org/array-buffer-byte-length set size:undefined disposed:false
1387 silly fetch manifest data-view-byte-offset@^1.0.1
1388 silly packumentCache full:https://registry.npmjs.org/data-view-byte-offset cache-miss
1389 http fetch GET 200 https://registry.npmjs.org/define-data-property 122ms (cache miss)
1390 silly packumentCache full:https://registry.npmjs.org/define-data-property set size:undefined disposed:false
1391 silly fetch manifest es-set-tostringtag@^2.1.0
1392 silly packumentCache full:https://registry.npmjs.org/es-set-tostringtag cache-miss
1393 http fetch GET 200 https://registry.npmjs.org/call-bind-apply-helpers 123ms (cache miss)
1394 silly packumentCache full:https://registry.npmjs.org/call-bind-apply-helpers set size:undefined disposed:false
1395 silly fetch manifest es-to-primitive@^1.3.0
1396 silly packumentCache full:https://registry.npmjs.org/es-to-primitive cache-miss
1397 http fetch GET 200 https://registry.npmjs.org/arraybuffer.prototype.slice 66ms (cache miss)
1398 silly packumentCache full:https://registry.npmjs.org/arraybuffer.prototype.slice set size:undefined disposed:false
1399 silly fetch manifest function.prototype.name@^1.1.8
1400 silly packumentCache full:https://registry.npmjs.org/function.prototype.name cache-miss
1401 http fetch GET 200 https://registry.npmjs.org/data-view-buffer 74ms (cache miss)
1402 silly packumentCache full:https://registry.npmjs.org/data-view-buffer set size:undefined disposed:false
1403 silly fetch manifest get-proto@^1.0.1
1404 silly packumentCache full:https://registry.npmjs.org/get-proto cache-miss
1405 http fetch GET 200 https://registry.npmjs.org/available-typed-arrays 82ms (cache miss)
1406 silly packumentCache full:https://registry.npmjs.org/available-typed-arrays set size:undefined disposed:false
1407 silly fetch manifest get-symbol-description@^1.1.0
1408 silly packumentCache full:https://registry.npmjs.org/get-symbol-description cache-miss
1409 http fetch GET 200 https://registry.npmjs.org/es-set-tostringtag 83ms (cache miss)
1410 silly packumentCache full:https://registry.npmjs.org/es-set-tostringtag set size:undefined disposed:false
1411 silly fetch manifest globalthis@^1.0.4
1412 silly packumentCache full:https://registry.npmjs.org/globalthis cache-miss
1413 http fetch GET 200 https://registry.npmjs.org/es-to-primitive 84ms (cache miss)
1414 silly packumentCache full:https://registry.npmjs.org/es-to-primitive set size:undefined disposed:false
1415 silly fetch manifest gopd@^1.2.0
1416 silly packumentCache full:https://registry.npmjs.org/gopd cache-miss
1417 http fetch GET 200 https://registry.npmjs.org/data-view-byte-offset 150ms (cache miss)
1418 silly packumentCache full:https://registry.npmjs.org/data-view-byte-offset set size:undefined disposed:false
1419 silly fetch manifest has-property-descriptors@^1.0.2
1420 silly packumentCache full:https://registry.npmjs.org/has-property-descriptors cache-miss
1421 http fetch GET 200 https://registry.npmjs.org/get-symbol-description 72ms (cache miss)
1422 silly packumentCache full:https://registry.npmjs.org/get-symbol-description set size:undefined disposed:false
1423 silly fetch manifest has-proto@^1.2.0
1424 silly packumentCache full:https://registry.npmjs.org/has-proto cache-miss
1425 http fetch GET 200 https://registry.npmjs.org/data-view-byte-length 152ms (cache miss)
1426 silly packumentCache full:https://registry.npmjs.org/data-view-byte-length set size:undefined disposed:false
1427 silly fetch manifest has-symbols@^1.1.0
1428 silly packumentCache full:https://registry.npmjs.org/has-symbols cache-miss
1429 http fetch GET 200 https://registry.npmjs.org/get-proto 82ms (cache miss)
1430 silly packumentCache full:https://registry.npmjs.org/get-proto set size:undefined disposed:false
1431 silly fetch manifest internal-slot@^1.1.0
1432 silly packumentCache full:https://registry.npmjs.org/internal-slot cache-miss
1433 http fetch GET 200 https://registry.npmjs.org/function.prototype.name 92ms (cache miss)
1434 silly packumentCache full:https://registry.npmjs.org/function.prototype.name set size:undefined disposed:false
1435 silly fetch manifest is-array-buffer@^3.0.5
1436 silly packumentCache full:https://registry.npmjs.org/is-array-buffer cache-miss
1437 http cache https://registry.npmjs.org/has-property-descriptors 8ms (cache hit)
1438 silly packumentCache full:https://registry.npmjs.org/has-property-descriptors set size:12452 disposed:false
1439 silly fetch manifest is-callable@^1.2.7
1440 silly packumentCache full:https://registry.npmjs.org/is-callable cache-miss
1441 http fetch GET 200 https://registry.npmjs.org/globalthis 135ms (cache miss)
1442 silly packumentCache full:https://registry.npmjs.org/globalthis set size:undefined disposed:false
1443 silly fetch manifest is-data-view@^1.0.2
1444 silly packumentCache full:https://registry.npmjs.org/is-data-view cache-miss
1445 http fetch GET 200 https://registry.npmjs.org/internal-slot 68ms (cache miss)
1446 silly packumentCache full:https://registry.npmjs.org/internal-slot set size:undefined disposed:false
1447 silly fetch manifest is-negative-zero@^2.0.3
1448 silly packumentCache full:https://registry.npmjs.org/is-negative-zero cache-miss
1449 http fetch GET 200 https://registry.npmjs.org/has-symbols 79ms (cache miss)
1450 silly packumentCache full:https://registry.npmjs.org/has-symbols set size:undefined disposed:false
1451 silly fetch manifest is-regex@^1.2.1
1452 silly packumentCache full:https://registry.npmjs.org/is-regex cache-miss
1453 http fetch GET 200 https://registry.npmjs.org/is-array-buffer 78ms (cache miss)
1454 silly packumentCache full:https://registry.npmjs.org/is-array-buffer set size:undefined disposed:false
1455 silly fetch manifest is-set@^2.0.3
1456 silly packumentCache full:https://registry.npmjs.org/is-set cache-miss
1457 http fetch GET 200 https://registry.npmjs.org/is-callable 76ms (cache miss)
1458 silly packumentCache full:https://registry.npmjs.org/is-callable set size:undefined disposed:false
1459 silly fetch manifest is-shared-array-buffer@^1.0.4
1460 silly packumentCache full:https://registry.npmjs.org/is-shared-array-buffer cache-miss
1461 http fetch GET 200 https://registry.npmjs.org/gopd 211ms (cache miss)
1462 silly packumentCache full:https://registry.npmjs.org/gopd set size:undefined disposed:false
1463 silly fetch manifest is-typed-array@^1.1.15
1464 silly packumentCache full:https://registry.npmjs.org/is-typed-array cache-miss
1465 http fetch GET 200 https://registry.npmjs.org/is-data-view 80ms (cache miss)
1466 silly packumentCache full:https://registry.npmjs.org/is-data-view set size:undefined disposed:false
1467 silly fetch manifest is-weakref@^1.1.1
1468 silly packumentCache full:https://registry.npmjs.org/is-weakref cache-miss
1469 http fetch GET 200 https://registry.npmjs.org/is-negative-zero 79ms (cache miss)
1470 silly packumentCache full:https://registry.npmjs.org/is-negative-zero set size:undefined disposed:false
1471 silly fetch manifest object-inspect@^1.13.4
1472 silly packumentCache full:https://registry.npmjs.org/object-inspect cache-miss
1473 http fetch GET 200 https://registry.npmjs.org/has-proto 187ms (cache miss)
1474 silly packumentCache full:https://registry.npmjs.org/has-proto set size:undefined disposed:false
1475 silly fetch manifest object.assign@^4.1.7
1476 silly packumentCache full:https://registry.npmjs.org/object.assign cache-miss
1477 http fetch GET 200 https://registry.npmjs.org/is-set 117ms (cache miss)
1478 silly packumentCache full:https://registry.npmjs.org/is-set set size:undefined disposed:false
1479 silly fetch manifest own-keys@^1.0.1
1480 silly packumentCache full:https://registry.npmjs.org/own-keys cache-miss
1481 http fetch GET 200 https://registry.npmjs.org/is-shared-array-buffer 122ms (cache miss)
1482 silly packumentCache full:https://registry.npmjs.org/is-shared-array-buffer set size:undefined disposed:false
1483 silly fetch manifest regexp.prototype.flags@^1.5.4
1484 silly packumentCache full:https://registry.npmjs.org/regexp.prototype.flags cache-miss
1485 http fetch GET 200 https://registry.npmjs.org/is-regex 130ms (cache miss)
1486 silly packumentCache full:https://registry.npmjs.org/is-regex set size:undefined disposed:false
1487 silly fetch manifest safe-array-concat@^1.1.3
1488 silly packumentCache full:https://registry.npmjs.org/safe-array-concat cache-miss
1489 http fetch GET 200 https://registry.npmjs.org/is-typed-array 82ms (cache miss)
1490 silly packumentCache full:https://registry.npmjs.org/is-typed-array set size:undefined disposed:false
1491 silly fetch manifest safe-push-apply@^1.0.0
1492 silly packumentCache full:https://registry.npmjs.org/safe-push-apply cache-miss
1493 http fetch GET 200 https://registry.npmjs.org/is-weakref 80ms (cache miss)
1494 silly packumentCache full:https://registry.npmjs.org/is-weakref set size:undefined disposed:false
1495 silly fetch manifest safe-regex-test@^1.1.0
1496 silly packumentCache full:https://registry.npmjs.org/safe-regex-test cache-miss
1497 http fetch GET 200 https://registry.npmjs.org/object-inspect 80ms (cache miss)
1498 silly packumentCache full:https://registry.npmjs.org/object-inspect set size:undefined disposed:false
1499 silly fetch manifest set-proto@^1.0.0
1500 silly packumentCache full:https://registry.npmjs.org/set-proto cache-miss
1501 http cache https://registry.npmjs.org/safe-regex-test 5ms (cache hit)
1502 silly packumentCache full:https://registry.npmjs.org/safe-regex-test set size:17412 disposed:false
1503 silly fetch manifest stop-iteration-iterator@^1.1.0
1504 silly packumentCache full:https://registry.npmjs.org/stop-iteration-iterator cache-miss
1505 http fetch GET 200 https://registry.npmjs.org/regexp.prototype.flags 87ms (cache miss)
1506 silly packumentCache full:https://registry.npmjs.org/regexp.prototype.flags set size:undefined disposed:false
1507 silly fetch manifest string.prototype.trim@^1.2.10
1508 silly packumentCache full:https://registry.npmjs.org/string.prototype.trim cache-miss
1509 http fetch GET 200 https://registry.npmjs.org/safe-array-concat 85ms (cache miss)
1510 silly packumentCache full:https://registry.npmjs.org/safe-array-concat set size:undefined disposed:false
1511 silly fetch manifest string.prototype.trimstart@^1.0.8
1512 silly packumentCache full:https://registry.npmjs.org/string.prototype.trimstart cache-miss
1513 http fetch GET 200 https://registry.npmjs.org/own-keys 97ms (cache miss)
1514 silly packumentCache full:https://registry.npmjs.org/own-keys set size:undefined disposed:false
1515 silly fetch manifest typed-array-buffer@^1.0.3
1516 silly packumentCache full:https://registry.npmjs.org/typed-array-buffer cache-miss
1517 http fetch GET 200 https://registry.npmjs.org/object.assign 110ms (cache miss)
1518 silly packumentCache full:https://registry.npmjs.org/object.assign set size:undefined disposed:false
1519 silly fetch manifest typed-array-byte-length@^1.0.3
1520 silly packumentCache full:https://registry.npmjs.org/typed-array-byte-length cache-miss
1521 http fetch GET 200 https://registry.npmjs.org/safe-push-apply 114ms (cache miss)
1522 silly packumentCache full:https://registry.npmjs.org/safe-push-apply set size:undefined disposed:false
1523 silly fetch manifest typed-array-byte-offset@^1.0.4
1524 silly packumentCache full:https://registry.npmjs.org/typed-array-byte-offset cache-miss
1525 http fetch GET 200 https://registry.npmjs.org/set-proto 128ms (cache miss)
1526 silly packumentCache full:https://registry.npmjs.org/set-proto set size:undefined disposed:false
1527 silly fetch manifest typed-array-length@^1.0.7
1528 silly packumentCache full:https://registry.npmjs.org/typed-array-length cache-miss
1529 http fetch GET 200 https://registry.npmjs.org/stop-iteration-iterator 126ms (cache miss)
1530 silly packumentCache full:https://registry.npmjs.org/stop-iteration-iterator set size:undefined disposed:false
1531 silly fetch manifest unbox-primitive@^1.1.0
1532 silly packumentCache full:https://registry.npmjs.org/unbox-primitive cache-miss
1533 http fetch GET 200 https://registry.npmjs.org/string.prototype.trimstart 70ms (cache miss)
1534 silly packumentCache full:https://registry.npmjs.org/string.prototype.trimstart set size:undefined disposed:false
1535 silly fetch manifest which-typed-array@^1.1.19
1536 silly packumentCache full:https://registry.npmjs.org/which-typed-array cache-miss
1537 http fetch GET 200 https://registry.npmjs.org/typed-array-buffer 74ms (cache miss)
1538 silly packumentCache full:https://registry.npmjs.org/typed-array-buffer set size:undefined disposed:false
1539 silly fetch manifest has-tostringtag@^1.0.2
1540 silly packumentCache full:https://registry.npmjs.org/has-tostringtag cache-miss
1541 http fetch GET 200 https://registry.npmjs.org/typed-array-byte-length 77ms (cache miss)
1542 silly packumentCache full:https://registry.npmjs.org/typed-array-byte-length set size:undefined disposed:false
1543 http fetch GET 200 https://registry.npmjs.org/typed-array-byte-offset 63ms (cache miss)
1544 silly packumentCache full:https://registry.npmjs.org/typed-array-byte-offset set size:undefined disposed:false
1545 http fetch GET 200 https://registry.npmjs.org/typed-array-length 72ms (cache miss)
1546 silly packumentCache full:https://registry.npmjs.org/typed-array-length set size:undefined disposed:false
1547 http fetch GET 200 https://registry.npmjs.org/has-tostringtag 68ms (cache miss)
1548 silly packumentCache full:https://registry.npmjs.org/has-tostringtag set size:undefined disposed:false
1549 http fetch GET 200 https://registry.npmjs.org/unbox-primitive 79ms (cache miss)
1550 silly packumentCache full:https://registry.npmjs.org/unbox-primitive set size:undefined disposed:false
1551 http fetch GET 200 https://registry.npmjs.org/which-typed-array 77ms (cache miss)
1552 silly packumentCache full:https://registry.npmjs.org/which-typed-array set size:undefined disposed:false
1553 http fetch GET 200 https://registry.npmjs.org/string.prototype.trim 263ms (cache miss)
1554 silly packumentCache full:https://registry.npmjs.org/string.prototype.trim set size:undefined disposed:false
1555 silly placeDep ROOT es-errors@1.3.0 OK for: array.prototype.findlastindex@1.2.6 want: ^1.3.0
1556 silly placeDep ROOT es-shim-unscopables@1.1.0 OK for: array.prototype.findlastindex@1.2.6 want: ^1.1.0
1557 silly placeDep ROOT call-bind-apply-helpers@1.0.2 OK for: call-bind@1.0.9 want: ^1.0.2
1558 silly placeDep ROOT es-define-property@1.0.1 OK for: call-bind@1.0.9 want: ^1.0.1
1559 silly placeDep ROOT set-function-length@1.2.2 OK for: call-bind@1.0.9 want: ^1.2.2
1560 silly fetch manifest define-data-property@^1.1.4
1561 silly packumentCache full:https://registry.npmjs.org/define-data-property cache-miss
1562 silly fetch manifest gopd@^1.0.1
1563 silly packumentCache full:https://registry.npmjs.org/gopd cache-miss
1564 http cache https://registry.npmjs.org/gopd 4ms (cache hit)
1565 silly packumentCache full:https://registry.npmjs.org/gopd set size:11458 disposed:false
1566 http cache https://registry.npmjs.org/define-data-property 6ms (cache hit)
1567 silly packumentCache full:https://registry.npmjs.org/define-data-property set size:28048 disposed:false
1568 silly placeDep ROOT function-bind@1.1.2 OK for: call-bind-apply-helpers@1.0.2 want: ^1.1.2
1569 silly placeDep ROOT define-data-property@1.1.4 OK for: define-properties@1.2.1 want: ^1.0.1
1570 silly placeDep ROOT has-property-descriptors@1.0.2 OK for: define-properties@1.2.1 want: ^1.0.0
1571 silly placeDep ROOT object-keys@1.1.1 OK for: define-properties@1.2.1 want: ^1.1.1
1572 silly placeDep ROOT gopd@1.2.0 OK for: define-data-property@1.1.4 want: ^1.0.1
1573 silly placeDep ROOT array-buffer-byte-length@1.0.2 OK for: es-abstract@1.24.2 want: ^1.0.2
1574 silly placeDep ROOT arraybuffer.prototype.slice@1.0.4 OK for: es-abstract@1.24.2 want: ^1.0.4
1575 silly placeDep ROOT available-typed-arrays@1.0.7 OK for: es-abstract@1.24.2 want: ^1.0.7
1576 silly placeDep ROOT data-view-buffer@1.0.2 OK for: es-abstract@1.24.2 want: ^1.0.2
1577 silly placeDep ROOT data-view-byte-length@1.0.2 OK for: es-abstract@1.24.2 want: ^1.0.2
1578 silly placeDep ROOT data-view-byte-offset@1.0.1 OK for: es-abstract@1.24.2 want: ^1.0.1
1579 silly placeDep ROOT es-set-tostringtag@2.1.0 OK for: es-abstract@1.24.2 want: ^2.1.0
1580 silly placeDep ROOT es-to-primitive@1.3.0 OK for: es-abstract@1.24.2 want: ^1.3.0
1581 silly placeDep ROOT function.prototype.name@1.1.8 OK for: es-abstract@1.24.2 want: ^1.1.8
1582 silly placeDep ROOT get-proto@1.0.1 OK for: es-abstract@1.24.2 want: ^1.0.1
1583 silly placeDep ROOT get-symbol-description@1.1.0 OK for: es-abstract@1.24.2 want: ^1.1.0
1584 silly placeDep ROOT globalthis@1.0.4 OK for: es-abstract@1.24.2 want: ^1.0.4
1585 silly placeDep ROOT has-proto@1.2.0 OK for: es-abstract@1.24.2 want: ^1.2.0
1586 silly placeDep ROOT has-symbols@1.1.0 OK for: es-abstract@1.24.2 want: ^1.1.0
1587 silly placeDep ROOT internal-slot@1.1.0 OK for: es-abstract@1.24.2 want: ^1.1.0
1588 silly placeDep ROOT is-array-buffer@3.0.5 OK for: es-abstract@1.24.2 want: ^3.0.5
1589 silly placeDep ROOT is-callable@1.2.7 OK for: es-abstract@1.24.2 want: ^1.2.7
1590 silly placeDep ROOT is-data-view@1.0.2 OK for: es-abstract@1.24.2 want: ^1.0.2
1591 silly placeDep ROOT is-negative-zero@2.0.3 OK for: es-abstract@1.24.2 want: ^2.0.3
1592 silly placeDep ROOT is-regex@1.2.1 OK for: es-abstract@1.24.2 want: ^1.2.1
1593 silly placeDep ROOT is-set@2.0.3 OK for: es-abstract@1.24.2 want: ^2.0.3
1594 silly placeDep ROOT is-shared-array-buffer@1.0.4 OK for: es-abstract@1.24.2 want: ^1.0.4
1595 silly placeDep ROOT is-typed-array@1.1.15 OK for: es-abstract@1.24.2 want: ^1.1.15
1596 silly placeDep ROOT is-weakref@1.1.1 OK for: es-abstract@1.24.2 want: ^1.1.1
1597 silly placeDep ROOT object-inspect@1.13.4 OK for: es-abstract@1.24.2 want: ^1.13.4
1598 silly placeDep ROOT object.assign@4.1.7 OK for: es-abstract@1.24.2 want: ^4.1.7
1599 silly placeDep ROOT own-keys@1.0.1 OK for: es-abstract@1.24.2 want: ^1.0.1
1600 silly placeDep ROOT regexp.prototype.flags@1.5.4 OK for: es-abstract@1.24.2 want: ^1.5.4
1601 silly placeDep ROOT safe-array-concat@1.1.4 OK for: es-abstract@1.24.2 want: ^1.1.3
1602 silly placeDep ROOT safe-push-apply@1.0.0 OK for: es-abstract@1.24.2 want: ^1.0.0
1603 silly placeDep ROOT safe-regex-test@1.1.0 OK for: es-abstract@1.24.2 want: ^1.1.0
1604 silly placeDep ROOT set-proto@1.0.0 OK for: es-abstract@1.24.2 want: ^1.0.0
1605 silly placeDep ROOT stop-iteration-iterator@1.1.0 OK for: es-abstract@1.24.2 want: ^1.1.0
1606 silly placeDep ROOT string.prototype.trim@1.2.10 OK for: es-abstract@1.24.2 want: ^1.2.10
1607 silly placeDep ROOT string.prototype.trimstart@1.0.8 OK for: es-abstract@1.24.2 want: ^1.0.8
1608 silly placeDep ROOT typed-array-buffer@1.0.3 OK for: es-abstract@1.24.2 want: ^1.0.3
1609 silly placeDep ROOT typed-array-byte-length@1.0.3 OK for: es-abstract@1.24.2 want: ^1.0.3
1610 silly placeDep ROOT typed-array-byte-offset@1.0.4 OK for: es-abstract@1.24.2 want: ^1.0.4
1611 silly placeDep ROOT typed-array-length@1.0.8 OK for: es-abstract@1.24.2 want: ^1.0.7
1612 silly placeDep ROOT unbox-primitive@1.1.0 OK for: es-abstract@1.24.2 want: ^1.1.0
1613 silly placeDep ROOT which-typed-array@1.1.21 OK for: es-abstract@1.24.2 want: ^1.1.19
1614 silly fetch manifest is-array-buffer@^3.0.4
1615 silly packumentCache full:https://registry.npmjs.org/is-array-buffer cache-miss
1616 silly fetch manifest possible-typed-array-names@^1.0.0
1617 silly packumentCache full:https://registry.npmjs.org/possible-typed-array-names cache-miss
1618 silly fetch manifest is-data-view@^1.0.1
1619 silly packumentCache full:https://registry.npmjs.org/is-data-view cache-miss
1620 silly fetch manifest is-date-object@^1.0.5
1621 silly packumentCache full:https://registry.npmjs.org/is-date-object cache-miss
1622 silly fetch manifest is-symbol@^1.0.4
1623 silly packumentCache full:https://registry.npmjs.org/is-symbol cache-miss
1624 silly fetch manifest functions-have-names@^1.2.3
1625 silly packumentCache full:https://registry.npmjs.org/functions-have-names cache-miss
1626 silly fetch manifest dunder-proto@^1.0.1
1627 silly packumentCache full:https://registry.npmjs.org/dunder-proto cache-miss
1628 http cache https://registry.npmjs.org/is-data-view 4ms (cache hit)
1629 silly packumentCache full:https://registry.npmjs.org/is-data-view set size:13756 disposed:false
1630 silly fetch manifest dunder-proto@^1.0.0
1631 silly packumentCache full:https://registry.npmjs.org/dunder-proto cache-miss
1632 http cache https://registry.npmjs.org/is-array-buffer 4ms (cache hit)
1633 silly packumentCache full:https://registry.npmjs.org/is-array-buffer set size:33562 disposed:false
1634 silly fetch manifest side-channel@^1.1.0
1635 silly packumentCache full:https://registry.npmjs.org/side-channel cache-miss
1636 http fetch GET 200 https://registry.npmjs.org/dunder-proto 95ms (cache miss)
1637 silly packumentCache full:https://registry.npmjs.org/dunder-proto set size:undefined disposed:false
1638 silly fetch manifest is-typed-array@^1.1.13
1639 silly packumentCache full:https://registry.npmjs.org/is-typed-array cache-miss
1640 http fetch GET 200 https://registry.npmjs.org/functions-have-names 99ms (cache miss)
1641 silly packumentCache full:https://registry.npmjs.org/functions-have-names set size:undefined disposed:false
1642 silly fetch manifest which-typed-array@^1.1.16
1643 silly packumentCache full:https://registry.npmjs.org/which-typed-array cache-miss
1644 http fetch GET 200 https://registry.npmjs.org/possible-typed-array-names 101ms (cache miss)
1645 silly packumentCache full:https://registry.npmjs.org/possible-typed-array-names set size:undefined disposed:false
1646 silly fetch manifest set-function-name@^2.0.2
1647 silly packumentCache full:https://registry.npmjs.org/set-function-name cache-miss
1648 http fetch GET 200 https://registry.npmjs.org/side-channel 97ms (cache miss)
1649 silly packumentCache full:https://registry.npmjs.org/side-channel set size:undefined disposed:false
1650 silly fetch manifest isarray@^2.0.5
1651 silly packumentCache full:https://registry.npmjs.org/isarray cache-miss
1652 http fetch GET 200 https://registry.npmjs.org/dunder-proto 102ms (cache miss)
1653 silly packumentCache full:https://registry.npmjs.org/dunder-proto set size:undefined disposed:false
1654 silly fetch manifest isarray@^2.0.5
1655 silly packumentCache full:https://registry.npmjs.org/isarray cache-miss
1656 http fetch GET 200 https://registry.npmjs.org/is-date-object 104ms (cache miss)
1657 silly packumentCache full:https://registry.npmjs.org/is-date-object set size:undefined disposed:false
1658 silly fetch manifest for-each@^0.3.3
1659 silly packumentCache full:https://registry.npmjs.org/for-each cache-miss
1660 http fetch GET 200 https://registry.npmjs.org/is-symbol 104ms (cache miss)
1661 silly packumentCache full:https://registry.npmjs.org/is-symbol set size:undefined disposed:false
1662 silly fetch manifest for-each@^0.3.3
1663 silly packumentCache full:https://registry.npmjs.org/for-each cache-miss
1664 http cache https://registry.npmjs.org/is-typed-array 9ms (cache hit)
1665 silly packumentCache full:https://registry.npmjs.org/is-typed-array set size:79965 disposed:false
1666 silly fetch manifest reflect.getprototypeof@^1.0.9
1667 silly packumentCache full:https://registry.npmjs.org/reflect.getprototypeof cache-miss
1668 http cache https://registry.npmjs.org/which-typed-array 10ms (cache hit)
1669 silly packumentCache full:https://registry.npmjs.org/which-typed-array set size:97565 disposed:false
1670 silly fetch manifest for-each@^0.3.5
1671 silly packumentCache full:https://registry.npmjs.org/for-each cache-miss
1672 http fetch GET 200 https://registry.npmjs.org/set-function-name 66ms (cache miss)
1673 silly packumentCache full:https://registry.npmjs.org/set-function-name set size:undefined disposed:false
1674 silly fetch manifest possible-typed-array-names@^1.1.0
1675 silly packumentCache full:https://registry.npmjs.org/possible-typed-array-names cache-miss
1676 http cache https://registry.npmjs.org/possible-typed-array-names 1ms (cache hit)
1677 silly packumentCache full:https://registry.npmjs.org/possible-typed-array-names set size:9167 disposed:false
1678 silly fetch manifest reflect.getprototypeof@^1.0.10
1679 silly packumentCache full:https://registry.npmjs.org/reflect.getprototypeof cache-miss
1680 http fetch GET 200 https://registry.npmjs.org/isarray 72ms (cache miss)
1681 silly packumentCache full:https://registry.npmjs.org/isarray set size:undefined disposed:false
1682 silly fetch manifest has-bigints@^1.0.2
1683 silly packumentCache full:https://registry.npmjs.org/has-bigints cache-miss
1684 http fetch GET 200 https://registry.npmjs.org/for-each 68ms (cache miss)
1685 silly packumentCache full:https://registry.npmjs.org/for-each set size:undefined disposed:false
1686 silly fetch manifest which-boxed-primitive@^1.1.1
1687 silly packumentCache full:https://registry.npmjs.org/which-boxed-primitive cache-miss
1688 http fetch GET 200 https://registry.npmjs.org/for-each 78ms (cache miss)
1689 silly packumentCache full:https://registry.npmjs.org/for-each set size:undefined disposed:false
1690 http fetch GET 200 https://registry.npmjs.org/reflect.getprototypeof 76ms (cache miss)
1691 silly packumentCache full:https://registry.npmjs.org/reflect.getprototypeof set size:undefined disposed:false
1692 http fetch GET 200 https://registry.npmjs.org/isarray 88ms (cache miss)
1693 silly packumentCache full:https://registry.npmjs.org/isarray set size:undefined disposed:false
1694 http fetch GET 200 https://registry.npmjs.org/for-each 87ms (cache miss)
1695 silly packumentCache full:https://registry.npmjs.org/for-each set size:undefined disposed:false
1696 http fetch GET 200 https://registry.npmjs.org/has-bigints 69ms (cache miss)
1697 silly packumentCache full:https://registry.npmjs.org/has-bigints set size:undefined disposed:false
1698 http fetch GET 200 https://registry.npmjs.org/reflect.getprototypeof 78ms (cache miss)
1699 silly packumentCache full:https://registry.npmjs.org/reflect.getprototypeof set size:undefined disposed:false
1700 http fetch GET 200 https://registry.npmjs.org/which-boxed-primitive 74ms (cache miss)
1701 silly packumentCache full:https://registry.npmjs.org/which-boxed-primitive set size:undefined disposed:false
1702 silly placeDep ROOT possible-typed-array-names@1.1.0 OK for: available-typed-arrays@1.0.7 want: ^1.0.0
1703 silly placeDep ROOT has-tostringtag@1.0.2 OK for: es-set-tostringtag@2.1.0 want: ^1.0.2
1704 silly placeDep ROOT is-date-object@1.1.0 OK for: es-to-primitive@1.3.0 want: ^1.0.5
1705 silly placeDep ROOT is-symbol@1.1.1 OK for: es-to-primitive@1.3.0 want: ^1.0.4
1706 silly placeDep node_modules/eslint-module-utils debug@3.2.7 OK for: eslint-module-utils@2.13.0 want: ^3.2.7
1707 silly placeDep ROOT aria-query@5.3.2 OK for: eslint-plugin-jsx-a11y@6.10.2 want: ^5.3.2
1708 silly placeDep ROOT ast-types-flow@0.0.8 OK for: eslint-plugin-jsx-a11y@6.10.2 want: ^0.0.8
1709 silly placeDep ROOT axe-core@4.12.0 OK for: eslint-plugin-jsx-a11y@6.10.2 want: ^4.10.0
1710 silly placeDep ROOT axobject-query@4.1.0 OK for: eslint-plugin-jsx-a11y@6.10.2 want: ^4.1.0
1711 silly placeDep ROOT damerau-levenshtein@1.0.8 OK for: eslint-plugin-jsx-a11y@6.10.2 want: ^1.0.8
1712 silly placeDep ROOT emoji-regex@9.2.2 OK for: eslint-plugin-jsx-a11y@6.10.2 want: ^9.2.2
1713 silly placeDep ROOT jsx-ast-utils@3.3.5 OK for: eslint-plugin-jsx-a11y@6.10.2 want: ^3.3.5
1714 silly placeDep ROOT language-tags@1.0.9 OK for: eslint-plugin-jsx-a11y@6.10.2 want: ^1.0.9
1715 silly placeDep ROOT string.prototype.includes@2.0.1 OK for: eslint-plugin-jsx-a11y@6.10.2 want: ^2.0.1
1716 silly fetch manifest language-subtag-registry@^0.3.20
1717 silly packumentCache full:https://registry.npmjs.org/language-subtag-registry cache-miss
1718 http fetch GET 200 https://registry.npmjs.org/language-subtag-registry 84ms (cache miss)
1719 silly packumentCache full:https://registry.npmjs.org/language-subtag-registry set size:undefined disposed:false
1720 silly placeDep ROOT array.prototype.findlast@1.2.5 OK for: eslint-plugin-react@7.37.5 want: ^1.2.5
1721 silly placeDep ROOT array.prototype.tosorted@1.1.4 OK for: eslint-plugin-react@7.37.5 want: ^1.1.4
1722 silly placeDep node_modules/eslint-plugin-react doctrine@2.1.0 OK for: eslint-plugin-react@7.37.5 want: ^2.1.0
1723 silly placeDep ROOT es-iterator-helpers@1.3.2 OK for: eslint-plugin-react@7.37.5 want: ^1.2.1
1724 silly placeDep ROOT estraverse@5.3.0 OK for: eslint-plugin-react@7.37.5 want: ^5.3.0
1725 silly placeDep ROOT object.entries@1.1.9 OK for: eslint-plugin-react@7.37.5 want: ^1.1.9
1726 silly placeDep ROOT prop-types@15.8.1 OK for: eslint-plugin-react@7.37.5 want: ^15.8.1
1727 silly placeDep node_modules/eslint-plugin-react semver@6.3.1 OK for: eslint-plugin-react@7.37.5 want: ^6.3.1
1728 silly placeDep ROOT string.prototype.matchall@4.0.12 OK for: eslint-plugin-react@7.37.5 want: ^4.0.12
1729 silly placeDep ROOT string.prototype.repeat@1.0.0 OK for: eslint-plugin-react@7.37.5 want: ^1.0.0
1730 silly fetch manifest iterator.prototype@^1.1.5
1731 silly packumentCache full:https://registry.npmjs.org/iterator.prototype cache-miss
1732 silly fetch manifest loose-envify@^1.4.0
1733 silly packumentCache full:https://registry.npmjs.org/loose-envify cache-miss
1734 silly fetch manifest object-assign@^4.1.1
1735 silly packumentCache full:https://registry.npmjs.org/object-assign cache-miss
1736 silly fetch manifest react-is@^16.13.1
1737 silly packumentCache full:https://registry.npmjs.org/react-is cache-miss
1738 http cache https://registry.npmjs.org/loose-envify 5ms (cache hit)
1739 silly packumentCache full:https://registry.npmjs.org/loose-envify set size:12559 disposed:false
1740 http cache https://registry.npmjs.org/react-is 13ms (cache hit)
1741 silly packumentCache full:https://registry.npmjs.org/react-is set size:5411457 disposed:false
1742 http fetch GET 200 https://registry.npmjs.org/object-assign 69ms (cache miss)
1743 silly packumentCache full:https://registry.npmjs.org/object-assign set size:undefined disposed:false
1744 http fetch GET 200 https://registry.npmjs.org/iterator.prototype 75ms (cache miss)
1745 silly packumentCache full:https://registry.npmjs.org/iterator.prototype set size:undefined disposed:false
1746 silly placeDep ROOT iterator.prototype@1.1.5 OK for: es-iterator-helpers@1.3.2 want: ^1.1.5
1747 silly placeDep ROOT esrecurse@4.3.0 OK for: eslint-scope@7.2.2 want: ^4.3.0
1748 silly placeDep ROOT acorn@8.16.0 OK for: espree@9.6.1 want: ^8.9.0
1749 silly placeDep ROOT acorn-jsx@5.3.2 OK for: espree@9.6.1 want: ^5.3.2
1750 silly placeDep ROOT reusify@1.1.0 OK for: fastq@1.20.1 want: ^1.0.4
1751 silly placeDep ROOT flat-cache@3.2.0 OK for: file-entry-cache@6.0.1 want: ^3.0.4
1752 silly fetch manifest keyv@^4.5.3
1753 silly packumentCache full:https://registry.npmjs.org/keyv cache-miss
1754 silly fetch manifest rimraf@^3.0.2
1755 silly packumentCache full:https://registry.npmjs.org/rimraf cache-miss
1756 silly fetch manifest flatted@^3.2.9
1757 silly packumentCache full:https://registry.npmjs.org/flatted cache-miss
1758 http fetch GET 200 https://registry.npmjs.org/flatted 66ms (cache miss)
1759 silly packumentCache full:https://registry.npmjs.org/flatted set size:undefined disposed:false
1760 http fetch GET 200 https://registry.npmjs.org/rimraf 78ms (cache miss)
1761 silly packumentCache full:https://registry.npmjs.org/rimraf set size:undefined disposed:false
1762 http fetch GET 200 https://registry.npmjs.org/keyv 81ms (cache miss)
1763 silly packumentCache full:https://registry.npmjs.org/keyv set size:undefined disposed:false
1764 silly placeDep ROOT locate-path@6.0.0 OK for: find-up@5.0.0 want: ^6.0.0
1765 silly placeDep ROOT path-exists@4.0.0 OK for: find-up@5.0.0 want: ^4.0.0
1766 silly fetch manifest p-locate@^5.0.0
1767 silly packumentCache full:https://registry.npmjs.org/p-locate cache-miss
1768 http fetch GET 200 https://registry.npmjs.org/p-locate 73ms (cache miss)
1769 silly packumentCache full:https://registry.npmjs.org/p-locate set size:undefined disposed:false
1770 silly placeDep ROOT flatted@3.4.2 OK for: flat-cache@3.2.0 want: ^3.2.9
1771 silly placeDep ROOT keyv@4.5.4 OK for: flat-cache@3.2.0 want: ^4.5.3
1772 silly placeDep ROOT rimraf@3.0.2 OK for: flat-cache@3.2.0 want: ^3.0.2
1773 silly fetch manifest json-buffer@3.0.1
1774 silly packumentCache full:https://registry.npmjs.org/json-buffer cache-miss
1775 silly fetch manifest glob@^7.1.3
1776 silly packumentCache full:https://registry.npmjs.org/glob cache-miss
1777 http cache https://registry.npmjs.org/glob 3ms (cache hit)
1778 silly packumentCache full:https://registry.npmjs.org/glob set size:469465 disposed:false
1779 http fetch GET 200 https://registry.npmjs.org/json-buffer 67ms (cache miss)
1780 silly packumentCache full:https://registry.npmjs.org/json-buffer set size:undefined disposed:false
1781 silly placeDep ROOT functions-have-names@1.2.3 OK for: function.prototype.name@1.1.8 want: ^1.2.3
1782 silly placeDep ROOT dunder-proto@1.0.1 OK for: get-proto@1.0.1 want: ^1.0.1
1783 silly placeDep ROOT resolve-pkg-maps@1.0.0 OK for: get-tsconfig@4.14.0 want: ^1.0.0
1784 silly placeDep ROOT foreground-child@3.3.1 OK for: glob@10.3.10 want: ^3.1.0
1785 silly placeDep ROOT jackspeak@2.3.6 OK for: glob@10.3.10 want: ^2.3.5
1786 silly placeDep node_modules/glob minimatch@9.0.9 OK for: glob@10.3.10 want: ^9.0.1
1787 silly placeDep ROOT minipass@7.1.3 OK for: glob@10.3.10 want: ^5.0.0 || ^6.0.2 || ^7.0.0
1788 silly placeDep ROOT path-scurry@1.11.1 OK for: glob@10.3.10 want: ^1.10.1
1789 silly fetch manifest signal-exit@^4.0.1
1790 silly packumentCache full:https://registry.npmjs.org/signal-exit cache-miss
1791 silly fetch manifest @isaacs/cliui@^8.0.2
1792 silly packumentCache full:https://registry.npmjs.org/@isaacs%2fcliui cache-miss
1793 silly fetch manifest @pkgjs/parseargs@^0.11.0
1794 silly packumentCache full:https://registry.npmjs.org/@pkgjs%2fparseargs cache-miss
1795 silly fetch manifest brace-expansion@^2.0.2
1796 silly packumentCache full:https://registry.npmjs.org/brace-expansion cache-hit
1797 silly fetch manifest lru-cache@^10.2.0
1798 silly packumentCache full:https://registry.npmjs.org/lru-cache cache-miss
1799 http fetch GET 200 https://registry.npmjs.org/@pkgjs%2fparseargs 86ms (cache miss)
1800 silly packumentCache full:https://registry.npmjs.org/@pkgjs%2fparseargs set size:undefined disposed:false
1801 http fetch GET 200 https://registry.npmjs.org/signal-exit 87ms (cache miss)
1802 silly packumentCache full:https://registry.npmjs.org/signal-exit set size:undefined disposed:false
1803 http fetch GET 200 https://registry.npmjs.org/lru-cache 91ms (cache miss)
1804 silly packumentCache full:https://registry.npmjs.org/lru-cache set size:undefined disposed:false
1805 http fetch GET 200 https://registry.npmjs.org/@isaacs%2fcliui 102ms (cache miss)
1806 silly packumentCache full:https://registry.npmjs.org/@isaacs%2fcliui set size:undefined disposed:false
1807 silly placeDep ROOT signal-exit@4.1.0 OK for: foreground-child@3.3.1 want: ^4.0.1
1808 silly placeDep ROOT type-fest@0.20.2 OK for: globals@13.24.0 want: ^0.20.2
1809 silly placeDep ROOT parent-module@1.0.1 OK for: import-fresh@3.3.1 want: ^1.0.0
1810 silly placeDep ROOT resolve-from@4.0.0 OK for: import-fresh@3.3.1 want: ^4.0.0
1811 silly fetch manifest callsites@^3.0.0
1812 silly packumentCache full:https://registry.npmjs.org/callsites cache-miss
1813 http fetch GET 200 https://registry.npmjs.org/callsites 70ms (cache miss)
1814 silly packumentCache full:https://registry.npmjs.org/callsites set size:undefined disposed:false
1815 silly placeDep ROOT side-channel@1.1.0 OK for: internal-slot@1.1.0 want: ^1.1.0
1816 silly fetch manifest side-channel-list@^1.0.0
1817 silly packumentCache full:https://registry.npmjs.org/side-channel-list cache-miss
1818 silly fetch manifest side-channel-map@^1.0.1
1819 silly packumentCache full:https://registry.npmjs.org/side-channel-map cache-miss
1820 silly fetch manifest side-channel-weakmap@^1.0.2
1821 silly packumentCache full:https://registry.npmjs.org/side-channel-weakmap cache-miss
1822 http fetch GET 200 https://registry.npmjs.org/side-channel-list 74ms (cache miss)
1823 silly packumentCache full:https://registry.npmjs.org/side-channel-list set size:undefined disposed:false
1824 http fetch GET 200 https://registry.npmjs.org/side-channel-map 76ms (cache miss)
1825 silly packumentCache full:https://registry.npmjs.org/side-channel-map set size:undefined disposed:false
1826 http fetch GET 200 https://registry.npmjs.org/side-channel-weakmap 84ms (cache miss)
1827 silly packumentCache full:https://registry.npmjs.org/side-channel-weakmap set size:undefined disposed:false
1828 silly placeDep ROOT is-extglob@2.1.1 OK for: is-glob@4.0.3 want: ^2.1.1
1829 silly placeDep ROOT set-function-name@2.0.2 OK for: iterator.prototype@1.1.5 want: ^2.0.2
1830 silly placeDep ROOT @isaacs/cliui@8.0.2 OK for: jackspeak@2.3.6 want: ^8.0.2
1831 silly placeDep ROOT @pkgjs/parseargs@0.11.0 OK for: jackspeak@2.3.6 want: ^0.11.0
1832 silly fetch manifest wrap-ansi@^8.1.0
1833 silly packumentCache full:https://registry.npmjs.org/wrap-ansi cache-miss
1834 silly fetch manifest strip-ansi@^7.0.1
1835 silly packumentCache full:https://registry.npmjs.org/strip-ansi cache-miss
1836 silly fetch manifest string-width@^5.1.2
1837 silly packumentCache full:https://registry.npmjs.org/string-width cache-miss
1838 silly fetch manifest wrap-ansi-cjs@npm:wrap-ansi@^7.0.0
1839 silly packumentCache full:https://registry.npmjs.org/wrap-ansi cache-miss
1840 silly fetch manifest strip-ansi-cjs@npm:strip-ansi@^6.0.1
1841 silly packumentCache full:https://registry.npmjs.org/strip-ansi cache-miss
1842 silly fetch manifest string-width-cjs@npm:string-width@^4.2.0
1843 silly packumentCache full:https://registry.npmjs.org/string-width cache-miss
1844 http cache https://registry.npmjs.org/strip-ansi 5ms (cache hit)
1845 silly packumentCache full:https://registry.npmjs.org/strip-ansi set size:44998 disposed:false
1846 http cache https://registry.npmjs.org/strip-ansi 8ms (cache hit)
1847 silly packumentCache full:https://registry.npmjs.org/strip-ansi set size:44998 disposed:false
1848 silly packumentCache full:https://registry.npmjs.org/strip-ansi dispose
1849 http fetch GET 200 https://registry.npmjs.org/string-width 79ms (cache miss)
1850 silly packumentCache full:https://registry.npmjs.org/string-width set size:undefined disposed:false
1851 http fetch GET 200 https://registry.npmjs.org/wrap-ansi 90ms (cache miss)
1852 silly packumentCache full:https://registry.npmjs.org/wrap-ansi set size:undefined disposed:false
1853 http fetch GET 200 https://registry.npmjs.org/wrap-ansi 92ms (cache miss)
1854 silly packumentCache full:https://registry.npmjs.org/wrap-ansi set size:undefined disposed:false
1855 http fetch GET 200 https://registry.npmjs.org/string-width 95ms (cache miss)
1856 silly packumentCache full:https://registry.npmjs.org/string-width set size:undefined disposed:false
1857 silly placeDep ROOT string-width@5.1.2 OK for: @isaacs/cliui@8.0.2 want: ^5.1.2
1858 silly placeDep ROOT string-width-cjs@4.2.3 OK for: @isaacs/cliui@8.0.2 want: npm:string-width@^4.2.0
1859 silly placeDep node_modules/@isaacs/cliui strip-ansi@7.2.0 OK for: @isaacs/cliui@8.0.2 want: ^7.0.1
1860 silly placeDep ROOT strip-ansi-cjs@6.0.1 OK for: @isaacs/cliui@8.0.2 want: npm:strip-ansi@^6.0.1
1861 silly placeDep ROOT wrap-ansi@8.1.0 OK for: @isaacs/cliui@8.0.2 want: ^8.1.0
1862 silly placeDep ROOT wrap-ansi-cjs@7.0.0 OK for: @isaacs/cliui@8.0.2 want: npm:wrap-ansi@^7.0.0
1863 silly fetch manifest eastasianwidth@^0.2.0
1864 silly packumentCache full:https://registry.npmjs.org/eastasianwidth cache-miss
1865 silly fetch manifest emoji-regex@^8.0.0
1866 silly packumentCache full:https://registry.npmjs.org/emoji-regex cache-miss
1867 silly fetch manifest is-fullwidth-code-point@^3.0.0
1868 silly packumentCache full:https://registry.npmjs.org/is-fullwidth-code-point cache-miss
1869 silly fetch manifest ansi-regex@^6.2.2
1870 silly packumentCache full:https://registry.npmjs.org/ansi-regex cache-miss
1871 silly fetch manifest ansi-styles@^6.1.0
1872 silly packumentCache full:https://registry.npmjs.org/ansi-styles cache-miss
1873 silly fetch manifest string-width@^4.1.0
1874 silly packumentCache full:https://registry.npmjs.org/string-width cache-miss
1875 http cache https://registry.npmjs.org/emoji-regex 6ms (cache hit)
1876 silly packumentCache full:https://registry.npmjs.org/emoji-regex set size:89064 disposed:false
1877 http cache https://registry.npmjs.org/ansi-regex 6ms (cache hit)
1878 silly packumentCache full:https://registry.npmjs.org/ansi-regex set size:43572 disposed:false
1879 http cache https://registry.npmjs.org/string-width 6ms (cache hit)
1880 silly packumentCache full:https://registry.npmjs.org/string-width set size:70381 disposed:false
1881 http cache https://registry.npmjs.org/ansi-styles 8ms (cache hit)
1882 silly packumentCache full:https://registry.npmjs.org/ansi-styles set size:63233 disposed:false
1883 http fetch GET 200 https://registry.npmjs.org/is-fullwidth-code-point 76ms (cache miss)
1884 silly packumentCache full:https://registry.npmjs.org/is-fullwidth-code-point set size:undefined disposed:false
1885 http fetch GET 200 https://registry.npmjs.org/eastasianwidth 78ms (cache miss)
1886 silly packumentCache full:https://registry.npmjs.org/eastasianwidth set size:undefined disposed:false
1887 silly placeDep ROOT argparse@2.0.1 OK for: js-yaml@4.2.0 want: ^2.0.1
1888 silly placeDep ROOT json-buffer@3.0.1 OK for: keyv@4.5.4 want: 3.0.1
1889 silly placeDep ROOT language-subtag-registry@0.3.23 OK for: language-tags@1.0.9 want: ^0.3.20
1890 silly placeDep ROOT prelude-ls@1.2.1 OK for: levn@0.4.1 want: ^1.2.1
1891 silly placeDep ROOT type-check@0.4.0 OK for: levn@0.4.1 want: ~0.4.0
1892 silly placeDep ROOT p-locate@5.0.0 OK for: locate-path@6.0.0 want: ^5.0.0
1893 silly fetch manifest p-limit@^3.0.2
1894 silly packumentCache full:https://registry.npmjs.org/p-limit cache-miss
1895 http fetch GET 200 https://registry.npmjs.org/p-limit 73ms (cache miss)
1896 silly packumentCache full:https://registry.npmjs.org/p-limit set size:undefined disposed:false
1897 silly placeDep ROOT brace-expansion@1.1.15 OK for: minimatch@3.1.5 want: ^1.1.7
1898 silly fetch manifest balanced-match@^1.0.0
1899 silly packumentCache full:https://registry.npmjs.org/balanced-match cache-miss
1900 silly fetch manifest concat-map@0.0.1
1901 silly packumentCache full:https://registry.npmjs.org/concat-map cache-miss
1902 http fetch GET 200 https://registry.npmjs.org/concat-map 66ms (cache miss)
1903 silly packumentCache full:https://registry.npmjs.org/concat-map set size:undefined disposed:false
1904 http fetch GET 200 https://registry.npmjs.org/balanced-match 79ms (cache miss)
1905 silly packumentCache full:https://registry.npmjs.org/balanced-match set size:undefined disposed:false
1906 silly placeDep ROOT balanced-match@1.0.2 OK for: brace-expansion@1.1.15 want: ^1.0.0
1907 silly placeDep ROOT concat-map@0.0.1 OK for: brace-expansion@1.1.15 want: 0.0.1
1908 silly placeDep ROOT @next/env@14.2.29 OK for: next@14.2.29 want: 14.2.29
1909 silly placeDep ROOT @next/swc-darwin-arm64@14.2.29 OK for: next@14.2.29 want: 14.2.29
1910 silly placeDep ROOT @next/swc-darwin-x64@14.2.29 OK for: next@14.2.29 want: 14.2.29
1911 silly placeDep ROOT @next/swc-linux-arm64-gnu@14.2.29 OK for: next@14.2.29 want: 14.2.29
1912 silly placeDep ROOT @next/swc-linux-arm64-musl@14.2.29 OK for: next@14.2.29 want: 14.2.29
1913 silly placeDep ROOT @next/swc-linux-x64-gnu@14.2.29 OK for: next@14.2.29 want: 14.2.29
1914 silly placeDep ROOT @next/swc-linux-x64-musl@14.2.29 OK for: next@14.2.29 want: 14.2.29
1915 silly placeDep ROOT @next/swc-win32-arm64-msvc@14.2.29 OK for: next@14.2.29 want: 14.2.29
1916 silly placeDep ROOT @next/swc-win32-ia32-msvc@14.2.29 OK for: next@14.2.29 want: 14.2.29
1917 silly placeDep ROOT @next/swc-win32-x64-msvc@14.2.29 OK for: next@14.2.29 want: 14.2.29
1918 silly placeDep ROOT @swc/helpers@0.5.5 OK for: next@14.2.29 want: 0.5.5
1919 silly placeDep ROOT busboy@1.6.0 OK for: next@14.2.29 want: 1.6.0
1920 silly placeDep ROOT graceful-fs@4.2.11 OK for: next@14.2.29 want: ^4.2.11
1921 silly placeDep node_modules/next postcss@8.4.31 OK for: next@14.2.29 want: 8.4.31
1922 silly placeDep ROOT styled-jsx@5.1.1 OK for: next@14.2.29 want: 5.1.1
1923 silly fetch manifest tslib@^2.4.0
1924 silly packumentCache full:https://registry.npmjs.org/tslib cache-miss
1925 silly fetch manifest @swc/counter@^0.1.3
1926 silly packumentCache full:https://registry.npmjs.org/@swc%2fcounter cache-miss
1927 silly fetch manifest streamsearch@^1.1.0
1928 silly packumentCache full:https://registry.npmjs.org/streamsearch cache-miss
1929 silly fetch manifest nanoid@^3.3.6
1930 silly packumentCache full:https://registry.npmjs.org/nanoid cache-miss
1931 silly fetch manifest source-map-js@^1.0.2
1932 silly packumentCache full:https://registry.npmjs.org/source-map-js cache-miss
1933 silly fetch manifest client-only@0.0.1
1934 silly packumentCache full:https://registry.npmjs.org/client-only cache-miss
1935 http cache https://registry.npmjs.org/source-map-js 6ms (cache hit)
1936 silly packumentCache full:https://registry.npmjs.org/source-map-js set size:62640 disposed:false
1937 http cache https://registry.npmjs.org/nanoid 7ms (cache hit)
1938 silly packumentCache full:https://registry.npmjs.org/nanoid set size:310559 disposed:false
1939 http fetch GET 200 https://registry.npmjs.org/tslib 76ms (cache miss)
1940 silly packumentCache full:https://registry.npmjs.org/tslib set size:undefined disposed:false
1941 http fetch GET 200 https://registry.npmjs.org/streamsearch 80ms (cache miss)
1942 silly packumentCache full:https://registry.npmjs.org/streamsearch set size:undefined disposed:false
1943 http fetch GET 200 https://registry.npmjs.org/client-only 258ms (cache miss)
1944 silly packumentCache full:https://registry.npmjs.org/client-only set size:undefined disposed:false
1945 http fetch GET 200 https://registry.npmjs.org/@swc%2fcounter 269ms (cache miss)
1946 silly packumentCache full:https://registry.npmjs.org/@swc%2fcounter set size:undefined disposed:false
1947 silly placeDep ROOT @swc/counter@0.1.3 OK for: @swc/helpers@0.5.5 want: ^0.1.3
1948 silly placeDep ROOT tslib@2.8.1 OK for: @swc/helpers@0.5.5 want: ^2.4.0
1949 silly placeDep ROOT streamsearch@1.1.0 OK for: busboy@1.6.0 want: ^1.1.0
1950 silly placeDep ROOT deep-is@0.1.4 OK for: optionator@0.9.4 want: ^0.1.3
1951 silly placeDep ROOT fast-levenshtein@2.0.6 OK for: optionator@0.9.4 want: ^2.0.6
1952 silly placeDep ROOT word-wrap@1.2.5 OK for: optionator@0.9.4 want: ^1.2.5
1953 silly placeDep ROOT p-limit@3.1.0 OK for: p-locate@5.0.0 want: ^3.0.2
1954 silly fetch manifest yocto-queue@^0.1.0
1955 silly packumentCache full:https://registry.npmjs.org/yocto-queue cache-miss
1956 http fetch GET 200 https://registry.npmjs.org/yocto-queue 85ms (cache miss)
1957 silly packumentCache full:https://registry.npmjs.org/yocto-queue set size:undefined disposed:false
1958 silly placeDep ROOT yocto-queue@0.1.0 OK for: p-limit@3.1.0 want: ^0.1.0
1959 silly placeDep ROOT callsites@3.1.0 OK for: parent-module@1.0.1 want: ^3.0.0
1960 silly placeDep ROOT lru-cache@10.4.3 OK for: path-scurry@1.11.1 want: ^10.2.0
1961 silly placeDep ROOT nanoid@3.3.12 OK for: postcss@8.5.15 want: ^3.3.12
1962 silly placeDep ROOT source-map-js@1.2.1 OK for: postcss@8.5.15 want: ^1.2.1
1963 silly placeDep ROOT loose-envify@1.4.0 OK for: prop-types@15.8.1 want: ^1.4.0
1964 silly placeDep ROOT object-assign@4.1.1 OK for: prop-types@15.8.1 want: ^4.1.1
1965 silly placeDep ROOT react-is@16.13.1 OK for: prop-types@15.8.1 want: ^16.13.1
1966 silly fetch manifest js-tokens@^3.0.0 || ^4.0.0
1967 silly packumentCache full:https://registry.npmjs.org/js-tokens cache-miss
1968 http fetch GET 200 https://registry.npmjs.org/js-tokens 70ms (cache miss)
1969 silly packumentCache full:https://registry.npmjs.org/js-tokens set size:undefined disposed:false
1970 silly placeDep ROOT js-tokens@4.0.0 OK for: loose-envify@1.4.0 want: ^3.0.0 || ^4.0.0
1971 silly placeDep ROOT scheduler@0.23.2 OK for: react-dom@18.2.0 want: ^0.23.0
1972 silly placeDep ROOT eventemitter3@4.0.7 OK for: recharts@2.15.4 want: ^4.0.1
1973 silly placeDep ROOT lodash@4.18.1 OK for: recharts@2.15.4 want: ^4.17.21
1974 silly placeDep node_modules/recharts react-is@18.3.1 OK for: recharts@2.15.4 want: ^18.3.1
1975 silly placeDep ROOT react-smooth@4.0.4 OK for: recharts@2.15.4 want: ^4.0.4
1976 silly placeDep ROOT recharts-scale@0.4.5 OK for: recharts@2.15.4 want: ^0.4.4
1977 silly placeDep ROOT tiny-invariant@1.3.3 OK for: recharts@2.15.4 want: ^1.3.1
1978 silly placeDep ROOT victory-vendor@36.9.2 OK for: recharts@2.15.4 want: ^36.6.8
1979 silly fetch manifest fast-equals@^5.0.1
1980 silly packumentCache full:https://registry.npmjs.org/fast-equals cache-miss
1981 silly fetch manifest react-transition-group@^4.4.5
1982 silly packumentCache full:https://registry.npmjs.org/react-transition-group cache-miss
1983 silly fetch manifest decimal.js-light@^2.4.1
1984 silly packumentCache full:https://registry.npmjs.org/decimal.js-light cache-miss
1985 silly fetch manifest d3-ease@^3.0.1
1986 silly packumentCache full:https://registry.npmjs.org/d3-ease cache-miss
1987 silly fetch manifest d3-time@^3.0.0
1988 silly packumentCache full:https://registry.npmjs.org/d3-time cache-miss
1989 silly fetch manifest d3-array@^3.1.6
1990 silly packumentCache full:https://registry.npmjs.org/d3-array cache-miss
1991 silly fetch manifest d3-scale@^4.0.2
1992 silly packumentCache full:https://registry.npmjs.org/d3-scale cache-miss
1993 http fetch GET 200 https://registry.npmjs.org/decimal.js-light 76ms (cache miss)
1994 silly packumentCache full:https://registry.npmjs.org/decimal.js-light set size:undefined disposed:false
1995 silly fetch manifest d3-shape@^3.1.0
1996 silly packumentCache full:https://registry.npmjs.org/d3-shape cache-miss
1997 http fetch GET 200 https://registry.npmjs.org/d3-ease 110ms (cache miss)
1998 silly packumentCache full:https://registry.npmjs.org/d3-ease set size:undefined disposed:false
1999 silly fetch manifest d3-timer@^3.0.1
2000 silly packumentCache full:https://registry.npmjs.org/d3-timer cache-miss
2001 http fetch GET 200 https://registry.npmjs.org/react-transition-group 113ms (cache miss)
2002 silly packumentCache full:https://registry.npmjs.org/react-transition-group set size:undefined disposed:false
2003 silly fetch manifest @types/d3-ease@^3.0.0
2004 silly packumentCache full:https://registry.npmjs.org/@types%2fd3-ease cache-miss
2005 http fetch GET 200 https://registry.npmjs.org/d3-time 116ms (cache miss)
2006 silly packumentCache full:https://registry.npmjs.org/d3-time set size:undefined disposed:false
2007 silly fetch manifest @types/d3-time@^3.0.0
2008 silly packumentCache full:https://registry.npmjs.org/@types%2fd3-time cache-miss
2009 http fetch GET 200 https://registry.npmjs.org/d3-array 120ms (cache miss)
2010 silly packumentCache full:https://registry.npmjs.org/d3-array set size:undefined disposed:false
2011 silly fetch manifest d3-interpolate@^3.0.1
2012 silly packumentCache full:https://registry.npmjs.org/d3-interpolate cache-miss
2013 http fetch GET 200 https://registry.npmjs.org/fast-equals 123ms (cache miss)
2014 silly packumentCache full:https://registry.npmjs.org/fast-equals set size:undefined disposed:false
2015 silly fetch manifest @types/d3-array@^3.0.3
2016 silly packumentCache full:https://registry.npmjs.org/@types%2fd3-array cache-miss
2017 http fetch GET 200 https://registry.npmjs.org/d3-scale 127ms (cache miss)
2018 silly packumentCache full:https://registry.npmjs.org/d3-scale set size:undefined disposed:false
2019 silly fetch manifest @types/d3-scale@^4.0.2
2020 silly packumentCache full:https://registry.npmjs.org/@types%2fd3-scale cache-miss
2021 http fetch GET 200 https://registry.npmjs.org/d3-shape 85ms (cache miss)
2022 silly packumentCache full:https://registry.npmjs.org/d3-shape set size:undefined disposed:false
2023 silly fetch manifest @types/d3-shape@^3.1.0
2024 silly packumentCache full:https://registry.npmjs.org/@types%2fd3-shape cache-miss
2025 http fetch GET 200 https://registry.npmjs.org/d3-timer 78ms (cache miss)
2026 silly packumentCache full:https://registry.npmjs.org/d3-timer set size:undefined disposed:false
2027 silly fetch manifest @types/d3-timer@^3.0.0
2028 silly packumentCache full:https://registry.npmjs.org/@types%2fd3-timer cache-miss
2029 http fetch GET 200 https://registry.npmjs.org/@types%2fd3-ease 78ms (cache miss)
2030 silly packumentCache full:https://registry.npmjs.org/@types%2fd3-ease set size:undefined disposed:false
2031 silly fetch manifest @types/d3-interpolate@^3.0.1
2032 silly packumentCache full:https://registry.npmjs.org/@types%2fd3-interpolate cache-miss
2033 http fetch GET 200 https://registry.npmjs.org/@types%2fd3-time 85ms (cache miss)
2034 silly packumentCache full:https://registry.npmjs.org/@types%2fd3-time set size:undefined disposed:false
2035 http fetch GET 200 https://registry.npmjs.org/d3-interpolate 82ms (cache miss)
2036 silly packumentCache full:https://registry.npmjs.org/d3-interpolate set size:undefined disposed:false
2037 http fetch GET 200 https://registry.npmjs.org/@types%2fd3-scale 80ms (cache miss)
2038 silly packumentCache full:https://registry.npmjs.org/@types%2fd3-scale set size:undefined disposed:false
2039 http fetch GET 200 https://registry.npmjs.org/@types%2fd3-array 87ms (cache miss)
2040 silly packumentCache full:https://registry.npmjs.org/@types%2fd3-array set size:undefined disposed:false
2041 http fetch GET 200 https://registry.npmjs.org/@types%2fd3-shape 96ms (cache miss)
2042 silly packumentCache full:https://registry.npmjs.org/@types%2fd3-shape set size:undefined disposed:false
2043 http fetch GET 200 https://registry.npmjs.org/@types%2fd3-timer 83ms (cache miss)
2044 silly packumentCache full:https://registry.npmjs.org/@types%2fd3-timer set size:undefined disposed:false
2045 http fetch GET 200 https://registry.npmjs.org/@types%2fd3-interpolate 82ms (cache miss)
2046 silly packumentCache full:https://registry.npmjs.org/@types%2fd3-interpolate set size:undefined disposed:false
2047 silly placeDep ROOT fast-equals@5.4.0 OK for: react-smooth@4.0.4 want: ^5.0.1
2048 silly placeDep ROOT react-transition-group@4.4.5 OK for: react-smooth@4.0.4 want: ^4.4.5
2049 silly fetch manifest @babel/runtime@^7.5.5
2050 silly packumentCache full:https://registry.npmjs.org/@babel%2fruntime cache-miss
2051 silly fetch manifest dom-helpers@^5.0.1
2052 silly packumentCache full:https://registry.npmjs.org/dom-helpers cache-miss
2053 http fetch GET 200 https://registry.npmjs.org/dom-helpers 76ms (cache miss)
2054 silly packumentCache full:https://registry.npmjs.org/dom-helpers set size:undefined disposed:false
2055 http fetch GET 200 https://registry.npmjs.org/@babel%2fruntime 178ms (cache miss)
2056 silly packumentCache full:https://registry.npmjs.org/@babel%2fruntime set size:undefined disposed:false
2057 silly placeDep ROOT @babel/runtime@7.29.7 OK for: react-transition-group@4.4.5 want: ^7.5.5
2058 silly placeDep ROOT dom-helpers@5.2.1 OK for: react-transition-group@4.4.5 want: ^5.0.1
2059 silly placeDep ROOT decimal.js-light@2.5.1 OK for: recharts-scale@0.4.5 want: ^2.4.1
2060 silly placeDep ROOT node-exports-info@1.6.0 OK for: resolve@2.0.0-next.7 want: ^1.6.0
2061 silly placeDep ROOT path-parse@1.0.7 OK for: resolve@2.0.0-next.7 want: ^1.0.7
2062 silly placeDep ROOT supports-preserve-symlinks-flag@1.0.0 OK for: resolve@2.0.0-next.7 want: ^1.0.0
2063 silly placeDep node_modules/node-exports-info semver@6.3.1 OK for: node-exports-info@1.6.0 want: ^6.3.1
2064 silly placeDep node_modules/rimraf glob@7.2.3 OK for: rimraf@3.0.2 want: ^7.1.3
2065 silly fetch manifest once@^1.3.0
2066 silly packumentCache full:https://registry.npmjs.org/once cache-miss
2067 silly fetch manifest inflight@^1.0.4
2068 silly packumentCache full:https://registry.npmjs.org/inflight cache-miss
2069 silly fetch manifest inherits@2
2070 silly packumentCache full:https://registry.npmjs.org/inherits cache-miss
2071 silly fetch manifest fs.realpath@^1.0.0
2072 silly packumentCache full:https://registry.npmjs.org/fs.realpath cache-miss
2073 silly fetch manifest path-is-absolute@^1.0.0
2074 silly packumentCache full:https://registry.npmjs.org/path-is-absolute cache-miss
2075 http fetch GET 200 https://registry.npmjs.org/once 67ms (cache miss)
2076 silly packumentCache full:https://registry.npmjs.org/once set size:undefined disposed:false
2077 http fetch GET 200 https://registry.npmjs.org/inherits 73ms (cache miss)
2078 silly packumentCache full:https://registry.npmjs.org/inherits set size:undefined disposed:false
2079 http fetch GET 200 https://registry.npmjs.org/fs.realpath 73ms (cache miss)
2080 silly packumentCache full:https://registry.npmjs.org/fs.realpath set size:undefined disposed:false
2081 http fetch GET 200 https://registry.npmjs.org/path-is-absolute 76ms (cache miss)
2082 silly packumentCache full:https://registry.npmjs.org/path-is-absolute set size:undefined disposed:false
2083 http fetch GET 200 https://registry.npmjs.org/inflight 87ms (cache miss)
2084 silly packumentCache full:https://registry.npmjs.org/inflight set size:undefined disposed:false
2085 silly placeDep ROOT queue-microtask@1.2.3 OK for: run-parallel@1.2.0 want: ^1.2.2
2086 silly placeDep ROOT isarray@2.0.5 OK for: safe-array-concat@1.1.4 want: ^2.0.5
2087 silly placeDep ROOT shebang-regex@3.0.0 OK for: shebang-command@2.0.0 want: ^3.0.0
2088 silly placeDep ROOT side-channel-list@1.0.1 OK for: side-channel@1.1.0 want: ^1.0.0
2089 silly placeDep ROOT side-channel-map@1.0.1 OK for: side-channel@1.1.0 want: ^1.0.1
2090 silly placeDep ROOT side-channel-weakmap@1.0.2 OK for: side-channel@1.1.0 want: ^1.0.2
2091 silly placeDep ROOT eastasianwidth@0.2.0 OK for: string-width@5.1.2 want: ^0.2.0
2092 silly placeDep node_modules/string-width strip-ansi@7.2.0 OK for: string-width@5.1.2 want: ^7.0.1
2093 silly placeDep node_modules/string-width-cjs emoji-regex@8.0.0 OK for: string-width@4.2.3 want: ^8.0.0
2094 silly placeDep ROOT is-fullwidth-code-point@3.0.0 OK for: string-width@4.2.3 want: ^3.0.0
2095 silly placeDep ROOT ansi-regex@5.0.1 OK for: strip-ansi@6.0.1 want: ^5.0.1
2096 silly placeDep ROOT client-only@0.0.1 OK for: styled-jsx@5.1.1 want: 0.0.1
2097 silly placeDep ROOT has-flag@4.0.0 OK for: supports-color@7.2.0 want: ^4.0.0
2098 silly placeDep ROOT @alloc/quick-lru@5.2.0 OK for: tailwindcss@3.4.19 want: ^5.2.0
2099 silly placeDep ROOT arg@5.0.2 OK for: tailwindcss@3.4.19 want: ^5.0.2
2100 silly placeDep ROOT chokidar@3.6.0 OK for: tailwindcss@3.4.19 want: ^3.6.0
2101 silly placeDep ROOT didyoumean@1.2.2 OK for: tailwindcss@3.4.19 want: ^1.2.2
2102 silly placeDep ROOT dlv@1.1.3 OK for: tailwindcss@3.4.19 want: ^1.1.3
2103 silly placeDep ROOT fast-glob@3.3.3 OK for: tailwindcss@3.4.19 want: ^3.3.2
2104 silly placeDep ROOT jiti@1.21.7 OK for: tailwindcss@3.4.19 want: ^1.21.7
2105 silly placeDep ROOT lilconfig@3.1.3 OK for: tailwindcss@3.4.19 want: ^3.1.3
2106 silly placeDep ROOT micromatch@4.0.8 OK for: tailwindcss@3.4.19 want: ^4.0.8
2107 silly placeDep ROOT normalize-path@3.0.0 OK for: tailwindcss@3.4.19 want: ^3.0.0
2108 silly placeDep ROOT object-hash@3.0.0 OK for: tailwindcss@3.4.19 want: ^3.0.0
2109 silly placeDep ROOT postcss-import@15.1.0 OK for: tailwindcss@3.4.19 want: ^15.1.0
2110 silly placeDep ROOT postcss-js@4.1.0 OK for: tailwindcss@3.4.19 want: ^4.0.1
2111 silly placeDep ROOT postcss-load-config@6.0.1 OK for: tailwindcss@3.4.19 want: ^4.0.2 || ^5.0 || ^6.0
2112 silly placeDep ROOT postcss-nested@6.2.0 OK for: tailwindcss@3.4.19 want: ^6.2.0
2113 silly placeDep ROOT postcss-selector-parser@6.1.2 OK for: tailwindcss@3.4.19 want: ^6.1.2
2114 silly placeDep node_modules/tailwindcss resolve@1.22.12 OK for: tailwindcss@3.4.19 want: ^1.22.8
2115 silly placeDep ROOT sucrase@3.35.1 OK for: tailwindcss@3.4.19 want: ^3.35.0
2116 silly fetch manifest braces@~3.0.2
2117 silly packumentCache full:https://registry.npmjs.org/braces cache-miss
2118 silly fetch manifest anymatch@~3.1.2
2119 silly packumentCache full:https://registry.npmjs.org/anymatch cache-miss
2120 silly fetch manifest readdirp@~3.6.0
2121 silly packumentCache full:https://registry.npmjs.org/readdirp cache-miss
2122 silly fetch manifest glob-parent@~5.1.2
2123 silly packumentCache full:https://registry.npmjs.org/glob-parent cache-miss
2124 silly fetch manifest is-binary-path@~2.1.0
2125 silly packumentCache full:https://registry.npmjs.org/is-binary-path cache-miss
2126 silly fetch manifest normalize-path@~3.0.0
2127 silly packumentCache full:https://registry.npmjs.org/normalize-path cache-miss
2128 silly fetch manifest fsevents@~2.3.2
2129 silly packumentCache full:https://registry.npmjs.org/fsevents cache-miss
2130 http cache https://registry.npmjs.org/normalize-path 4ms (cache hit)
2131 silly packumentCache full:https://registry.npmjs.org/normalize-path set size:28713 disposed:false
2132 silly fetch manifest glob-parent@^5.1.2
2133 silly packumentCache full:https://registry.npmjs.org/glob-parent cache-miss
2134 http cache https://registry.npmjs.org/glob-parent 5ms (cache hit)
2135 silly packumentCache full:https://registry.npmjs.org/glob-parent set size:42445 disposed:false
2136 silly fetch manifest merge2@^1.3.0
2137 silly packumentCache full:https://registry.npmjs.org/merge2 cache-miss
2138 http cache https://registry.npmjs.org/glob-parent 3ms (cache hit)
2139 silly packumentCache full:https://registry.npmjs.org/glob-parent set size:42445 disposed:false
2140 silly packumentCache full:https://registry.npmjs.org/glob-parent dispose
2141 silly fetch manifest braces@^3.0.3
2142 silly packumentCache full:https://registry.npmjs.org/braces cache-miss
2143 http fetch GET 200 https://registry.npmjs.org/fsevents 82ms (cache miss)
2144 silly packumentCache full:https://registry.npmjs.org/fsevents set size:undefined disposed:false
2145 silly fetch manifest picomatch@^2.3.1
2146 silly packumentCache full:https://registry.npmjs.org/picomatch cache-miss
2147 http fetch GET 200 https://registry.npmjs.org/braces 94ms (cache miss)
2148 silly packumentCache full:https://registry.npmjs.org/braces set size:undefined disposed:false
2149 silly fetch manifest resolve@^1.1.7
2150 silly packumentCache full:https://registry.npmjs.org/resolve cache-hit
2151 silly fetch manifest read-cache@^1.0.0
2152 silly packumentCache full:https://registry.npmjs.org/read-cache cache-miss
2153 http fetch GET 200 https://registry.npmjs.org/readdirp 98ms (cache miss)
2154 silly packumentCache full:https://registry.npmjs.org/readdirp set size:undefined disposed:false
2155 silly fetch manifest camelcase-css@^2.0.1
2156 silly packumentCache full:https://registry.npmjs.org/camelcase-css cache-miss
2157 http fetch GET 200 https://registry.npmjs.org/anymatch 100ms (cache miss)
2158 silly packumentCache full:https://registry.npmjs.org/anymatch set size:undefined disposed:false
2159 silly fetch manifest postcss-selector-parser@^6.1.1
2160 silly packumentCache full:https://registry.npmjs.org/postcss-selector-parser cache-miss
2161 http fetch GET 200 https://registry.npmjs.org/braces 96ms (cache miss)
2162 silly packumentCache full:https://registry.npmjs.org/braces set size:undefined disposed:false
2163 silly fetch manifest cssesc@^3.0.0
2164 silly packumentCache full:https://registry.npmjs.org/cssesc cache-miss
2165 http cache https://registry.npmjs.org/picomatch 17ms (cache hit)
2166 silly packumentCache full:https://registry.npmjs.org/picomatch set size:126376 disposed:false
2167 silly fetch manifest util-deprecate@^1.0.2
2168 silly packumentCache full:https://registry.npmjs.org/util-deprecate cache-miss
2169 http fetch GET 200 https://registry.npmjs.org/is-binary-path 106ms (cache miss)
2170 silly packumentCache full:https://registry.npmjs.org/is-binary-path set size:undefined disposed:false
2171 silly fetch manifest @jridgewell/gen-mapping@^0.3.2
2172 silly packumentCache full:https://registry.npmjs.org/@jridgewell%2fgen-mapping cache-miss
2173 http fetch GET 200 https://registry.npmjs.org/merge2 102ms (cache miss)
2174 silly packumentCache full:https://registry.npmjs.org/merge2 set size:undefined disposed:false
2175 silly fetch manifest commander@^4.0.0
2176 silly packumentCache full:https://registry.npmjs.org/commander cache-miss
2177 http cache https://registry.npmjs.org/postcss-selector-parser 7ms (cache hit)
2178 silly packumentCache full:https://registry.npmjs.org/postcss-selector-parser set size:177140 disposed:false
2179 silly fetch manifest lines-and-columns@^1.1.6
2180 silly packumentCache full:https://registry.npmjs.org/lines-and-columns cache-miss
2181 http fetch GET 200 https://registry.npmjs.org/camelcase-css 60ms (cache miss)
2182 silly packumentCache full:https://registry.npmjs.org/camelcase-css set size:undefined disposed:false
2183 silly fetch manifest mz@^2.7.0
2184 silly packumentCache full:https://registry.npmjs.org/mz cache-miss
2185 http fetch GET 200 https://registry.npmjs.org/read-cache 68ms (cache miss)
2186 silly packumentCache full:https://registry.npmjs.org/read-cache set size:undefined disposed:false
2187 silly fetch manifest pirates@^4.0.1
2188 silly packumentCache full:https://registry.npmjs.org/pirates cache-miss
2189 http fetch GET 200 https://registry.npmjs.org/cssesc 68ms (cache miss)
2190 silly packumentCache full:https://registry.npmjs.org/cssesc set size:undefined disposed:false
2191 silly fetch manifest ts-interface-checker@^0.1.9
2192 silly packumentCache full:https://registry.npmjs.org/ts-interface-checker cache-miss
2193 http fetch GET 200 https://registry.npmjs.org/util-deprecate 69ms (cache miss)
2194 silly packumentCache full:https://registry.npmjs.org/util-deprecate set size:undefined disposed:false
2195 http fetch GET 200 https://registry.npmjs.org/lines-and-columns 74ms (cache miss)
2196 silly packumentCache full:https://registry.npmjs.org/lines-and-columns set size:undefined disposed:false
2197 http fetch GET 200 https://registry.npmjs.org/commander 92ms (cache miss)
2198 silly packumentCache full:https://registry.npmjs.org/commander set size:undefined disposed:false
2199 http fetch GET 200 https://registry.npmjs.org/@jridgewell%2fgen-mapping 99ms (cache miss)
2200 silly packumentCache full:https://registry.npmjs.org/@jridgewell%2fgen-mapping set size:undefined disposed:false
2201 http fetch GET 200 https://registry.npmjs.org/mz 67ms (cache miss)
2202 silly packumentCache full:https://registry.npmjs.org/mz set size:undefined disposed:false
2203 http fetch GET 200 https://registry.npmjs.org/pirates 64ms (cache miss)
2204 silly packumentCache full:https://registry.npmjs.org/pirates set size:undefined disposed:false
2205 http fetch GET 200 https://registry.npmjs.org/ts-interface-checker 64ms (cache miss)
2206 silly packumentCache full:https://registry.npmjs.org/ts-interface-checker set size:undefined disposed:false
2207 silly placeDep ROOT anymatch@3.1.3 OK for: chokidar@3.6.0 want: ~3.1.2
2208 silly placeDep ROOT braces@3.0.3 OK for: chokidar@3.6.0 want: ~3.0.2
2209 silly placeDep ROOT fsevents@2.3.3 OK for: chokidar@3.6.0 want: ~2.3.2
2210 silly placeDep node_modules/chokidar glob-parent@5.1.2 OK for: chokidar@3.6.0 want: ~5.1.2
2211 silly placeDep ROOT is-binary-path@2.1.0 OK for: chokidar@3.6.0 want: ~2.1.0
2212 silly placeDep ROOT readdirp@3.6.0 OK for: chokidar@3.6.0 want: ~3.6.0
2213 silly fetch manifest picomatch@^2.0.4
2214 silly packumentCache full:https://registry.npmjs.org/picomatch cache-hit
2215 silly fetch manifest fill-range@^7.1.1
2216 silly packumentCache full:https://registry.npmjs.org/fill-range cache-miss
2217 silly fetch manifest binary-extensions@^2.0.0
2218 silly packumentCache full:https://registry.npmjs.org/binary-extensions cache-miss
2219 silly fetch manifest picomatch@^2.2.1
2220 silly packumentCache full:https://registry.npmjs.org/picomatch cache-hit
2221 http fetch GET 200 https://registry.npmjs.org/fill-range 69ms (cache miss)
2222 silly packumentCache full:https://registry.npmjs.org/fill-range set size:undefined disposed:false
2223 http fetch GET 200 https://registry.npmjs.org/binary-extensions 76ms (cache miss)
2224 silly packumentCache full:https://registry.npmjs.org/binary-extensions set size:undefined disposed:false
2225 silly placeDep ROOT picomatch@2.3.2 OK for: anymatch@3.1.3 want: ^2.0.4
2226 silly placeDep ROOT fill-range@7.1.1 OK for: braces@3.0.3 want: ^7.1.1
2227 silly fetch manifest to-regex-range@^5.0.1
2228 silly packumentCache full:https://registry.npmjs.org/to-regex-range cache-miss
2229 http fetch GET 200 https://registry.npmjs.org/to-regex-range 82ms (cache miss)
2230 silly packumentCache full:https://registry.npmjs.org/to-regex-range set size:undefined disposed:false
2231 silly placeDep node_modules/fast-glob glob-parent@5.1.2 OK for: fast-glob@3.3.3 want: ^5.1.2
2232 silly placeDep ROOT merge2@1.4.1 OK for: fast-glob@3.3.3 want: ^1.3.0
2233 silly placeDep ROOT to-regex-range@5.0.1 OK for: fill-range@7.1.1 want: ^5.0.1
2234 silly fetch manifest is-number@^7.0.0
2235 silly packumentCache full:https://registry.npmjs.org/is-number cache-miss
2236 http fetch GET 200 https://registry.npmjs.org/is-number 91ms (cache miss)
2237 silly packumentCache full:https://registry.npmjs.org/is-number set size:undefined disposed:false
2238 silly placeDep ROOT binary-extensions@2.3.0 OK for: is-binary-path@2.1.0 want: ^2.0.0
2239 silly placeDep ROOT read-cache@1.0.0 OK for: postcss-import@15.1.0 want: ^1.0.0
2240 silly placeDep node_modules/postcss-import resolve@1.22.12 OK for: postcss-import@15.1.0 want: ^1.1.7
2241 silly fetch manifest pify@^2.3.0
2242 silly packumentCache full:https://registry.npmjs.org/pify cache-miss
2243 http fetch GET 200 https://registry.npmjs.org/pify 61ms (cache miss)
2244 silly packumentCache full:https://registry.npmjs.org/pify set size:undefined disposed:false
2245 silly placeDep ROOT camelcase-css@2.0.1 OK for: postcss-js@4.1.0 want: ^2.0.1
2246 silly placeDep ROOT cssesc@3.0.0 OK for: postcss-selector-parser@6.1.2 want: ^3.0.0
2247 silly placeDep ROOT util-deprecate@1.0.2 OK for: postcss-selector-parser@6.1.2 want: ^1.0.2
2248 silly placeDep ROOT pify@2.3.0 OK for: read-cache@1.0.0 want: ^2.3.0
2249 silly placeDep ROOT @jridgewell/gen-mapping@0.3.13 OK for: sucrase@3.35.1 want: ^0.3.2
2250 silly placeDep ROOT commander@4.1.1 OK for: sucrase@3.35.1 want: ^4.0.0
2251 silly placeDep ROOT lines-and-columns@1.2.4 OK for: sucrase@3.35.1 want: ^1.1.6
2252 silly placeDep ROOT mz@2.7.0 OK for: sucrase@3.35.1 want: ^2.7.0
2253 silly placeDep ROOT pirates@4.0.7 OK for: sucrase@3.35.1 want: ^4.0.1
2254 silly placeDep ROOT ts-interface-checker@0.1.13 OK for: sucrase@3.35.1 want: ^0.1.9
2255 silly fetch manifest @jridgewell/trace-mapping@^0.3.24
2256 silly packumentCache full:https://registry.npmjs.org/@jridgewell%2ftrace-mapping cache-miss
2257 silly fetch manifest @jridgewell/sourcemap-codec@^1.5.0
2258 silly packumentCache full:https://registry.npmjs.org/@jridgewell%2fsourcemap-codec cache-miss
2259 silly fetch manifest any-promise@^1.0.0
2260 silly packumentCache full:https://registry.npmjs.org/any-promise cache-miss
2261 silly fetch manifest thenify-all@^1.0.0
2262 silly packumentCache full:https://registry.npmjs.org/thenify-all cache-miss
2263 http fetch GET 200 https://registry.npmjs.org/any-promise 78ms (cache miss)
2264 silly packumentCache full:https://registry.npmjs.org/any-promise set size:undefined disposed:false
2265 http fetch GET 200 https://registry.npmjs.org/@jridgewell%2ftrace-mapping 84ms (cache miss)
2266 silly packumentCache full:https://registry.npmjs.org/@jridgewell%2ftrace-mapping set size:undefined disposed:false
2267 http fetch GET 200 https://registry.npmjs.org/thenify-all 87ms (cache miss)
2268 silly packumentCache full:https://registry.npmjs.org/thenify-all set size:undefined disposed:false
2269 http fetch GET 200 https://registry.npmjs.org/@jridgewell%2fsourcemap-codec 89ms (cache miss)
2270 silly packumentCache full:https://registry.npmjs.org/@jridgewell%2fsourcemap-codec set size:undefined disposed:false
2271 silly placeDep ROOT @jridgewell/sourcemap-codec@1.5.5 OK for: @jridgewell/gen-mapping@0.3.13 want: ^1.5.0
2272 silly placeDep ROOT @jridgewell/trace-mapping@0.3.31 OK for: @jridgewell/gen-mapping@0.3.13 want: ^0.3.24
2273 silly fetch manifest @jridgewell/resolve-uri@^3.1.0
2274 silly packumentCache full:https://registry.npmjs.org/@jridgewell%2fresolve-uri cache-miss
2275 http fetch GET 200 https://registry.npmjs.org/@jridgewell%2fresolve-uri 90ms (cache miss)
2276 silly packumentCache full:https://registry.npmjs.org/@jridgewell%2fresolve-uri set size:undefined disposed:false
2277 silly placeDep ROOT @jridgewell/resolve-uri@3.1.2 OK for: @jridgewell/trace-mapping@0.3.31 want: ^3.1.0
2278 silly placeDep ROOT any-promise@1.3.0 OK for: mz@2.7.0 want: ^1.0.0
2279 silly placeDep ROOT thenify-all@1.6.0 OK for: mz@2.7.0 want: ^1.0.0
2280 silly fetch manifest thenify@>= 3.1.0 < 4
2281 silly packumentCache full:https://registry.npmjs.org/thenify cache-miss
2282 http fetch GET 200 https://registry.npmjs.org/thenify 73ms (cache miss)
2283 silly packumentCache full:https://registry.npmjs.org/thenify set size:undefined disposed:false
2284 silly placeDep ROOT thenify@3.3.1 OK for: thenify-all@1.6.0 want: >= 3.1.0 < 4
2285 silly placeDep ROOT fdir@6.5.0 OK for: tinyglobby@0.2.17 want: ^6.5.0
2286 silly placeDep node_modules/tinyglobby picomatch@4.0.4 OK for: tinyglobby@0.2.17 want: ^4.0.4
2287 silly placeDep ROOT is-number@7.0.0 OK for: to-regex-range@5.0.1 want: ^7.0.0
2288 silly placeDep ROOT @types/json5@0.0.29 OK for: tsconfig-paths@3.15.0 want: ^0.0.29
2289 silly placeDep ROOT json5@1.0.2 OK for: tsconfig-paths@3.15.0 want: ^1.0.2
2290 silly placeDep ROOT minimist@1.2.8 OK for: tsconfig-paths@3.15.0 want: ^1.2.6
2291 silly placeDep ROOT strip-bom@3.0.0 OK for: tsconfig-paths@3.15.0 want: ^3.0.0
2292 silly fetch manifest minimist@^1.2.0
2293 silly packumentCache full:https://registry.npmjs.org/minimist cache-miss
2294 http cache https://registry.npmjs.org/minimist 3ms (cache hit)
2295 silly packumentCache full:https://registry.npmjs.org/minimist set size:77063 disposed:false
2296 silly placeDep ROOT for-each@0.3.5 OK for: typed-array-byte-length@1.0.3 want: ^0.3.3
2297 silly placeDep ROOT reflect.getprototypeof@1.0.10 OK for: typed-array-byte-offset@1.0.4 want: ^1.0.9
2298 silly fetch manifest which-builtin-type@^1.2.1
2299 silly packumentCache full:https://registry.npmjs.org/which-builtin-type cache-miss
2300 http fetch GET 200 https://registry.npmjs.org/which-builtin-type 66ms (cache miss)
2301 silly packumentCache full:https://registry.npmjs.org/which-builtin-type set size:undefined disposed:false
2302 silly placeDep ROOT which-builtin-type@1.2.1 OK for: reflect.getprototypeof@1.0.10 want: ^1.2.1
2303 silly fetch manifest is-async-function@^2.0.0
2304 silly packumentCache full:https://registry.npmjs.org/is-async-function cache-miss
2305 silly fetch manifest is-finalizationregistry@^1.1.0
2306 silly packumentCache full:https://registry.npmjs.org/is-finalizationregistry cache-miss
2307 silly fetch manifest is-generator-function@^1.0.10
2308 silly packumentCache full:https://registry.npmjs.org/is-generator-function cache-miss
2309 silly fetch manifest which-boxed-primitive@^1.1.0
2310 silly packumentCache full:https://registry.npmjs.org/which-boxed-primitive cache-miss
2311 silly fetch manifest which-collection@^1.0.2
2312 silly packumentCache full:https://registry.npmjs.org/which-collection cache-miss
2313 http cache https://registry.npmjs.org/which-boxed-primitive 5ms (cache hit)
2314 silly packumentCache full:https://registry.npmjs.org/which-boxed-primitive set size:19407 disposed:false
2315 http fetch GET 200 https://registry.npmjs.org/is-generator-function 80ms (cache miss)
2316 silly packumentCache full:https://registry.npmjs.org/is-generator-function set size:undefined disposed:false
2317 http fetch GET 200 https://registry.npmjs.org/is-finalizationregistry 82ms (cache miss)
2318 silly packumentCache full:https://registry.npmjs.org/is-finalizationregistry set size:undefined disposed:false
2319 http fetch GET 200 https://registry.npmjs.org/which-collection 82ms (cache miss)
2320 silly packumentCache full:https://registry.npmjs.org/which-collection set size:undefined disposed:false
2321 http fetch GET 200 https://registry.npmjs.org/is-async-function 239ms (cache miss)
2322 silly packumentCache full:https://registry.npmjs.org/is-async-function set size:undefined disposed:false
2323 silly placeDep ROOT has-bigints@1.1.0 OK for: unbox-primitive@1.1.0 want: ^1.0.2
2324 silly placeDep ROOT which-boxed-primitive@1.1.1 OK for: unbox-primitive@1.1.0 want: ^1.1.1
2325 silly fetch manifest is-bigint@^1.1.0
2326 silly packumentCache full:https://registry.npmjs.org/is-bigint cache-miss
2327 silly fetch manifest is-boolean-object@^1.2.1
2328 silly packumentCache full:https://registry.npmjs.org/is-boolean-object cache-miss
2329 silly fetch manifest is-number-object@^1.1.1
2330 silly packumentCache full:https://registry.npmjs.org/is-number-object cache-miss
2331 http fetch GET 200 https://registry.npmjs.org/is-number-object 69ms (cache miss)
2332 silly packumentCache full:https://registry.npmjs.org/is-number-object set size:undefined disposed:false
2333 http fetch GET 200 https://registry.npmjs.org/is-boolean-object 75ms (cache miss)
2334 silly packumentCache full:https://registry.npmjs.org/is-boolean-object set size:undefined disposed:false
2335 http fetch GET 200 https://registry.npmjs.org/is-bigint 81ms (cache miss)
2336 silly packumentCache full:https://registry.npmjs.org/is-bigint set size:undefined disposed:false
2337 silly placeDep ROOT @unrs/resolver-binding-android-arm-eabi@1.12.2 OK for: unrs-resolver@1.12.2 want: 1.12.2
2338 silly placeDep ROOT @unrs/resolver-binding-android-arm64@1.12.2 OK for: unrs-resolver@1.12.2 want: 1.12.2
2339 silly placeDep ROOT @unrs/resolver-binding-darwin-arm64@1.12.2 OK for: unrs-resolver@1.12.2 want: 1.12.2
2340 silly placeDep ROOT @unrs/resolver-binding-darwin-x64@1.12.2 OK for: unrs-resolver@1.12.2 want: 1.12.2
2341 silly placeDep ROOT @unrs/resolver-binding-freebsd-x64@1.12.2 OK for: unrs-resolver@1.12.2 want: 1.12.2
2342 silly placeDep ROOT @unrs/resolver-binding-linux-arm-gnueabihf@1.12.2 OK for: unrs-resolver@1.12.2 want: 1.12.2
2343 silly placeDep ROOT @unrs/resolver-binding-linux-arm-musleabihf@1.12.2 OK for: unrs-resolver@1.12.2 want: 1.12.2
2344 silly placeDep ROOT @unrs/resolver-binding-linux-arm64-gnu@1.12.2 OK for: unrs-resolver@1.12.2 want: 1.12.2
2345 silly placeDep ROOT @unrs/resolver-binding-linux-arm64-musl@1.12.2 OK for: unrs-resolver@1.12.2 want: 1.12.2
2346 silly placeDep ROOT @unrs/resolver-binding-linux-loong64-gnu@1.12.2 OK for: unrs-resolver@1.12.2 want: 1.12.2
2347 silly placeDep ROOT @unrs/resolver-binding-linux-loong64-musl@1.12.2 OK for: unrs-resolver@1.12.2 want: 1.12.2
2348 silly placeDep ROOT @unrs/resolver-binding-linux-ppc64-gnu@1.12.2 OK for: unrs-resolver@1.12.2 want: 1.12.2
2349 silly placeDep ROOT @unrs/resolver-binding-linux-riscv64-gnu@1.12.2 OK for: unrs-resolver@1.12.2 want: 1.12.2
2350 silly placeDep ROOT @unrs/resolver-binding-linux-riscv64-musl@1.12.2 OK for: unrs-resolver@1.12.2 want: 1.12.2
2351 silly placeDep ROOT @unrs/resolver-binding-linux-s390x-gnu@1.12.2 OK for: unrs-resolver@1.12.2 want: 1.12.2
2352 silly placeDep ROOT @unrs/resolver-binding-linux-x64-gnu@1.12.2 OK for: unrs-resolver@1.12.2 want: 1.12.2
2353 silly placeDep ROOT @unrs/resolver-binding-linux-x64-musl@1.12.2 OK for: unrs-resolver@1.12.2 want: 1.12.2
2354 silly placeDep ROOT @unrs/resolver-binding-openharmony-arm64@1.12.2 OK for: unrs-resolver@1.12.2 want: 1.12.2
2355 silly placeDep ROOT @unrs/resolver-binding-wasm32-wasi@1.12.2 OK for: unrs-resolver@1.12.2 want: 1.12.2
2356 silly placeDep ROOT @unrs/resolver-binding-win32-arm64-msvc@1.12.2 OK for: unrs-resolver@1.12.2 want: 1.12.2
2357 silly placeDep ROOT @unrs/resolver-binding-win32-ia32-msvc@1.12.2 OK for: unrs-resolver@1.12.2 want: 1.12.2
2358 silly placeDep ROOT @unrs/resolver-binding-win32-x64-msvc@1.12.2 OK for: unrs-resolver@1.12.2 want: 1.12.2
2359 silly placeDep ROOT napi-postinstall@0.3.4 OK for: unrs-resolver@1.12.2 want: ^0.3.4
2360 silly fetch manifest @napi-rs/wasm-runtime@^1.1.4
2361 silly packumentCache full:https://registry.npmjs.org/@napi-rs%2fwasm-runtime cache-miss
2362 silly fetch manifest @emnapi/core@1.10.0
2363 silly packumentCache full:https://registry.npmjs.org/@emnapi%2fcore cache-miss
2364 silly fetch manifest @emnapi/runtime@1.10.0
2365 silly packumentCache full:https://registry.npmjs.org/@emnapi%2fruntime cache-miss
2366 http fetch GET 200 https://registry.npmjs.org/@napi-rs%2fwasm-runtime 84ms (cache miss)
2367 silly packumentCache full:https://registry.npmjs.org/@napi-rs%2fwasm-runtime set size:undefined disposed:false
2368 http fetch GET 200 https://registry.npmjs.org/@emnapi%2fcore 90ms (cache miss)
2369 silly packumentCache full:https://registry.npmjs.org/@emnapi%2fcore set size:undefined disposed:false
2370 http fetch GET 200 https://registry.npmjs.org/@emnapi%2fruntime 97ms (cache miss)
2371 silly packumentCache full:https://registry.npmjs.org/@emnapi%2fruntime set size:undefined disposed:false
2372 silly placeDep ROOT @emnapi/core@1.10.0 OK for: @unrs/resolver-binding-wasm32-wasi@1.12.2 want: 1.10.0
2373 silly placeDep ROOT @emnapi/runtime@1.10.0 OK for: @unrs/resolver-binding-wasm32-wasi@1.12.2 want: 1.10.0
2374 silly placeDep ROOT @napi-rs/wasm-runtime@1.1.4 OK for: @unrs/resolver-binding-wasm32-wasi@1.12.2 want: ^1.1.4
2375 silly fetch manifest @emnapi/wasi-threads@1.2.1
2376 silly packumentCache full:https://registry.npmjs.org/@emnapi%2fwasi-threads cache-miss
2377 silly fetch manifest @tybys/wasm-util@^0.10.1
2378 silly packumentCache full:https://registry.npmjs.org/@tybys%2fwasm-util cache-miss
2379 http fetch GET 200 https://registry.npmjs.org/@emnapi%2fwasi-threads 116ms (cache miss)
2380 silly packumentCache full:https://registry.npmjs.org/@emnapi%2fwasi-threads set size:undefined disposed:false
2381 http fetch GET 200 https://registry.npmjs.org/@tybys%2fwasm-util 120ms (cache miss)
2382 silly packumentCache full:https://registry.npmjs.org/@tybys%2fwasm-util set size:undefined disposed:false
2383 silly placeDep ROOT @emnapi/wasi-threads@1.2.1 OK for: @emnapi/core@1.10.0 want: 1.2.1
2384 silly placeDep ROOT @tybys/wasm-util@0.10.2 OK for: @napi-rs/wasm-runtime@1.1.4 want: ^0.10.1
2385 silly placeDep ROOT escalade@3.2.0 OK for: update-browserslist-db@1.2.3 want: ^3.2.0
2386 silly placeDep ROOT punycode@2.3.1 OK for: uri-js@4.4.1 want: ^2.1.0
2387 silly placeDep ROOT @types/d3-array@3.2.2 OK for: victory-vendor@36.9.2 want: ^3.0.3
2388 silly placeDep ROOT @types/d3-ease@3.0.2 OK for: victory-vendor@36.9.2 want: ^3.0.0
2389 silly placeDep ROOT @types/d3-interpolate@3.0.4 OK for: victory-vendor@36.9.2 want: ^3.0.1
2390 silly placeDep ROOT @types/d3-scale@4.0.9 OK for: victory-vendor@36.9.2 want: ^4.0.2
2391 silly placeDep ROOT @types/d3-shape@3.1.8 OK for: victory-vendor@36.9.2 want: ^3.1.0
2392 silly placeDep ROOT @types/d3-time@3.0.4 OK for: victory-vendor@36.9.2 want: ^3.0.0
2393 silly placeDep ROOT @types/d3-timer@3.0.2 OK for: victory-vendor@36.9.2 want: ^3.0.0
2394 silly placeDep ROOT d3-array@3.2.4 OK for: victory-vendor@36.9.2 want: ^3.1.6
2395 silly placeDep ROOT d3-ease@3.0.1 OK for: victory-vendor@36.9.2 want: ^3.0.1
2396 silly placeDep ROOT d3-interpolate@3.0.1 OK for: victory-vendor@36.9.2 want: ^3.0.1
2397 silly placeDep ROOT d3-scale@4.0.2 OK for: victory-vendor@36.9.2 want: ^4.0.2
2398 silly placeDep ROOT d3-shape@3.2.0 OK for: victory-vendor@36.9.2 want: ^3.1.0
2399 silly placeDep ROOT d3-time@3.1.0 OK for: victory-vendor@36.9.2 want: ^3.0.0
2400 silly placeDep ROOT d3-timer@3.0.1 OK for: victory-vendor@36.9.2 want: ^3.0.1
2401 silly fetch manifest @types/d3-color@*
2402 silly packumentCache full:https://registry.npmjs.org/@types%2fd3-color cache-miss
2403 silly fetch manifest @types/d3-time@*
2404 silly packumentCache full:https://registry.npmjs.org/@types%2fd3-time cache-miss
2405 silly fetch manifest @types/d3-path@*
2406 silly packumentCache full:https://registry.npmjs.org/@types%2fd3-path cache-miss
2407 silly fetch manifest internmap@1 - 2
2408 silly packumentCache full:https://registry.npmjs.org/internmap cache-miss
2409 silly fetch manifest d3-color@1 - 3
2410 silly packumentCache full:https://registry.npmjs.org/d3-color cache-miss
2411 silly fetch manifest d3-format@1 - 3
2412 silly packumentCache full:https://registry.npmjs.org/d3-format cache-miss
2413 silly fetch manifest d3-time@2.1.1 - 3
2414 silly packumentCache full:https://registry.npmjs.org/d3-time cache-miss
2415 http cache https://registry.npmjs.org/@types%2fd3-time 5ms (cache hit)
2416 silly packumentCache full:https://registry.npmjs.org/@types%2fd3-time set size:52652 disposed:false
2417 silly fetch manifest d3-time-format@2 - 4
2418 silly packumentCache full:https://registry.npmjs.org/d3-time-format cache-miss
2419 http cache https://registry.npmjs.org/d3-time 6ms (cache hit)
2420 silly packumentCache full:https://registry.npmjs.org/d3-time set size:150406 disposed:false
2421 silly fetch manifest d3-path@^3.1.0
2422 silly packumentCache full:https://registry.npmjs.org/d3-path cache-miss
2423 http fetch GET 200 https://registry.npmjs.org/d3-time-format 67ms (cache miss)
2424 silly packumentCache full:https://registry.npmjs.org/d3-time-format set size:undefined disposed:false
2425 http fetch GET 200 https://registry.npmjs.org/d3-path 67ms (cache miss)
2426 silly packumentCache full:https://registry.npmjs.org/d3-path set size:undefined disposed:false
2427 http fetch GET 200 https://registry.npmjs.org/internmap 76ms (cache miss)
2428 silly packumentCache full:https://registry.npmjs.org/internmap set size:undefined disposed:false
2429 http fetch GET 200 https://registry.npmjs.org/d3-format 80ms (cache miss)
2430 silly packumentCache full:https://registry.npmjs.org/d3-format set size:undefined disposed:false
2431 http fetch GET 200 https://registry.npmjs.org/d3-color 81ms (cache miss)
2432 silly packumentCache full:https://registry.npmjs.org/d3-color set size:undefined disposed:false
2433 http fetch GET 200 https://registry.npmjs.org/@types%2fd3-path 90ms (cache miss)
2434 silly packumentCache full:https://registry.npmjs.org/@types%2fd3-path set size:undefined disposed:false
2435 http fetch GET 200 https://registry.npmjs.org/@types%2fd3-color 99ms (cache miss)
2436 silly packumentCache full:https://registry.npmjs.org/@types%2fd3-color set size:undefined disposed:false
2437 silly placeDep ROOT @types/d3-color@3.1.3 OK for: @types/d3-interpolate@3.0.4 want: *
2438 silly placeDep ROOT @types/d3-path@3.1.1 OK for: @types/d3-shape@3.1.8 want: *
2439 silly placeDep ROOT internmap@2.0.3 OK for: d3-array@3.2.4 want: 1 - 2
2440 silly placeDep ROOT d3-color@3.1.0 OK for: d3-interpolate@3.0.1 want: 1 - 3
2441 silly placeDep ROOT d3-format@3.1.2 OK for: d3-scale@4.0.2 want: 1 - 3
2442 silly placeDep ROOT d3-time-format@4.1.0 OK for: d3-scale@4.0.2 want: 2 - 4
2443 silly placeDep ROOT d3-path@3.1.0 OK for: d3-shape@3.2.0 want: ^3.1.0
2444 silly placeDep ROOT isexe@2.0.0 OK for: which@2.0.2 want: ^2.0.0
2445 silly placeDep ROOT is-bigint@1.1.0 OK for: which-boxed-primitive@1.1.1 want: ^1.1.0
2446 silly placeDep ROOT is-boolean-object@1.2.2 OK for: which-boxed-primitive@1.1.1 want: ^1.2.1
2447 silly placeDep ROOT is-number-object@1.1.1 OK for: which-boxed-primitive@1.1.1 want: ^1.1.1
2448 silly placeDep ROOT is-async-function@2.1.1 OK for: which-builtin-type@1.2.1 want: ^2.0.0
2449 silly placeDep ROOT is-finalizationregistry@1.1.1 OK for: which-builtin-type@1.2.1 want: ^1.1.0
2450 silly placeDep ROOT is-generator-function@1.1.2 OK for: which-builtin-type@1.2.1 want: ^1.0.10
2451 silly placeDep ROOT which-collection@1.0.2 OK for: which-builtin-type@1.2.1 want: ^1.0.2
2452 silly fetch manifest async-function@^1.0.0
2453 silly packumentCache full:https://registry.npmjs.org/async-function cache-miss
2454 silly fetch manifest generator-function@^2.0.0
2455 silly packumentCache full:https://registry.npmjs.org/generator-function cache-miss
2456 silly fetch manifest is-map@^2.0.3
2457 silly packumentCache full:https://registry.npmjs.org/is-map cache-miss
2458 silly fetch manifest is-weakmap@^2.0.2
2459 silly packumentCache full:https://registry.npmjs.org/is-weakmap cache-miss
2460 silly fetch manifest is-weakset@^2.0.3
2461 silly packumentCache full:https://registry.npmjs.org/is-weakset cache-miss
2462 http fetch GET 200 https://registry.npmjs.org/generator-function 65ms (cache miss)
2463 silly packumentCache full:https://registry.npmjs.org/generator-function set size:undefined disposed:false
2464 http fetch GET 200 https://registry.npmjs.org/is-map 68ms (cache miss)
2465 silly packumentCache full:https://registry.npmjs.org/is-map set size:undefined disposed:false
2466 http fetch GET 200 https://registry.npmjs.org/async-function 74ms (cache miss)
2467 silly packumentCache full:https://registry.npmjs.org/async-function set size:undefined disposed:false
2468 http fetch GET 200 https://registry.npmjs.org/is-weakset 84ms (cache miss)
2469 silly packumentCache full:https://registry.npmjs.org/is-weakset set size:undefined disposed:false
2470 http fetch GET 200 https://registry.npmjs.org/is-weakmap 93ms (cache miss)
2471 silly packumentCache full:https://registry.npmjs.org/is-weakmap set size:undefined disposed:false
2472 silly placeDep ROOT async-function@1.0.0 OK for: is-async-function@2.1.1 want: ^1.0.0
2473 silly placeDep ROOT generator-function@2.0.1 OK for: is-generator-function@1.1.2 want: ^2.0.0
2474 silly placeDep ROOT is-map@2.0.3 OK for: which-collection@1.0.2 want: ^2.0.3
2475 silly placeDep ROOT is-weakmap@2.0.2 OK for: which-collection@1.0.2 want: ^2.0.2
2476 silly placeDep ROOT is-weakset@2.0.4 OK for: which-collection@1.0.2 want: ^2.0.3
2477 silly placeDep node_modules/wrap-ansi ansi-styles@6.2.3 OK for: wrap-ansi@8.1.0 want: ^6.1.0
2478 silly placeDep node_modules/wrap-ansi strip-ansi@7.2.0 OK for: wrap-ansi@8.1.0 want: ^7.0.1
2479 silly placeDep node_modules/wrap-ansi-cjs string-width@4.2.3 OK for: wrap-ansi@7.0.0 want: ^4.1.0
2480 silly placeDep node_modules/@isaacs/cliui ansi-regex@6.2.2 OK for: strip-ansi@7.2.0 want: ^6.2.2
2481 silly placeDep node_modules/@typescript-eslint/typescript-estree brace-expansion@5.0.6 OK for: minimatch@10.2.5 want: ^5.0.5
2482 silly fetch manifest balanced-match@^4.0.2
2483 silly packumentCache full:https://registry.npmjs.org/balanced-match cache-miss
2484 http cache https://registry.npmjs.org/balanced-match 2ms (cache hit)
2485 silly packumentCache full:https://registry.npmjs.org/balanced-match set size:39082 disposed:false
2486 silly placeDep node_modules/@typescript-eslint/typescript-estree balanced-match@4.0.4 OK for: brace-expansion@5.0.6 want: ^4.0.2
2487 silly placeDep node_modules/glob brace-expansion@2.1.1 OK for: minimatch@9.0.9 want: ^2.0.2
2488 silly placeDep ROOT fs.realpath@1.0.0 OK for: glob@7.2.3 want: ^1.0.0
2489 silly placeDep ROOT inflight@1.0.6 OK for: glob@7.2.3 want: ^1.0.4
2490 silly placeDep ROOT inherits@2.0.4 OK for: glob@7.2.3 want: 2
2491 silly placeDep ROOT once@1.4.0 OK for: glob@7.2.3 want: ^1.3.0
2492 silly placeDep ROOT path-is-absolute@1.0.1 OK for: glob@7.2.3 want: ^1.0.0
2493 silly fetch manifest wrappy@1
2494 silly packumentCache full:https://registry.npmjs.org/wrappy cache-miss
2495 silly fetch manifest wrappy@1
2496 silly packumentCache full:https://registry.npmjs.org/wrappy cache-miss
2497 http fetch GET 200 https://registry.npmjs.org/wrappy 74ms (cache miss)
2498 silly packumentCache full:https://registry.npmjs.org/wrappy set size:undefined disposed:false
2499 http fetch GET 200 https://registry.npmjs.org/wrappy 75ms (cache miss)
2500 silly packumentCache full:https://registry.npmjs.org/wrappy set size:undefined disposed:false
2501 silly placeDep ROOT wrappy@1.0.2 OK for: inflight@1.0.6 want: 1
2502 silly placeDep node_modules/string-width ansi-regex@6.2.2 OK for: strip-ansi@7.2.0 want: ^6.2.2
2503 silly placeDep node_modules/wrap-ansi-cjs emoji-regex@8.0.0 OK for: string-width@4.2.3 want: ^8.0.0
2504 silly placeDep node_modules/wrap-ansi ansi-regex@6.2.2 OK for: strip-ansi@7.2.0 want: ^6.2.2
2505 silly reify moves {}
2506 silly audit bulk request {
2506 silly audit   '@types/node': [ '20.19.41' ],
2506 silly audit   '@types/react': [ '18.3.30' ],
2506 silly audit   '@types/react-dom': [ '18.3.7' ],
2506 silly audit   autoprefixer: [ '10.5.0' ],
2506 silly audit   clsx: [ '2.1.1' ],
2506 silly audit   eslint: [ '8.57.1' ],
2506 silly audit   'eslint-config-next': [ '14.2.29' ],
2506 silly audit   'lucide-react': [ '0.468.0' ],
2506 silly audit   next: [ '14.2.29' ],
2506 silly audit   postcss: [ '8.5.15', '8.4.31' ],
2506 silly audit   react: [ '18.2.0' ],
2506 silly audit   'react-dom': [ '18.2.0' ],
2506 silly audit   recharts: [ '2.15.4' ],
2506 silly audit   'tailwind-merge': [ '2.6.1' ],
2506 silly audit   tailwindcss: [ '3.4.19' ],
2506 silly audit   typescript: [ '5.9.3' ],
2506 silly audit   'undici-types': [ '6.21.0' ],
2506 silly audit   '@types/prop-types': [ '15.7.15' ],
2506 silly audit   csstype: [ '3.2.3' ],
2506 silly audit   browserslist: [ '4.28.2' ],
2506 silly audit   'caniuse-lite': [ '1.0.30001793' ],
2506 silly audit   'fraction.js': [ '5.3.4' ],
2506 silly audit   picocolors: [ '1.1.1' ],
2506 silly audit   'postcss-value-parser': [ '4.2.0' ],
2506 silly audit   'baseline-browser-mapping': [ '2.10.33' ],
2506 silly audit   'electron-to-chromium': [ '1.5.367' ],
2506 silly audit   'node-releases': [ '2.0.47' ],
2506 silly audit   'update-browserslist-db': [ '1.2.3' ],
2506 silly audit   '@eslint-community/eslint-utils': [ '4.9.1' ],
2506 silly audit   '@eslint-community/regexpp': [ '4.12.2' ],
2506 silly audit   '@eslint/eslintrc': [ '2.1.4' ],
2506 silly audit   '@eslint/js': [ '8.57.1' ],
2506 silly audit   '@humanwhocodes/config-array': [ '0.13.0' ],
2506 silly audit   '@humanwhocodes/module-importer': [ '1.0.1' ],
2506 silly audit   '@nodelib/fs.walk': [ '1.2.8' ],
2506 silly audit   '@ungap/structured-clone': [ '1.3.1' ],
2506 silly audit   ajv: [ '6.15.0' ],
2506 silly audit   chalk: [ '4.1.2' ],
2506 silly audit   'cross-spawn': [ '7.0.6' ],
2506 silly audit   debug: [ '4.4.3', '3.2.7' ],
2506 silly audit   doctrine: [ '3.0.0', '2.1.0' ],
2506 silly audit   'escape-string-regexp': [ '4.0.0' ],
2506 silly audit   'eslint-scope': [ '7.2.2' ],
2506 silly audit   'eslint-visitor-keys': [ '3.4.3', '5.0.1' ],
2506 silly audit   espree: [ '9.6.1' ],
2506 silly audit   esquery: [ '1.7.0' ],
2506 silly audit   esutils: [ '2.0.3' ],
2506 silly audit   'fast-deep-equal': [ '3.1.3' ],
2506 silly audit   'file-entry-cache': [ '6.0.1' ],
2506 silly audit   'find-up': [ '5.0.0' ],
2506 silly audit   'glob-parent': [ '6.0.2', '5.1.2' ],
2506 silly audit   globals: [ '13.24.0' ],
2506 silly audit   graphemer: [ '1.4.0' ],
2506 silly audit   ignore: [ '5.3.2', '7.0.5' ],
2506 silly audit   imurmurhash: [ '0.1.4' ],
2506 silly audit   'is-glob': [ '4.0.3' ],
2506 silly audit   'is-path-inside': [ '3.0.3' ],
2506 silly audit   'js-yaml': [ '4.2.0' ],
2506 silly audit   'json-stable-stringify-without-jsonify': [ '1.0.1' ],
2506 silly audit   levn: [ '0.4.1' ],
2506 silly audit   'lodash.merge': [ '4.6.2' ],
2506 silly audit   minimatch: [ '3.1.5', '10.2.5', '9.0.9' ],
2506 silly audit   'natural-compare': [ '1.4.0' ],
2506 silly audit   optionator: [ '0.9.4' ],
2506 silly audit   'strip-ansi': [ '6.0.1', '7.2.0' ],
2506 silly audit   'text-table': [ '0.2.0' ],
2506 silly audit   'import-fresh': [ '3.3.1' ],
2506 silly audit   'strip-json-comments': [ '3.1.1' ],
2506 silly audit   '@humanwhocodes/object-schema': [ '2.0.3' ],
2506 silly audit   '@nodelib/fs.scandir': [ '2.1.5' ],
2506 silly audit   fastq: [ '1.20.1' ],
2506 silly audit   '@nodelib/fs.stat': [ '2.0.5' ],
2506 silly audit   'run-parallel': [ '1.2.0' ],
2506 silly audit   'fast-json-stable-stringify': [ '2.1.0' ],
2506 silly audit   'json-schema-traverse': [ '0.4.1' ],
2506 silly audit   'uri-js': [ '4.4.1' ],
2506 silly audit   'ansi-styles': [ '4.3.0', '6.2.3' ],
2506 silly audit   'supports-color': [ '7.2.0' ],
2506 silly audit   'color-convert': [ '2.0.1' ],
2506 silly audit   'color-name': [ '1.1.4' ],
2506 silly audit   'path-key': [ '3.1.1' ],
2506 silly audit   'shebang-command': [ '2.0.0' ],
2506 silly audit   which: [ '2.0.2' ],
2506 silly audit   ms: [ '2.1.3' ],
2506 silly audit   '@next/eslint-plugin-next': [ '14.2.29' ],
2506 silly audit   '@rushstack/eslint-patch': [ '1.16.1' ],
2506 silly audit   '@typescript-eslint/eslint-plugin': [ '8.60.1' ],
2506 silly audit   '@typescript-eslint/parser': [ '8.60.1' ],
2506 silly audit   'eslint-import-resolver-node': [ '0.3.10' ],
2506 silly audit   'eslint-import-resolver-typescript': [ '3.10.1' ],
2506 silly audit   'eslint-plugin-import': [ '2.32.0' ],
2506 silly audit   'eslint-plugin-jsx-a11y': [ '6.10.2' ],
2506 silly audit   'eslint-plugin-react': [ '7.37.5' ],
2506 silly audit   'eslint-plugin-react-hooks': [ '5.0.0-canary-7118f5dd7-20230705' ],
2506 silly audit   glob: [ '10.3.10', '7.2.3' ],
2506 silly audit   '@typescript-eslint/scope-manager': [ '8.60.1' ],
2506 silly audit   '@typescript-eslint/type-utils': [ '8.60.1' ],
2506 silly audit   '@typescript-eslint/utils': [ '8.60.1' ],
2506 silly audit   '@typescript-eslint/visitor-keys': [ '8.60.1' ],
2506 silly audit   'ts-api-utils': [ '2.5.0' ],
2506 silly audit   '@typescript-eslint/types': [ '8.60.1' ],
2506 silly audit   '@typescript-eslint/typescript-estree': [ '8.60.1' ],
2506 silly audit   '@typescript-eslint/project-service': [ '8.60.1' ],
2506 silly audit   '@typescript-eslint/tsconfig-utils': [ '8.60.1' ],
2506 silly audit   semver: [ '7.8.1', '6.3.1' ],
2506 silly audit   tinyglobby: [ '0.2.17' ],
2506 silly audit   'is-core-module': [ '2.16.2' ],
2506 silly audit   resolve: [ '2.0.0-next.7', '1.22.12' ],
2506 silly audit   '@nolyfill/is-core-module': [ '1.0.39' ],
2506 silly audit   'get-tsconfig': [ '4.14.0' ],
2506 silly audit   'is-bun-module': [ '2.0.0' ],
2506 silly audit   'stable-hash': [ '0.0.5' ],
2506 silly audit   'unrs-resolver': [ '1.12.2' ],
2506 silly audit   '@rtsao/scc': [ '1.1.0' ],
2506 silly audit   'array-includes': [ '3.1.9' ],
2506 silly audit   'array.prototype.findlastindex': [ '1.2.6' ],
2506 silly audit   'array.prototype.flat': [ '1.3.3' ],
2506 silly audit   'array.prototype.flatmap': [ '1.3.3' ],
2506 silly audit   'eslint-module-utils': [ '2.13.0' ],
2506 silly audit   hasown: [ '2.0.4' ],
2506 silly audit   'object.fromentries': [ '2.0.8' ],
2506 silly audit   'object.groupby': [ '1.0.3' ],
2506 silly audit   'object.values': [ '1.2.1' ],
2506 silly audit   'string.prototype.trimend': [ '1.0.9' ],
2506 silly audit   'tsconfig-paths': [ '3.15.0' ],
2506 silly audit   'call-bind': [ '1.0.9' ],
2506 silly audit   'call-bound': [ '1.0.4' ],
2506 silly audit   'define-properties': [ '1.2.1' ],
2506 silly audit   'es-abstract': [ '1.24.2' ],
2506 silly audit   'es-object-atoms': [ '1.1.2' ],
2506 silly audit   'get-intrinsic': [ '1.3.0' ],
2506 silly audit   'is-string': [ '1.1.1' ],
2506 silly audit   'math-intrinsics': [ '1.1.0' ],
2506 silly audit   'es-errors': [ '1.3.0' ],
2506 silly audit   'es-shim-unscopables': [ '1.1.0' ],
2506 silly audit   'call-bind-apply-helpers': [ '1.0.2' ],
2506 silly audit   'es-define-property': [ '1.0.1' ],
2506 silly audit   'set-function-length': [ '1.2.2' ],
2506 silly audit   'function-bind': [ '1.1.2' ],
2506 silly audit   'define-data-property': [ '1.1.4' ],
2506 silly audit   'has-property-descriptors': [ '1.0.2' ],
2506 silly audit   'object-keys': [ '1.1.1' ],
2506 silly audit   gopd: [ '1.2.0' ],
2506 silly audit   'array-buffer-byte-length': [ '1.0.2' ],
2506 silly audit   'arraybuffer.prototype.slice': [ '1.0.4' ],
2506 silly audit   'available-typed-arrays': [ '1.0.7' ],
2506 silly audit   'data-view-buffer': [ '1.0.2' ],
2506 silly audit   'data-view-byte-length': [ '1.0.2' ],
2506 silly audit   'data-view-byte-offset': [ '1.0.1' ],
2506 silly audit   'es-set-tostringtag': [ '2.1.0' ],
2506 silly audit   'es-to-primitive': [ '1.3.0' ],
2506 silly audit   'function.prototype.name': [ '1.1.8' ],
2506 silly audit   'get-proto': [ '1.0.1' ],
2506 silly audit   'get-symbol-description': [ '1.1.0' ],
2506 silly audit   globalthis: [ '1.0.4' ],
2506 silly audit   'has-proto': [ '1.2.0' ],
2506 silly audit   'has-symbols': [ '1.1.0' ],
2506 silly audit   'internal-slot': [ '1.1.0' ],
2506 silly audit   'is-array-buffer': [ '3.0.5' ],
2506 silly audit   'is-callable': [ '1.2.7' ],
2506 silly audit   'is-data-view': [ '1.0.2' ],
2506 silly audit   'is-negative-zero': [ '2.0.3' ],
2506 silly audit   'is-regex': [ '1.2.1' ],
2506 silly audit   'is-set': [ '2.0.3' ],
2506 silly audit   'is-shared-array-buffer': [ '1.0.4' ],
2506 silly audit   'is-typed-array': [ '1.1.15' ],
2506 silly audit   'is-weakref': [ '1.1.1' ],
2506 silly audit   'object-inspect': [ '1.13.4' ],
2506 silly audit   'object.assign': [ '4.1.7' ],
2506 silly audit   'own-keys': [ '1.0.1' ],
2506 silly audit   'regexp.prototype.flags': [ '1.5.4' ],
2506 silly audit   'safe-array-concat': [ '1.1.4' ],
2506 silly audit   'safe-push-apply': [ '1.0.0' ],
2506 silly audit   'safe-regex-test': [ '1.1.0' ],
2506 silly audit   'set-proto': [ '1.0.0' ],
2506 silly audit   'stop-iteration-iterator': [ '1.1.0' ],
2506 silly audit   'string.prototype.trim': [ '1.2.10' ],
2506 silly audit   'string.prototype.trimstart': [ '1.0.8' ],
2506 silly audit   'typed-array-buffer': [ '1.0.3' ],
2506 silly audit   'typed-array-byte-length': [ '1.0.3' ],
2506 silly audit   'typed-array-byte-offset': [ '1.0.4' ],
2506 silly audit   'typed-array-length': [ '1.0.8' ],
2506 silly audit   'unbox-primitive': [ '1.1.0' ],
2506 silly audit   'which-typed-array': [ '1.1.21' ],
2506 silly audit   'possible-typed-array-names': [ '1.1.0' ],
2506 silly audit   'has-tostringtag': [ '1.0.2' ],
2506 silly audit   'is-date-object': [ '1.1.0' ],
2506 silly audit   'is-symbol': [ '1.1.1' ],
2506 silly audit   'aria-query': [ '5.3.2' ],
2506 silly audit   'ast-types-flow': [ '0.0.8' ],
2506 silly audit   'axe-core': [ '4.12.0' ],
2506 silly audit   'axobject-query': [ '4.1.0' ],
2506 silly audit   'damerau-levenshtein': [ '1.0.8' ],
2506 silly audit   'emoji-regex': [ '9.2.2', '8.0.0' ],
2506 silly audit   'jsx-ast-utils': [ '3.3.5' ],
2506 silly audit   'language-tags': [ '1.0.9' ],
2506 silly audit   'string.prototype.includes': [ '2.0.1' ],
2506 silly audit   'array.prototype.findlast': [ '1.2.5' ],
2506 silly audit   'array.prototype.tosorted': [ '1.1.4' ],
2506 silly audit   'es-iterator-helpers': [ '1.3.2' ],
2506 silly audit   estraverse: [ '5.3.0' ],
2506 silly audit   'object.entries': [ '1.1.9' ],
2506 silly audit   'prop-types': [ '15.8.1' ],
2506 silly audit   'string.prototype.matchall': [ '4.0.12' ],
2506 silly audit   'string.prototype.repeat': [ '1.0.0' ],
2506 silly audit   'iterator.prototype': [ '1.1.5' ],
2506 silly audit   esrecurse: [ '4.3.0' ],
2506 silly audit   acorn: [ '8.16.0' ],
2506 silly audit   'acorn-jsx': [ '5.3.2' ],
2506 silly audit   reusify: [ '1.1.0' ],
2506 silly audit   'flat-cache': [ '3.2.0' ],
2506 silly audit   'locate-path': [ '6.0.0' ],
2506 silly audit   'path-exists': [ '4.0.0' ],
2506 silly audit   flatted: [ '3.4.2' ],
2506 silly audit   keyv: [ '4.5.4' ],
2506 silly audit   rimraf: [ '3.0.2' ],
2506 silly audit   'functions-have-names': [ '1.2.3' ],
2506 silly audit   'dunder-proto': [ '1.0.1' ],
2506 silly audit   'resolve-pkg-maps': [ '1.0.0' ],
2506 silly audit   'foreground-child': [ '3.3.1' ],
2506 silly audit   jackspeak: [ '2.3.6' ],
2506 silly audit   minipass: [ '7.1.3' ],
2506 silly audit   'path-scurry': [ '1.11.1' ],
2506 silly audit   'signal-exit': [ '4.1.0' ],
2506 silly audit   'type-fest': [ '0.20.2' ],
2506 silly audit   'parent-module': [ '1.0.1' ],
2506 silly audit   'resolve-from': [ '4.0.0' ],
2506 silly audit   'side-channel': [ '1.1.0' ],
2506 silly audit   'is-extglob': [ '2.1.1' ],
2506 silly audit   'set-function-name': [ '2.0.2' ],
2506 silly audit   '@isaacs/cliui': [ '8.0.2' ],
2506 silly audit   '@pkgjs/parseargs': [ '0.11.0' ],
2506 silly audit   'string-width': [ '5.1.2', '4.2.3' ],
2506 silly audit   'wrap-ansi': [ '8.1.0', '7.0.0' ],
2506 silly audit   argparse: [ '2.0.1' ],
2506 silly audit   'json-buffer': [ '3.0.1' ],
2506 silly audit   'language-subtag-registry': [ '0.3.23' ],
2506 silly audit   'prelude-ls': [ '1.2.1' ],
2506 silly audit   'type-check': [ '0.4.0' ],
2506 silly audit   'p-locate': [ '5.0.0' ],
2506 silly audit   'brace-expansion': [ '1.1.15', '5.0.6', '2.1.1' ],
2506 silly audit   'balanced-match': [ '1.0.2', '4.0.4' ],
2506 silly audit   'concat-map': [ '0.0.1' ],
2506 silly audit   '@next/env': [ '14.2.29' ],
2506 silly audit   '@next/swc-darwin-arm64': [ '14.2.29' ],
2506 silly audit   '@next/swc-darwin-x64': [ '14.2.29' ],
2506 silly audit   '@next/swc-linux-arm64-gnu': [ '14.2.29' ],
2506 silly audit   '@next/swc-linux-arm64-musl': [ '14.2.29' ],
2506 silly audit   '@next/swc-linux-x64-gnu': [ '14.2.29' ],
2506 silly audit   '@next/swc-linux-x64-musl': [ '14.2.29' ],
2506 silly audit   '@next/swc-win32-arm64-msvc': [ '14.2.29' ],
2506 silly audit   '@next/swc-win32-ia32-msvc': [ '14.2.29' ],
2506 silly audit   '@next/swc-win32-x64-msvc': [ '14.2.29' ],
2506 silly audit   '@swc/helpers': [ '0.5.5' ],
2506 silly audit   busboy: [ '1.6.0' ],
2506 silly audit   'graceful-fs': [ '4.2.11' ],
2506 silly audit   'styled-jsx': [ '5.1.1' ],
2506 silly audit   '@swc/counter': [ '0.1.3' ],
2506 silly audit   tslib: [ '2.8.1' ],
2506 silly audit   streamsearch: [ '1.1.0' ],
2506 silly audit   'deep-is': [ '0.1.4' ],
2506 silly audit   'fast-levenshtein': [ '2.0.6' ],
2506 silly audit   'word-wrap': [ '1.2.5' ],
2506 silly audit   'p-limit': [ '3.1.0' ],
2506 silly audit   'yocto-queue': [ '0.1.0' ],
2506 silly audit   callsites: [ '3.1.0' ],
2506 silly audit   'lru-cache': [ '10.4.3' ],
2506 silly audit   nanoid: [ '3.3.12' ],
2506 silly audit   'source-map-js': [ '1.2.1' ],
2506 silly audit   'loose-envify': [ '1.4.0' ],
2506 silly audit   'object-assign': [ '4.1.1' ],
2506 silly audit   'react-is': [ '16.13.1', '18.3.1' ],
2506 silly audit   'js-tokens': [ '4.0.0' ],
2506 silly audit   scheduler: [ '0.23.2' ],
2506 silly audit   eventemitter3: [ '4.0.7' ],
2506 silly audit   lodash: [ '4.18.1' ],
2506 silly audit   'react-smooth': [ '4.0.4' ],
2506 silly audit   'recharts-scale': [ '0.4.5' ],
2506 silly audit   'tiny-invariant': [ '1.3.3' ],
2506 silly audit   'victory-vendor': [ '36.9.2' ],
2506 silly audit   'fast-equals': [ '5.4.0' ],
2506 silly audit   'react-transition-group': [ '4.4.5' ],
2506 silly audit   '@babel/runtime': [ '7.29.7' ],
2506 silly audit   'dom-helpers': [ '5.2.1' ],
2506 silly audit   'decimal.js-light': [ '2.5.1' ],
2506 silly audit   'node-exports-info': [ '1.6.0' ],
2506 silly audit   'path-parse': [ '1.0.7' ],
2506 silly audit   'supports-preserve-symlinks-flag': [ '1.0.0' ],
2506 silly audit   'queue-microtask': [ '1.2.3' ],
2506 silly audit   isarray: [ '2.0.5' ],
2506 silly audit   'shebang-regex': [ '3.0.0' ],
2506 silly audit   'side-channel-list': [ '1.0.1' ],
2506 silly audit   'side-channel-map': [ '1.0.1' ],
2506 silly audit   'side-channel-weakmap': [ '1.0.2' ],
2506 silly audit   eastasianwidth: [ '0.2.0' ],
2506 silly audit   'is-fullwidth-code-point': [ '3.0.0' ],
2506 silly audit   'ansi-regex': [ '5.0.1', '6.2.2' ],
2506 silly audit   'client-only': [ '0.0.1' ],
2506 silly audit   'has-flag': [ '4.0.0' ],
2506 silly audit   '@alloc/quick-lru': [ '5.2.0' ],
2506 silly audit   arg: [ '5.0.2' ],
2506 silly audit   chokidar: [ '3.6.0' ],
2506 silly audit   didyoumean: [ '1.2.2' ],
2506 silly audit   dlv: [ '1.1.3' ],
2506 silly audit   'fast-glob': [ '3.3.3' ],
2506 silly audit   jiti: [ '1.21.7' ],
2506 silly audit   lilconfig: [ '3.1.3' ],
2506 silly audit   micromatch: [ '4.0.8' ],
2506 silly audit   'normalize-path': [ '3.0.0' ],
2506 silly audit   'object-hash': [ '3.0.0' ],
2506 silly audit   'postcss-import': [ '15.1.0' ],
2506 silly audit   'postcss-js': [ '4.1.0' ],
2506 silly audit   'postcss-load-config': [ '6.0.1' ],
2506 silly audit   'postcss-nested': [ '6.2.0' ],
2506 silly audit   'postcss-selector-parser': [ '6.1.2' ],
2506 silly audit   sucrase: [ '3.35.1' ],
2506 silly audit   anymatch: [ '3.1.3' ],
2506 silly audit   braces: [ '3.0.3' ],
2506 silly audit   fsevents: [ '2.3.3' ],
2506 silly audit   'is-binary-path': [ '2.1.0' ],
2506 silly audit   readdirp: [ '3.6.0' ],
2506 silly audit   picomatch: [ '2.3.2', '4.0.4' ],
2506 silly audit   'fill-range': [ '7.1.1' ],
2506 silly audit   merge2: [ '1.4.1' ],
2506 silly audit   'to-regex-range': [ '5.0.1' ],
2506 silly audit   'binary-extensions': [ '2.3.0' ],
2506 silly audit   'read-cache': [ '1.0.0' ],
2506 silly audit   'camelcase-css': [ '2.0.1' ],
2506 silly audit   cssesc: [ '3.0.0' ],
2506 silly audit   'util-deprecate': [ '1.0.2' ],
2506 silly audit   pify: [ '2.3.0' ],
2506 silly audit   '@jridgewell/gen-mapping': [ '0.3.13' ],
2506 silly audit   commander: [ '4.1.1' ],
2506 silly audit   'lines-and-columns': [ '1.2.4' ],
2506 silly audit   mz: [ '2.7.0' ],
2506 silly audit   pirates: [ '4.0.7' ],
2506 silly audit   'ts-interface-checker': [ '0.1.13' ],
2506 silly audit   '@jridgewell/sourcemap-codec': [ '1.5.5' ],
2506 silly audit   '@jridgewell/trace-mapping': [ '0.3.31' ],
2506 silly audit   '@jridgewell/resolve-uri': [ '3.1.2' ],
2506 silly audit   'any-promise': [ '1.3.0' ],
2506 silly audit   'thenify-all': [ '1.6.0' ],
2506 silly audit   thenify: [ '3.3.1' ],
2506 silly audit   fdir: [ '6.5.0' ],
2506 silly audit   'is-number': [ '7.0.0' ],
2506 silly audit   '@types/json5': [ '0.0.29' ],
2506 silly audit   json5: [ '1.0.2' ],
2506 silly audit   minimist: [ '1.2.8' ],
2506 silly audit   'strip-bom': [ '3.0.0' ],
2506 silly audit   'for-each': [ '0.3.5' ],
2506 silly audit   'reflect.getprototypeof': [ '1.0.10' ],
2506 silly audit   'which-builtin-type': [ '1.2.1' ],
2506 silly audit   'has-bigints': [ '1.1.0' ],
2506 silly audit   'which-boxed-primitive': [ '1.1.1' ],
2506 silly audit   '@unrs/resolver-binding-android-arm-eabi': [ '1.12.2' ],
2506 silly audit   '@unrs/resolver-binding-android-arm64': [ '1.12.2' ],
2506 silly audit   '@unrs/resolver-binding-darwin-arm64': [ '1.12.2' ],
2506 silly audit   '@unrs/resolver-binding-darwin-x64': [ '1.12.2' ],
2506 silly audit   '@unrs/resolver-binding-freebsd-x64': [ '1.12.2' ],
2506 silly audit   '@unrs/resolver-binding-linux-arm-gnueabihf': [ '1.12.2' ],
2506 silly audit   '@unrs/resolver-binding-linux-arm-musleabihf': [ '1.12.2' ],
2506 silly audit   '@unrs/resolver-binding-linux-arm64-gnu': [ '1.12.2' ],
2506 silly audit   '@unrs/resolver-binding-linux-arm64-musl': [ '1.12.2' ],
2506 silly audit   '@unrs/resolver-binding-linux-loong64-gnu': [ '1.12.2' ],
2506 silly audit   '@unrs/resolver-binding-linux-loong64-musl': [ '1.12.2' ],
2506 silly audit   '@unrs/resolver-binding-linux-ppc64-gnu': [ '1.12.2' ],
2506 silly audit   '@unrs/resolver-binding-linux-riscv64-gnu': [ '1.12.2' ],
2506 silly audit   '@unrs/resolver-binding-linux-riscv64-musl': [ '1.12.2' ],
2506 silly audit   '@unrs/resolver-binding-linux-s390x-gnu': [ '1.12.2' ],
2506 silly audit   '@unrs/resolver-binding-linux-x64-gnu': [ '1.12.2' ],
2506 silly audit   '@unrs/resolver-binding-linux-x64-musl': [ '1.12.2' ],
2506 silly audit   '@unrs/resolver-binding-openharmony-arm64': [ '1.12.2' ],
2506 silly audit   '@unrs/resolver-binding-wasm32-wasi': [ '1.12.2' ],
2506 silly audit   '@unrs/resolver-binding-win32-arm64-msvc': [ '1.12.2' ],
2506 silly audit   '@unrs/resolver-binding-win32-ia32-msvc': [ '1.12.2' ],
2506 silly audit   '@unrs/resolver-binding-win32-x64-msvc': [ '1.12.2' ],
2506 silly audit   'napi-postinstall': [ '0.3.4' ],
2506 silly audit   '@emnapi/core': [ '1.10.0' ],
2506 silly audit   '@emnapi/runtime': [ '1.10.0' ],
2506 silly audit   '@napi-rs/wasm-runtime': [ '1.1.4' ],
2506 silly audit   '@emnapi/wasi-threads': [ '1.2.1' ],
2506 silly audit   '@tybys/wasm-util': [ '0.10.2' ],
2506 silly audit   escalade: [ '3.2.0' ],
2506 silly audit   punycode: [ '2.3.1' ],
2506 silly audit   '@types/d3-array': [ '3.2.2' ],
2506 silly audit   '@types/d3-ease': [ '3.0.2' ],
2506 silly audit   '@types/d3-interpolate': [ '3.0.4' ],
2506 silly audit   '@types/d3-scale': [ '4.0.9' ],
2506 silly audit   '@types/d3-shape': [ '3.1.8' ],
2506 silly audit   '@types/d3-time': [ '3.0.4' ],
2506 silly audit   '@types/d3-timer': [ '3.0.2' ],
2506 silly audit   'd3-array': [ '3.2.4' ],
2506 silly audit   'd3-ease': [ '3.0.1' ],
2506 silly audit   'd3-interpolate': [ '3.0.1' ],
2506 silly audit   'd3-scale': [ '4.0.2' ],
2506 silly audit   'd3-shape': [ '3.2.0' ],
2506 silly audit   'd3-time': [ '3.1.0' ],
2506 silly audit   'd3-timer': [ '3.0.1' ],
2506 silly audit   '@types/d3-color': [ '3.1.3' ],
2506 silly audit   '@types/d3-path': [ '3.1.1' ],
2506 silly audit   internmap: [ '2.0.3' ],
2506 silly audit   'd3-color': [ '3.1.0' ],
2506 silly audit   'd3-format': [ '3.1.2' ],
2506 silly audit   'd3-time-format': [ '4.1.0' ],
2506 silly audit   'd3-path': [ '3.1.0' ],
2506 silly audit   isexe: [ '2.0.0' ],
2506 silly audit   'is-bigint': [ '1.1.0' ],
2506 silly audit   'is-boolean-object': [ '1.2.2' ],
2506 silly audit   'is-number-object': [ '1.1.1' ],
2506 silly audit   'is-async-function': [ '2.1.1' ],
2506 silly audit   'is-finalizationregistry': [ '1.1.1' ],
2506 silly audit   'is-generator-function': [ '1.1.2' ],
2506 silly audit   'which-collection': [ '1.0.2' ],
2506 silly audit   'async-function': [ '1.0.0' ],
2506 silly audit   'generator-function': [ '2.0.1' ],
2506 silly audit   'is-map': [ '2.0.3' ],
2506 silly audit   'is-weakmap': [ '2.0.2' ],
2506 silly audit   'is-weakset': [ '2.0.4' ],
2506 silly audit   'fs.realpath': [ '1.0.0' ],
2506 silly audit   inflight: [ '1.0.6' ],
2506 silly audit   inherits: [ '2.0.4' ],
2506 silly audit   once: [ '1.4.0' ],
2506 silly audit   'path-is-absolute': [ '1.0.1' ],
2506 silly audit   wrappy: [ '1.0.2' ]
2506 silly audit }
2507 http cache once@https://registry.npmjs.org/once/-/once-1.4.0.tgz 0ms (cache hit)
2508 http cache path-is-absolute@https://registry.npmjs.org/path-is-absolute/-/path-is-absolute-1.0.1.tgz 0ms (cache hit)
2509 http cache wrappy@https://registry.npmjs.org/wrappy/-/wrappy-1.0.2.tgz 0ms (cache hit)
2510 http cache is-weakset@https://registry.npmjs.org/is-weakset/-/is-weakset-2.0.4.tgz 0ms (cache hit)
2511 http cache inflight@https://registry.npmjs.org/inflight/-/inflight-1.0.6.tgz 0ms (cache hit)
2512 http cache is-map@https://registry.npmjs.org/is-map/-/is-map-2.0.3.tgz 0ms (cache hit)
2513 http cache async-function@https://registry.npmjs.org/async-function/-/async-function-1.0.0.tgz 0ms (cache hit)
2514 http cache inherits@https://registry.npmjs.org/inherits/-/inherits-2.0.4.tgz 0ms (cache hit)
2515 http cache fs.realpath@https://registry.npmjs.org/fs.realpath/-/fs.realpath-1.0.0.tgz 0ms (cache hit)
2516 http cache is-weakmap@https://registry.npmjs.org/is-weakmap/-/is-weakmap-2.0.2.tgz 0ms (cache hit)
2517 http cache is-finalizationregistry@https://registry.npmjs.org/is-finalizationregistry/-/is-finalizationregistry-1.1.1.tgz 0ms (cache hit)
2518 http cache generator-function@https://registry.npmjs.org/generator-function/-/generator-function-2.0.1.tgz 0ms (cache hit)
2519 http cache which-collection@https://registry.npmjs.org/which-collection/-/which-collection-1.0.2.tgz 0ms (cache hit)
2520 http cache is-async-function@https://registry.npmjs.org/is-async-function/-/is-async-function-2.1.1.tgz 0ms (cache hit)
2521 http cache isexe@https://registry.npmjs.org/isexe/-/isexe-2.0.0.tgz 0ms (cache hit)
2522 http cache is-number-object@https://registry.npmjs.org/is-number-object/-/is-number-object-1.1.1.tgz 0ms (cache hit)
2523 http cache d3-time-format@https://registry.npmjs.org/d3-time-format/-/d3-time-format-4.1.0.tgz 0ms (cache hit)
2524 http cache d3-path@https://registry.npmjs.org/d3-path/-/d3-path-3.1.0.tgz 0ms (cache hit)
2525 http cache is-boolean-object@https://registry.npmjs.org/is-boolean-object/-/is-boolean-object-1.2.2.tgz 0ms (cache hit)
2526 http cache d3-color@https://registry.npmjs.org/d3-color/-/d3-color-3.1.0.tgz 0ms (cache hit)
2527 http cache is-bigint@https://registry.npmjs.org/is-bigint/-/is-bigint-1.1.0.tgz 0ms (cache hit)
2528 http cache internmap@https://registry.npmjs.org/internmap/-/internmap-2.0.3.tgz 0ms (cache hit)
2529 http cache d3-format@https://registry.npmjs.org/d3-format/-/d3-format-3.1.2.tgz 0ms (cache hit)
2530 http cache @types/d3-color@https://registry.npmjs.org/@types/d3-color/-/d3-color-3.1.3.tgz 0ms (cache hit)
2531 http cache d3-time@https://registry.npmjs.org/d3-time/-/d3-time-3.1.0.tgz 0ms (cache hit)
2532 http cache d3-scale@https://registry.npmjs.org/d3-scale/-/d3-scale-4.0.2.tgz 0ms (cache hit)
2533 http cache d3-shape@https://registry.npmjs.org/d3-shape/-/d3-shape-3.2.0.tgz 0ms (cache hit)
2534 http cache is-generator-function@https://registry.npmjs.org/is-generator-function/-/is-generator-function-1.1.2.tgz 0ms (cache hit)
2535 http cache d3-timer@https://registry.npmjs.org/d3-timer/-/d3-timer-3.0.1.tgz 0ms (cache hit)
2536 http cache d3-interpolate@https://registry.npmjs.org/d3-interpolate/-/d3-interpolate-3.0.1.tgz 0ms (cache hit)
2537 http cache d3-ease@https://registry.npmjs.org/d3-ease/-/d3-ease-3.0.1.tgz 0ms (cache hit)
2538 http cache @types/d3-shape@https://registry.npmjs.org/@types/d3-shape/-/d3-shape-3.1.8.tgz 0ms (cache hit)
2539 http cache @types/d3-time@https://registry.npmjs.org/@types/d3-time/-/d3-time-3.0.4.tgz 0ms (cache hit)
2540 http cache d3-array@https://registry.npmjs.org/d3-array/-/d3-array-3.2.4.tgz 0ms (cache hit)
2541 http cache @types/d3-path@https://registry.npmjs.org/@types/d3-path/-/d3-path-3.1.1.tgz 0ms (cache hit)
2542 http cache @types/d3-interpolate@https://registry.npmjs.org/@types/d3-interpolate/-/d3-interpolate-3.0.4.tgz 0ms (cache hit)
2543 http cache @types/d3-scale@https://registry.npmjs.org/@types/d3-scale/-/d3-scale-4.0.9.tgz 0ms (cache hit)
2544 http cache @types/d3-ease@https://registry.npmjs.org/@types/d3-ease/-/d3-ease-3.0.2.tgz 0ms (cache hit)
2545 http cache punycode@https://registry.npmjs.org/punycode/-/punycode-2.3.1.tgz 0ms (cache hit)
2546 http cache @unrs/resolver-binding-darwin-arm64@https://registry.npmjs.org/@unrs/resolver-binding-darwin-arm64/-/resolver-binding-darwin-arm64-1.12.2.tgz 0ms (cache hit)
2547 http cache escalade@https://registry.npmjs.org/escalade/-/escalade-3.2.0.tgz 0ms (cache hit)
2548 http cache @types/d3-array@https://registry.npmjs.org/@types/d3-array/-/d3-array-3.2.2.tgz 0ms (cache hit)
2549 http cache napi-postinstall@https://registry.npmjs.org/napi-postinstall/-/napi-postinstall-0.3.4.tgz 0ms (cache hit)
2550 http cache reflect.getprototypeof@https://registry.npmjs.org/reflect.getprototypeof/-/reflect.getprototypeof-1.0.10.tgz 0ms (cache hit)
2551 http cache which-boxed-primitive@https://registry.npmjs.org/which-boxed-primitive/-/which-boxed-primitive-1.1.1.tgz 0ms (cache hit)
2552 http cache has-bigints@https://registry.npmjs.org/has-bigints/-/has-bigints-1.1.0.tgz 0ms (cache hit)
2553 http cache which-builtin-type@https://registry.npmjs.org/which-builtin-type/-/which-builtin-type-1.2.1.tgz 0ms (cache hit)
2554 http cache strip-bom@https://registry.npmjs.org/strip-bom/-/strip-bom-3.0.0.tgz 0ms (cache hit)
2555 http cache for-each@https://registry.npmjs.org/for-each/-/for-each-0.3.5.tgz 0ms (cache hit)
2556 http cache json5@https://registry.npmjs.org/json5/-/json5-1.0.2.tgz 0ms (cache hit)
2557 http cache minimist@https://registry.npmjs.org/minimist/-/minimist-1.2.8.tgz 0ms (cache hit)
2558 http cache is-number@https://registry.npmjs.org/is-number/-/is-number-7.0.0.tgz 0ms (cache hit)
2559 http cache @types/json5@https://registry.npmjs.org/@types/json5/-/json5-0.0.29.tgz 0ms (cache hit)
2560 http cache @types/d3-timer@https://registry.npmjs.org/@types/d3-timer/-/d3-timer-3.0.2.tgz 0ms (cache hit)
2561 http cache fdir@https://registry.npmjs.org/fdir/-/fdir-6.5.0.tgz 0ms (cache hit)
2562 http cache thenify-all@https://registry.npmjs.org/thenify-all/-/thenify-all-1.6.0.tgz 0ms (cache hit)
2563 http cache @jridgewell/resolve-uri@https://registry.npmjs.org/@jridgewell/resolve-uri/-/resolve-uri-3.1.2.tgz 0ms (cache hit)
2564 http cache ts-interface-checker@https://registry.npmjs.org/ts-interface-checker/-/ts-interface-checker-0.1.13.tgz 0ms (cache hit)
2565 http cache @jridgewell/sourcemap-codec@https://registry.npmjs.org/@jridgewell/sourcemap-codec/-/sourcemap-codec-1.5.5.tgz 0ms (cache hit)
2566 http cache thenify@https://registry.npmjs.org/thenify/-/thenify-3.3.1.tgz 0ms (cache hit)
2567 http cache @jridgewell/trace-mapping@https://registry.npmjs.org/@jridgewell/trace-mapping/-/trace-mapping-0.3.31.tgz 0ms (cache hit)
2568 http cache mz@https://registry.npmjs.org/mz/-/mz-2.7.0.tgz 0ms (cache hit)
2569 http cache pirates@https://registry.npmjs.org/pirates/-/pirates-4.0.7.tgz 0ms (cache hit)
2570 http cache @jridgewell/gen-mapping@https://registry.npmjs.org/@jridgewell/gen-mapping/-/gen-mapping-0.3.13.tgz 0ms (cache hit)
2571 http cache lines-and-columns@https://registry.npmjs.org/lines-and-columns/-/lines-and-columns-1.2.4.tgz 0ms (cache hit)
2572 http cache pify@https://registry.npmjs.org/pify/-/pify-2.3.0.tgz 0ms (cache hit)
2573 http cache cssesc@https://registry.npmjs.org/cssesc/-/cssesc-3.0.0.tgz 0ms (cache hit)
2574 http cache read-cache@https://registry.npmjs.org/read-cache/-/read-cache-1.0.0.tgz 0ms (cache hit)
2575 http cache commander@https://registry.npmjs.org/commander/-/commander-4.1.1.tgz 0ms (cache hit)
2576 http cache any-promise@https://registry.npmjs.org/any-promise/-/any-promise-1.3.0.tgz 0ms (cache hit)
2577 http cache util-deprecate@https://registry.npmjs.org/util-deprecate/-/util-deprecate-1.0.2.tgz 0ms (cache hit)
2578 http cache camelcase-css@https://registry.npmjs.org/camelcase-css/-/camelcase-css-2.0.1.tgz 0ms (cache hit)
2579 http cache merge2@https://registry.npmjs.org/merge2/-/merge2-1.4.1.tgz 0ms (cache hit)
2580 http cache to-regex-range@https://registry.npmjs.org/to-regex-range/-/to-regex-range-5.0.1.tgz 0ms (cache hit)
2581 http cache picomatch@https://registry.npmjs.org/picomatch/-/picomatch-2.3.2.tgz 0ms (cache hit)
2582 http cache fill-range@https://registry.npmjs.org/fill-range/-/fill-range-7.1.1.tgz 0ms (cache hit)
2583 http cache fsevents@https://registry.npmjs.org/fsevents/-/fsevents-2.3.3.tgz 0ms (cache hit)
2584 http cache readdirp@https://registry.npmjs.org/readdirp/-/readdirp-3.6.0.tgz 0ms (cache hit)
2585 http cache braces@https://registry.npmjs.org/braces/-/braces-3.0.3.tgz 0ms (cache hit)
2586 http cache is-binary-path@https://registry.npmjs.org/is-binary-path/-/is-binary-path-2.1.0.tgz 0ms (cache hit)
2587 http cache sucrase@https://registry.npmjs.org/sucrase/-/sucrase-3.35.1.tgz 0ms (cache hit)
2588 http cache binary-extensions@https://registry.npmjs.org/binary-extensions/-/binary-extensions-2.3.0.tgz 0ms (cache hit)
2589 http cache postcss-selector-parser@https://registry.npmjs.org/postcss-selector-parser/-/postcss-selector-parser-6.1.2.tgz 0ms (cache hit)
2590 http cache postcss-js@https://registry.npmjs.org/postcss-js/-/postcss-js-4.1.0.tgz 0ms (cache hit)
2591 http cache anymatch@https://registry.npmjs.org/anymatch/-/anymatch-3.1.3.tgz 0ms (cache hit)
2592 http cache normalize-path@https://registry.npmjs.org/normalize-path/-/normalize-path-3.0.0.tgz 0ms (cache hit)
2593 http cache postcss-import@https://registry.npmjs.org/postcss-import/-/postcss-import-15.1.0.tgz 0ms (cache hit)
2594 http cache postcss-nested@https://registry.npmjs.org/postcss-nested/-/postcss-nested-6.2.0.tgz 0ms (cache hit)
2595 http cache lilconfig@https://registry.npmjs.org/lilconfig/-/lilconfig-3.1.3.tgz 0ms (cache hit)
2596 http cache micromatch@https://registry.npmjs.org/micromatch/-/micromatch-4.0.8.tgz 0ms (cache hit)
2597 http cache jiti@https://registry.npmjs.org/jiti/-/jiti-1.21.7.tgz 0ms (cache hit)
2598 http cache postcss-load-config@https://registry.npmjs.org/postcss-load-config/-/postcss-load-config-6.0.1.tgz 0ms (cache hit)
2599 http cache dlv@https://registry.npmjs.org/dlv/-/dlv-1.1.3.tgz 0ms (cache hit)
2600 http cache object-hash@https://registry.npmjs.org/object-hash/-/object-hash-3.0.0.tgz 0ms (cache hit)
2601 http cache @alloc/quick-lru@https://registry.npmjs.org/@alloc/quick-lru/-/quick-lru-5.2.0.tgz 0ms (cache hit)
2602 http cache arg@https://registry.npmjs.org/arg/-/arg-5.0.2.tgz 0ms (cache hit)
2603 http cache has-flag@https://registry.npmjs.org/has-flag/-/has-flag-4.0.0.tgz 0ms (cache hit)
2604 http cache didyoumean@https://registry.npmjs.org/didyoumean/-/didyoumean-1.2.2.tgz 0ms (cache hit)
2605 http cache client-only@https://registry.npmjs.org/client-only/-/client-only-0.0.1.tgz 0ms (cache hit)
2606 http cache fast-glob@https://registry.npmjs.org/fast-glob/-/fast-glob-3.3.3.tgz 0ms (cache hit)
2607 http cache ansi-regex@https://registry.npmjs.org/ansi-regex/-/ansi-regex-5.0.1.tgz 0ms (cache hit)
2608 http cache is-fullwidth-code-point@https://registry.npmjs.org/is-fullwidth-code-point/-/is-fullwidth-code-point-3.0.0.tgz 0ms (cache hit)
2609 http cache eastasianwidth@https://registry.npmjs.org/eastasianwidth/-/eastasianwidth-0.2.0.tgz 0ms (cache hit)
2610 http cache chokidar@https://registry.npmjs.org/chokidar/-/chokidar-3.6.0.tgz 0ms (cache hit)
2611 http cache side-channel-weakmap@https://registry.npmjs.org/side-channel-weakmap/-/side-channel-weakmap-1.0.2.tgz 0ms (cache hit)
2612 http cache side-channel-list@https://registry.npmjs.org/side-channel-list/-/side-channel-list-1.0.1.tgz 0ms (cache hit)
2613 http cache isarray@https://registry.npmjs.org/isarray/-/isarray-2.0.5.tgz 0ms (cache hit)
2614 http cache queue-microtask@https://registry.npmjs.org/queue-microtask/-/queue-microtask-1.2.3.tgz 0ms (cache hit)
2615 http cache side-channel-map@https://registry.npmjs.org/side-channel-map/-/side-channel-map-1.0.1.tgz 0ms (cache hit)
2616 http cache path-parse@https://registry.npmjs.org/path-parse/-/path-parse-1.0.7.tgz 0ms (cache hit)
2617 http cache node-exports-info@https://registry.npmjs.org/node-exports-info/-/node-exports-info-1.6.0.tgz 0ms (cache hit)
2618 http cache dom-helpers@https://registry.npmjs.org/dom-helpers/-/dom-helpers-5.2.1.tgz 0ms (cache hit)
2619 http cache decimal.js-light@https://registry.npmjs.org/decimal.js-light/-/decimal.js-light-2.5.1.tgz 0ms (cache hit)
2620 http cache @babel/runtime@https://registry.npmjs.org/@babel/runtime/-/runtime-7.29.7.tgz 0ms (cache hit)
2621 http cache supports-preserve-symlinks-flag@https://registry.npmjs.org/supports-preserve-symlinks-flag/-/supports-preserve-symlinks-flag-1.0.0.tgz 0ms (cache hit)
2622 http cache react-transition-group@https://registry.npmjs.org/react-transition-group/-/react-transition-group-4.4.5.tgz 0ms (cache hit)
2623 http cache fast-equals@https://registry.npmjs.org/fast-equals/-/fast-equals-5.4.0.tgz 0ms (cache hit)
2624 http cache shebang-regex@https://registry.npmjs.org/shebang-regex/-/shebang-regex-3.0.0.tgz 0ms (cache hit)
2625 http cache tiny-invariant@https://registry.npmjs.org/tiny-invariant/-/tiny-invariant-1.3.3.tgz 0ms (cache hit)
2626 http cache recharts-scale@https://registry.npmjs.org/recharts-scale/-/recharts-scale-0.4.5.tgz 0ms (cache hit)
2627 http cache lodash@https://registry.npmjs.org/lodash/-/lodash-4.18.1.tgz 0ms (cache hit)
2628 http cache eventemitter3@https://registry.npmjs.org/eventemitter3/-/eventemitter3-4.0.7.tgz 0ms (cache hit)
2629 http cache scheduler@https://registry.npmjs.org/scheduler/-/scheduler-0.23.2.tgz 0ms (cache hit)
2630 http cache js-tokens@https://registry.npmjs.org/js-tokens/-/js-tokens-4.0.0.tgz 0ms (cache hit)
2631 http cache react-is@https://registry.npmjs.org/react-is/-/react-is-16.13.1.tgz 0ms (cache hit)
2632 http cache object-assign@https://registry.npmjs.org/object-assign/-/object-assign-4.1.1.tgz 0ms (cache hit)
2633 http cache loose-envify@https://registry.npmjs.org/loose-envify/-/loose-envify-1.4.0.tgz 0ms (cache hit)
2634 http cache react-smooth@https://registry.npmjs.org/react-smooth/-/react-smooth-4.0.4.tgz 0ms (cache hit)
2635 http cache source-map-js@https://registry.npmjs.org/source-map-js/-/source-map-js-1.2.1.tgz 0ms (cache hit)
2636 http cache callsites@https://registry.npmjs.org/callsites/-/callsites-3.1.0.tgz 0ms (cache hit)
2637 http cache nanoid@https://registry.npmjs.org/nanoid/-/nanoid-3.3.12.tgz 0ms (cache hit)
2638 http cache yocto-queue@https://registry.npmjs.org/yocto-queue/-/yocto-queue-0.1.0.tgz 0ms (cache hit)
2639 http cache p-limit@https://registry.npmjs.org/p-limit/-/p-limit-3.1.0.tgz 0ms (cache hit)
2640 http cache fast-levenshtein@https://registry.npmjs.org/fast-levenshtein/-/fast-levenshtein-2.0.6.tgz 0ms (cache hit)
2641 http cache deep-is@https://registry.npmjs.org/deep-is/-/deep-is-0.1.4.tgz 0ms (cache hit)
2642 http cache word-wrap@https://registry.npmjs.org/word-wrap/-/word-wrap-1.2.5.tgz 0ms (cache hit)
2643 http cache tslib@https://registry.npmjs.org/tslib/-/tslib-2.8.1.tgz 0ms (cache hit)
2644 http cache lru-cache@https://registry.npmjs.org/lru-cache/-/lru-cache-10.4.3.tgz 0ms (cache hit)
2645 http cache styled-jsx@https://registry.npmjs.org/styled-jsx/-/styled-jsx-5.1.1.tgz 0ms (cache hit)
2646 http cache streamsearch@https://registry.npmjs.org/streamsearch/-/streamsearch-1.1.0.tgz 0ms (cache hit)
2647 http cache graceful-fs@https://registry.npmjs.org/graceful-fs/-/graceful-fs-4.2.11.tgz 0ms (cache hit)
2648 http cache busboy@https://registry.npmjs.org/busboy/-/busboy-1.6.0.tgz 0ms (cache hit)
2649 http cache victory-vendor@https://registry.npmjs.org/victory-vendor/-/victory-vendor-36.9.2.tgz 0ms (cache hit)
2650 http cache concat-map@https://registry.npmjs.org/concat-map/-/concat-map-0.0.1.tgz 0ms (cache hit)
2651 http cache @next/swc-darwin-arm64@https://registry.npmjs.org/@next/swc-darwin-arm64/-/swc-darwin-arm64-14.2.29.tgz 0ms (cache hit)
2652 http cache @swc/counter@https://registry.npmjs.org/@swc/counter/-/counter-0.1.3.tgz 0ms (cache hit)
2653 http cache @swc/helpers@https://registry.npmjs.org/@swc/helpers/-/helpers-0.5.5.tgz 0ms (cache hit)
2654 http cache balanced-match@https://registry.npmjs.org/balanced-match/-/balanced-match-1.0.2.tgz 0ms (cache hit)
2655 http cache p-locate@https://registry.npmjs.org/p-locate/-/p-locate-5.0.0.tgz 0ms (cache hit)
2656 http cache @next/env@https://registry.npmjs.org/@next/env/-/env-14.2.29.tgz 0ms (cache hit)
2657 http cache json-buffer@https://registry.npmjs.org/json-buffer/-/json-buffer-3.0.1.tgz 0ms (cache hit)
2658 http cache language-subtag-registry@https://registry.npmjs.org/language-subtag-registry/-/language-subtag-registry-0.3.23.tgz 0ms (cache hit)
2659 http cache type-check@https://registry.npmjs.org/type-check/-/type-check-0.4.0.tgz 0ms (cache hit)
2660 http cache wrap-ansi@https://registry.npmjs.org/wrap-ansi/-/wrap-ansi-8.1.0.tgz 0ms (cache hit)
2661 http cache strip-ansi-cjs@https://registry.npmjs.org/strip-ansi/-/strip-ansi-6.0.1.tgz 0ms (cache hit)
2662 http cache argparse@https://registry.npmjs.org/argparse/-/argparse-2.0.1.tgz 0ms (cache hit)
2663 http cache prelude-ls@https://registry.npmjs.org/prelude-ls/-/prelude-ls-1.2.1.tgz 0ms (cache hit)
2664 http cache string-width-cjs@https://registry.npmjs.org/string-width/-/string-width-4.2.3.tgz 0ms (cache hit)
2665 http cache string-width@https://registry.npmjs.org/string-width/-/string-width-5.1.2.tgz 0ms (cache hit)
2666 http cache @isaacs/cliui@https://registry.npmjs.org/@isaacs/cliui/-/cliui-8.0.2.tgz 0ms (cache hit)
2667 http cache set-function-name@https://registry.npmjs.org/set-function-name/-/set-function-name-2.0.2.tgz 0ms (cache hit)
2668 http cache is-extglob@https://registry.npmjs.org/is-extglob/-/is-extglob-2.1.1.tgz 0ms (cache hit)
2669 http cache @pkgjs/parseargs@https://registry.npmjs.org/@pkgjs/parseargs/-/parseargs-0.11.0.tgz 0ms (cache hit)
2670 http cache brace-expansion@https://registry.npmjs.org/brace-expansion/-/brace-expansion-1.1.15.tgz 0ms (cache hit)
2671 http cache side-channel@https://registry.npmjs.org/side-channel/-/side-channel-1.1.0.tgz 0ms (cache hit)
2672 http cache resolve-from@https://registry.npmjs.org/resolve-from/-/resolve-from-4.0.0.tgz 0ms (cache hit)
2673 http cache parent-module@https://registry.npmjs.org/parent-module/-/parent-module-1.0.1.tgz 0ms (cache hit)
2674 http cache type-fest@https://registry.npmjs.org/type-fest/-/type-fest-0.20.2.tgz 0ms (cache hit)
2675 http cache jackspeak@https://registry.npmjs.org/jackspeak/-/jackspeak-2.3.6.tgz 0ms (cache hit)
2676 http cache path-scurry@https://registry.npmjs.org/path-scurry/-/path-scurry-1.11.1.tgz 0ms (cache hit)
2677 http cache signal-exit@https://registry.npmjs.org/signal-exit/-/signal-exit-4.1.0.tgz 0ms (cache hit)
2678 http cache foreground-child@https://registry.npmjs.org/foreground-child/-/foreground-child-3.3.1.tgz 0ms (cache hit)
2679 http cache resolve-pkg-maps@https://registry.npmjs.org/resolve-pkg-maps/-/resolve-pkg-maps-1.0.0.tgz 0ms (cache hit)
2680 http cache minipass@https://registry.npmjs.org/minipass/-/minipass-7.1.3.tgz 0ms (cache hit)
2681 http cache wrap-ansi-cjs@https://registry.npmjs.org/wrap-ansi/-/wrap-ansi-7.0.0.tgz 0ms (cache hit)
2682 http cache functions-have-names@https://registry.npmjs.org/functions-have-names/-/functions-have-names-1.2.3.tgz 0ms (cache hit)
2683 http cache rimraf@https://registry.npmjs.org/rimraf/-/rimraf-3.0.2.tgz 0ms (cache hit)
2684 http cache dunder-proto@https://registry.npmjs.org/dunder-proto/-/dunder-proto-1.0.1.tgz 0ms (cache hit)
2685 http cache flatted@https://registry.npmjs.org/flatted/-/flatted-3.4.2.tgz 0ms (cache hit)
2686 http cache reusify@https://registry.npmjs.org/reusify/-/reusify-1.1.0.tgz 0ms (cache hit)
2687 http cache path-exists@https://registry.npmjs.org/path-exists/-/path-exists-4.0.0.tgz 0ms (cache hit)
2688 http cache flat-cache@https://registry.npmjs.org/flat-cache/-/flat-cache-3.2.0.tgz 0ms (cache hit)
2689 http cache locate-path@https://registry.npmjs.org/locate-path/-/locate-path-6.0.0.tgz 0ms (cache hit)
2690 http cache acorn-jsx@https://registry.npmjs.org/acorn-jsx/-/acorn-jsx-5.3.2.tgz 0ms (cache hit)
2691 http cache string.prototype.repeat@https://registry.npmjs.org/string.prototype.repeat/-/string.prototype.repeat-1.0.0.tgz 0ms (cache hit)
2692 http cache acorn@https://registry.npmjs.org/acorn/-/acorn-8.16.0.tgz 0ms (cache hit)
2693 http cache esrecurse@https://registry.npmjs.org/esrecurse/-/esrecurse-4.3.0.tgz 0ms (cache hit)
2694 http cache prop-types@https://registry.npmjs.org/prop-types/-/prop-types-15.8.1.tgz 0ms (cache hit)
2695 http cache keyv@https://registry.npmjs.org/keyv/-/keyv-4.5.4.tgz 0ms (cache hit)
2696 http cache string.prototype.matchall@https://registry.npmjs.org/string.prototype.matchall/-/string.prototype.matchall-4.0.12.tgz 0ms (cache hit)
2697 http cache array.prototype.tosorted@https://registry.npmjs.org/array.prototype.tosorted/-/array.prototype.tosorted-1.1.4.tgz 0ms (cache hit)
2698 http cache iterator.prototype@https://registry.npmjs.org/iterator.prototype/-/iterator.prototype-1.1.5.tgz 0ms (cache hit)
2699 http cache language-tags@https://registry.npmjs.org/language-tags/-/language-tags-1.0.9.tgz 0ms (cache hit)
2700 http cache string.prototype.includes@https://registry.npmjs.org/string.prototype.includes/-/string.prototype.includes-2.0.1.tgz 0ms (cache hit)
2701 http cache array.prototype.findlast@https://registry.npmjs.org/array.prototype.findlast/-/array.prototype.findlast-1.2.5.tgz 0ms (cache hit)
2702 http cache jsx-ast-utils@https://registry.npmjs.org/jsx-ast-utils/-/jsx-ast-utils-3.3.5.tgz 0ms (cache hit)
2703 http cache emoji-regex@https://registry.npmjs.org/emoji-regex/-/emoji-regex-9.2.2.tgz 0ms (cache hit)
2704 http cache axe-core@https://registry.npmjs.org/axe-core/-/axe-core-4.12.0.tgz 0ms (cache hit)
2705 http cache aria-query@https://registry.npmjs.org/aria-query/-/aria-query-5.3.2.tgz 0ms (cache hit)
2706 http cache damerau-levenshtein@https://registry.npmjs.org/damerau-levenshtein/-/damerau-levenshtein-1.0.8.tgz 0ms (cache hit)
2707 http cache is-symbol@https://registry.npmjs.org/is-symbol/-/is-symbol-1.1.1.tgz 0ms (cache hit)
2708 http cache has-tostringtag@https://registry.npmjs.org/has-tostringtag/-/has-tostringtag-1.0.2.tgz 0ms (cache hit)
2709 http cache ast-types-flow@https://registry.npmjs.org/ast-types-flow/-/ast-types-flow-0.0.8.tgz 0ms (cache hit)
2710 http cache estraverse@https://registry.npmjs.org/estraverse/-/estraverse-5.3.0.tgz 0ms (cache hit)
2711 http cache axobject-query@https://registry.npmjs.org/axobject-query/-/axobject-query-4.1.0.tgz 0ms (cache hit)
2712 http cache is-date-object@https://registry.npmjs.org/is-date-object/-/is-date-object-1.1.0.tgz 0ms (cache hit)
2713 http cache which-typed-array@https://registry.npmjs.org/which-typed-array/-/which-typed-array-1.1.21.tgz 0ms (cache hit)
2714 http cache es-iterator-helpers@https://registry.npmjs.org/es-iterator-helpers/-/es-iterator-helpers-1.3.2.tgz 0ms (cache hit)
2715 http cache typed-array-buffer@https://registry.npmjs.org/typed-array-buffer/-/typed-array-buffer-1.0.3.tgz 0ms (cache hit)
2716 http cache string.prototype.trimstart@https://registry.npmjs.org/string.prototype.trimstart/-/string.prototype.trimstart-1.0.8.tgz 0ms (cache hit)
2717 http cache typed-array-byte-offset@https://registry.npmjs.org/typed-array-byte-offset/-/typed-array-byte-offset-1.0.4.tgz 0ms (cache hit)
2718 http cache typed-array-byte-length@https://registry.npmjs.org/typed-array-byte-length/-/typed-array-byte-length-1.0.3.tgz 0ms (cache hit)
2719 http cache stop-iteration-iterator@https://registry.npmjs.org/stop-iteration-iterator/-/stop-iteration-iterator-1.1.0.tgz 0ms (cache hit)
2720 http cache unbox-primitive@https://registry.npmjs.org/unbox-primitive/-/unbox-primitive-1.1.0.tgz 0ms (cache hit)
2721 http cache set-proto@https://registry.npmjs.org/set-proto/-/set-proto-1.0.0.tgz 0ms (cache hit)
2722 http cache safe-push-apply@https://registry.npmjs.org/safe-push-apply/-/safe-push-apply-1.0.0.tgz 0ms (cache hit)
2723 http cache safe-array-concat@https://registry.npmjs.org/safe-array-concat/-/safe-array-concat-1.1.4.tgz 0ms (cache hit)
2724 http cache safe-regex-test@https://registry.npmjs.org/safe-regex-test/-/safe-regex-test-1.1.0.tgz 0ms (cache hit)
2725 http cache string.prototype.trim@https://registry.npmjs.org/string.prototype.trim/-/string.prototype.trim-1.2.10.tgz 0ms (cache hit)
2726 http cache typed-array-length@https://registry.npmjs.org/typed-array-length/-/typed-array-length-1.0.8.tgz 0ms (cache hit)
2727 http cache possible-typed-array-names@https://registry.npmjs.org/possible-typed-array-names/-/possible-typed-array-names-1.1.0.tgz 0ms (cache hit)
2728 http cache is-typed-array@https://registry.npmjs.org/is-typed-array/-/is-typed-array-1.1.15.tgz 0ms (cache hit)
2729 http cache is-weakref@https://registry.npmjs.org/is-weakref/-/is-weakref-1.1.1.tgz 0ms (cache hit)
2730 http cache regexp.prototype.flags@https://registry.npmjs.org/regexp.prototype.flags/-/regexp.prototype.flags-1.5.4.tgz 0ms (cache hit)
2731 http cache is-shared-array-buffer@https://registry.npmjs.org/is-shared-array-buffer/-/is-shared-array-buffer-1.0.4.tgz 0ms (cache hit)
2732 http cache is-set@https://registry.npmjs.org/is-set/-/is-set-2.0.3.tgz 0ms (cache hit)
2733 http cache is-regex@https://registry.npmjs.org/is-regex/-/is-regex-1.2.1.tgz 0ms (cache hit)
2734 http cache object-inspect@https://registry.npmjs.org/object-inspect/-/object-inspect-1.13.4.tgz 0ms (cache hit)
2735 http cache is-data-view@https://registry.npmjs.org/is-data-view/-/is-data-view-1.0.2.tgz 0ms (cache hit)
2736 http cache own-keys@https://registry.npmjs.org/own-keys/-/own-keys-1.0.1.tgz 0ms (cache hit)
2737 http cache is-callable@https://registry.npmjs.org/is-callable/-/is-callable-1.2.7.tgz 0ms (cache hit)
2738 http cache object.assign@https://registry.npmjs.org/object.assign/-/object.assign-4.1.7.tgz 0ms (cache hit)
2739 http cache internal-slot@https://registry.npmjs.org/internal-slot/-/internal-slot-1.1.0.tgz 0ms (cache hit)
2740 http cache is-negative-zero@https://registry.npmjs.org/is-negative-zero/-/is-negative-zero-2.0.3.tgz 0ms (cache hit)
2741 http cache get-symbol-description@https://registry.npmjs.org/get-symbol-description/-/get-symbol-description-1.1.0.tgz 0ms (cache hit)
2742 http cache globalthis@https://registry.npmjs.org/globalthis/-/globalthis-1.0.4.tgz 0ms (cache hit)
2743 http cache has-symbols@https://registry.npmjs.org/has-symbols/-/has-symbols-1.1.0.tgz 0ms (cache hit)
2744 http cache has-proto@https://registry.npmjs.org/has-proto/-/has-proto-1.2.0.tgz 0ms (cache hit)
2745 http cache get-proto@https://registry.npmjs.org/get-proto/-/get-proto-1.0.1.tgz 0ms (cache hit)
2746 http cache is-array-buffer@https://registry.npmjs.org/is-array-buffer/-/is-array-buffer-3.0.5.tgz 0ms (cache hit)
2747 http cache data-view-byte-offset@https://registry.npmjs.org/data-view-byte-offset/-/data-view-byte-offset-1.0.1.tgz 0ms (cache hit)
2748 http cache data-view-byte-length@https://registry.npmjs.org/data-view-byte-length/-/data-view-byte-length-1.0.2.tgz 0ms (cache hit)
2749 http cache es-set-tostringtag@https://registry.npmjs.org/es-set-tostringtag/-/es-set-tostringtag-2.1.0.tgz 0ms (cache hit)
2750 http cache data-view-buffer@https://registry.npmjs.org/data-view-buffer/-/data-view-buffer-1.0.2.tgz 0ms (cache hit)
2751 http cache available-typed-arrays@https://registry.npmjs.org/available-typed-arrays/-/available-typed-arrays-1.0.7.tgz 0ms (cache hit)
2752 http cache arraybuffer.prototype.slice@https://registry.npmjs.org/arraybuffer.prototype.slice/-/arraybuffer.prototype.slice-1.0.4.tgz 0ms (cache hit)
2753 http cache function.prototype.name@https://registry.npmjs.org/function.prototype.name/-/function.prototype.name-1.1.8.tgz 0ms (cache hit)
2754 http cache es-to-primitive@https://registry.npmjs.org/es-to-primitive/-/es-to-primitive-1.3.0.tgz 0ms (cache hit)
2755 http cache gopd@https://registry.npmjs.org/gopd/-/gopd-1.2.0.tgz 0ms (cache hit)
2756 http cache object-keys@https://registry.npmjs.org/object-keys/-/object-keys-1.1.1.tgz 0ms (cache hit)
2757 http cache define-data-property@https://registry.npmjs.org/define-data-property/-/define-data-property-1.1.4.tgz 0ms (cache hit)
2758 http cache array-buffer-byte-length@https://registry.npmjs.org/array-buffer-byte-length/-/array-buffer-byte-length-1.0.2.tgz 0ms (cache hit)
2759 http cache set-function-length@https://registry.npmjs.org/set-function-length/-/set-function-length-1.2.2.tgz 0ms (cache hit)
2760 http cache es-define-property@https://registry.npmjs.org/es-define-property/-/es-define-property-1.0.1.tgz 0ms (cache hit)
2761 http cache function-bind@https://registry.npmjs.org/function-bind/-/function-bind-1.1.2.tgz 0ms (cache hit)
2762 http cache call-bind-apply-helpers@https://registry.npmjs.org/call-bind-apply-helpers/-/call-bind-apply-helpers-1.0.2.tgz 0ms (cache hit)
2763 http cache es-shim-unscopables@https://registry.npmjs.org/es-shim-unscopables/-/es-shim-unscopables-1.1.0.tgz 0ms (cache hit)
2764 http cache math-intrinsics@https://registry.npmjs.org/math-intrinsics/-/math-intrinsics-1.1.0.tgz 0ms (cache hit)
2765 http cache has-property-descriptors@https://registry.npmjs.org/has-property-descriptors/-/has-property-descriptors-1.0.2.tgz 0ms (cache hit)
2766 http cache es-errors@https://registry.npmjs.org/es-errors/-/es-errors-1.3.0.tgz 0ms (cache hit)
2767 http cache es-object-atoms@https://registry.npmjs.org/es-object-atoms/-/es-object-atoms-1.1.2.tgz 0ms (cache hit)
2768 http cache define-properties@https://registry.npmjs.org/define-properties/-/define-properties-1.2.1.tgz 0ms (cache hit)
2769 http cache call-bound@https://registry.npmjs.org/call-bound/-/call-bound-1.0.4.tgz 0ms (cache hit)
2770 http cache es-abstract@https://registry.npmjs.org/es-abstract/-/es-abstract-1.24.2.tgz 0ms (cache hit)
2771 http cache is-string@https://registry.npmjs.org/is-string/-/is-string-1.1.1.tgz 0ms (cache hit)
2772 http cache tsconfig-paths@https://registry.npmjs.org/tsconfig-paths/-/tsconfig-paths-3.15.0.tgz 0ms (cache hit)
2773 http cache get-intrinsic@https://registry.npmjs.org/get-intrinsic/-/get-intrinsic-1.3.0.tgz 0ms (cache hit)
2774 http cache call-bind@https://registry.npmjs.org/call-bind/-/call-bind-1.0.9.tgz 0ms (cache hit)
2775 http cache object.values@https://registry.npmjs.org/object.values/-/object.values-1.2.1.tgz 0ms (cache hit)
2776 http cache hasown@https://registry.npmjs.org/hasown/-/hasown-2.0.4.tgz 0ms (cache hit)
2777 http cache string.prototype.trimend@https://registry.npmjs.org/string.prototype.trimend/-/string.prototype.trimend-1.0.9.tgz 0ms (cache hit)
2778 http cache object.fromentries@https://registry.npmjs.org/object.fromentries/-/object.fromentries-2.0.8.tgz 0ms (cache hit)
2779 http cache array.prototype.flat@https://registry.npmjs.org/array.prototype.flat/-/array.prototype.flat-1.3.3.tgz 0ms (cache hit)
2780 http cache array-includes@https://registry.npmjs.org/array-includes/-/array-includes-3.1.9.tgz 0ms (cache hit)
2781 http cache array.prototype.flatmap@https://registry.npmjs.org/array.prototype.flatmap/-/array.prototype.flatmap-1.3.3.tgz 0ms (cache hit)
2782 http cache array.prototype.findlastindex@https://registry.npmjs.org/array.prototype.findlastindex/-/array.prototype.findlastindex-1.2.6.tgz 0ms (cache hit)
2783 http cache unrs-resolver@https://registry.npmjs.org/unrs-resolver/-/unrs-resolver-1.12.2.tgz 0ms (cache hit)
2784 http cache @rtsao/scc@https://registry.npmjs.org/@rtsao/scc/-/scc-1.1.0.tgz 0ms (cache hit)
2785 http cache object.groupby@https://registry.npmjs.org/object.groupby/-/object.groupby-1.0.3.tgz 0ms (cache hit)
2786 http cache stable-hash@https://registry.npmjs.org/stable-hash/-/stable-hash-0.0.5.tgz 0ms (cache hit)
2787 http cache is-bun-module@https://registry.npmjs.org/is-bun-module/-/is-bun-module-2.0.0.tgz 0ms (cache hit)
2788 http cache get-tsconfig@https://registry.npmjs.org/get-tsconfig/-/get-tsconfig-4.14.0.tgz 0ms (cache hit)
2789 http cache resolve@https://registry.npmjs.org/resolve/-/resolve-2.0.0-next.7.tgz 0ms (cache hit)
2790 http cache semver@https://registry.npmjs.org/semver/-/semver-7.8.1.tgz 0ms (cache hit)
2791 http cache is-core-module@https://registry.npmjs.org/is-core-module/-/is-core-module-2.16.2.tgz 0ms (cache hit)
2792 http cache @typescript-eslint/tsconfig-utils@https://registry.npmjs.org/@typescript-eslint/tsconfig-utils/-/tsconfig-utils-8.60.1.tgz 0ms (cache hit)
2793 http cache @typescript-eslint/project-service@https://registry.npmjs.org/@typescript-eslint/project-service/-/project-service-8.60.1.tgz 0ms (cache hit)
2794 http cache tinyglobby@https://registry.npmjs.org/tinyglobby/-/tinyglobby-0.2.17.tgz 0ms (cache hit)
2795 http cache @nolyfill/is-core-module@https://registry.npmjs.org/@nolyfill/is-core-module/-/is-core-module-1.0.39.tgz 0ms (cache hit)
2796 http cache @typescript-eslint/types@https://registry.npmjs.org/@typescript-eslint/types/-/types-8.60.1.tgz 0ms (cache hit)
2797 http cache @typescript-eslint/visitor-keys@https://registry.npmjs.org/@typescript-eslint/visitor-keys/-/visitor-keys-8.60.1.tgz 0ms (cache hit)
2798 http cache @typescript-eslint/typescript-estree@https://registry.npmjs.org/@typescript-eslint/typescript-estree/-/typescript-estree-8.60.1.tgz 0ms (cache hit)
2799 http cache @typescript-eslint/type-utils@https://registry.npmjs.org/@typescript-eslint/type-utils/-/type-utils-8.60.1.tgz 0ms (cache hit)
2800 http cache glob@https://registry.npmjs.org/glob/-/glob-10.3.10.tgz 0ms (cache hit)
2801 http cache @typescript-eslint/utils@https://registry.npmjs.org/@typescript-eslint/utils/-/utils-8.60.1.tgz 0ms (cache hit)
2802 http cache @typescript-eslint/scope-manager@https://registry.npmjs.org/@typescript-eslint/scope-manager/-/scope-manager-8.60.1.tgz 0ms (cache hit)
2803 http cache eslint-plugin-react-hooks@https://registry.npmjs.org/eslint-plugin-react-hooks/-/eslint-plugin-react-hooks-5.0.0-canary-7118f5dd7-20230705.tgz 0ms (cache hit)
2804 http cache eslint-plugin-jsx-a11y@https://registry.npmjs.org/eslint-plugin-jsx-a11y/-/eslint-plugin-jsx-a11y-6.10.2.tgz 0ms (cache hit)
2805 http cache eslint-plugin-react@https://registry.npmjs.org/eslint-plugin-react/-/eslint-plugin-react-7.37.5.tgz 0ms (cache hit)
2806 http cache eslint-plugin-import@https://registry.npmjs.org/eslint-plugin-import/-/eslint-plugin-import-2.32.0.tgz 0ms (cache hit)
2807 http cache eslint-import-resolver-node@https://registry.npmjs.org/eslint-import-resolver-node/-/eslint-import-resolver-node-0.3.10.tgz 0ms (cache hit)
2808 http cache eslint-import-resolver-typescript@https://registry.npmjs.org/eslint-import-resolver-typescript/-/eslint-import-resolver-typescript-3.10.1.tgz 0ms (cache hit)
2809 http cache @typescript-eslint/eslint-plugin@https://registry.npmjs.org/@typescript-eslint/eslint-plugin/-/eslint-plugin-8.60.1.tgz 0ms (cache hit)
2810 http cache @typescript-eslint/parser@https://registry.npmjs.org/@typescript-eslint/parser/-/parser-8.60.1.tgz 0ms (cache hit)
2811 http cache @rushstack/eslint-patch@https://registry.npmjs.org/@rushstack/eslint-patch/-/eslint-patch-1.16.1.tgz 0ms (cache hit)
2812 http cache ms@https://registry.npmjs.org/ms/-/ms-2.1.3.tgz 0ms (cache hit)
2813 http cache ts-api-utils@https://registry.npmjs.org/ts-api-utils/-/ts-api-utils-2.5.0.tgz 0ms (cache hit)
2814 http cache which@https://registry.npmjs.org/which/-/which-2.0.2.tgz 0ms (cache hit)
2815 http cache shebang-command@https://registry.npmjs.org/shebang-command/-/shebang-command-2.0.0.tgz 0ms (cache hit)
2816 http cache color-name@https://registry.npmjs.org/color-name/-/color-name-1.1.4.tgz 0ms (cache hit)
2817 http cache path-key@https://registry.npmjs.org/path-key/-/path-key-3.1.1.tgz 0ms (cache hit)
2818 http cache color-convert@https://registry.npmjs.org/color-convert/-/color-convert-2.0.1.tgz 0ms (cache hit)
2819 http cache supports-color@https://registry.npmjs.org/supports-color/-/supports-color-7.2.0.tgz 0ms (cache hit)
2820 http cache ansi-styles@https://registry.npmjs.org/ansi-styles/-/ansi-styles-4.3.0.tgz 0ms (cache hit)
2821 http cache fast-json-stable-stringify@https://registry.npmjs.org/fast-json-stable-stringify/-/fast-json-stable-stringify-2.1.0.tgz 0ms (cache hit)
2822 http cache json-schema-traverse@https://registry.npmjs.org/json-schema-traverse/-/json-schema-traverse-0.4.1.tgz 0ms (cache hit)
2823 http cache uri-js@https://registry.npmjs.org/uri-js/-/uri-js-4.4.1.tgz 0ms (cache hit)
2824 http cache run-parallel@https://registry.npmjs.org/run-parallel/-/run-parallel-1.2.0.tgz 0ms (cache hit)
2825 http cache @next/eslint-plugin-next@https://registry.npmjs.org/@next/eslint-plugin-next/-/eslint-plugin-next-14.2.29.tgz 0ms (cache hit)
2826 http cache fastq@https://registry.npmjs.org/fastq/-/fastq-1.20.1.tgz 0ms (cache hit)
2827 http cache @nodelib/fs.scandir@https://registry.npmjs.org/@nodelib/fs.scandir/-/fs.scandir-2.1.5.tgz 0ms (cache hit)
2828 http cache @nodelib/fs.stat@https://registry.npmjs.org/@nodelib/fs.stat/-/fs.stat-2.0.5.tgz 0ms (cache hit)
2829 http cache @humanwhocodes/object-schema@https://registry.npmjs.org/@humanwhocodes/object-schema/-/object-schema-2.0.3.tgz 0ms (cache hit)
2830 http cache import-fresh@https://registry.npmjs.org/import-fresh/-/import-fresh-3.3.1.tgz 0ms (cache hit)
2831 http cache text-table@https://registry.npmjs.org/text-table/-/text-table-0.2.0.tgz 0ms (cache hit)
2832 http cache strip-ansi@https://registry.npmjs.org/strip-ansi/-/strip-ansi-6.0.1.tgz 0ms (cache hit)
2833 http cache optionator@https://registry.npmjs.org/optionator/-/optionator-0.9.4.tgz 0ms (cache hit)
2834 http cache object.entries@https://registry.npmjs.org/object.entries/-/object.entries-1.1.9.tgz 0ms (cache hit)
2835 http cache natural-compare@https://registry.npmjs.org/natural-compare/-/natural-compare-1.4.0.tgz 0ms (cache hit)
2836 http cache eslint-module-utils@https://registry.npmjs.org/eslint-module-utils/-/eslint-module-utils-2.13.0.tgz 0ms (cache hit)
2837 http cache minimatch@https://registry.npmjs.org/minimatch/-/minimatch-3.1.5.tgz 0ms (cache hit)
2838 http cache levn@https://registry.npmjs.org/levn/-/levn-0.4.1.tgz 0ms (cache hit)
2839 http cache json-stable-stringify-without-jsonify@https://registry.npmjs.org/json-stable-stringify-without-jsonify/-/json-stable-stringify-without-jsonify-1.0.1.tgz 0ms (cache hit)
2840 http cache js-yaml@https://registry.npmjs.org/js-yaml/-/js-yaml-4.2.0.tgz 0ms (cache hit)
2841 http cache lodash.merge@https://registry.npmjs.org/lodash.merge/-/lodash.merge-4.6.2.tgz 0ms (cache hit)
2842 http cache is-path-inside@https://registry.npmjs.org/is-path-inside/-/is-path-inside-3.0.3.tgz 0ms (cache hit)
2843 http cache is-glob@https://registry.npmjs.org/is-glob/-/is-glob-4.0.3.tgz 0ms (cache hit)
2844 http cache imurmurhash@https://registry.npmjs.org/imurmurhash/-/imurmurhash-0.1.4.tgz 0ms (cache hit)
2845 http cache ignore@https://registry.npmjs.org/ignore/-/ignore-5.3.2.tgz 0ms (cache hit)
2846 http cache globals@https://registry.npmjs.org/globals/-/globals-13.24.0.tgz 0ms (cache hit)
2847 http cache graphemer@https://registry.npmjs.org/graphemer/-/graphemer-1.4.0.tgz 0ms (cache hit)
2848 http cache glob-parent@https://registry.npmjs.org/glob-parent/-/glob-parent-6.0.2.tgz 0ms (cache hit)
2849 http cache fast-deep-equal@https://registry.npmjs.org/fast-deep-equal/-/fast-deep-equal-3.1.3.tgz 0ms (cache hit)
2850 http cache file-entry-cache@https://registry.npmjs.org/file-entry-cache/-/file-entry-cache-6.0.1.tgz 0ms (cache hit)
2851 http cache esquery@https://registry.npmjs.org/esquery/-/esquery-1.7.0.tgz 0ms (cache hit)
2852 http cache espree@https://registry.npmjs.org/espree/-/espree-9.6.1.tgz 0ms (cache hit)
2853 http cache find-up@https://registry.npmjs.org/find-up/-/find-up-5.0.0.tgz 0ms (cache hit)
2854 http cache eslint-scope@https://registry.npmjs.org/eslint-scope/-/eslint-scope-7.2.2.tgz 0ms (cache hit)
2855 http cache esutils@https://registry.npmjs.org/esutils/-/esutils-2.0.3.tgz 0ms (cache hit)
2856 http cache doctrine@https://registry.npmjs.org/doctrine/-/doctrine-3.0.0.tgz 0ms (cache hit)
2857 http cache escape-string-regexp@https://registry.npmjs.org/escape-string-regexp/-/escape-string-regexp-4.0.0.tgz 0ms (cache hit)
2858 http cache cross-spawn@https://registry.npmjs.org/cross-spawn/-/cross-spawn-7.0.6.tgz 0ms (cache hit)
2859 http cache chalk@https://registry.npmjs.org/chalk/-/chalk-4.1.2.tgz 0ms (cache hit)
2860 http cache debug@https://registry.npmjs.org/debug/-/debug-4.4.3.tgz 0ms (cache hit)
2861 http cache ajv@https://registry.npmjs.org/ajv/-/ajv-6.15.0.tgz 0ms (cache hit)
2862 http cache @ungap/structured-clone@https://registry.npmjs.org/@ungap/structured-clone/-/structured-clone-1.3.1.tgz 0ms (cache hit)
2863 http cache eslint-visitor-keys@https://registry.npmjs.org/eslint-visitor-keys/-/eslint-visitor-keys-3.4.3.tgz 0ms (cache hit)
2864 http cache @humanwhocodes/module-importer@https://registry.npmjs.org/@humanwhocodes/module-importer/-/module-importer-1.0.1.tgz 0ms (cache hit)
2865 http cache @nodelib/fs.walk@https://registry.npmjs.org/@nodelib/fs.walk/-/fs.walk-1.2.8.tgz 0ms (cache hit)
2866 http cache @humanwhocodes/config-array@https://registry.npmjs.org/@humanwhocodes/config-array/-/config-array-0.13.0.tgz 0ms (cache hit)
2867 http cache @eslint/eslintrc@https://registry.npmjs.org/@eslint/eslintrc/-/eslintrc-2.1.4.tgz 0ms (cache hit)
2868 http cache @eslint/js@https://registry.npmjs.org/@eslint/js/-/js-8.57.1.tgz 0ms (cache hit)
2869 http cache @eslint-community/regexpp@https://registry.npmjs.org/@eslint-community/regexpp/-/regexpp-4.12.2.tgz 0ms (cache hit)
2870 http cache @eslint-community/eslint-utils@https://registry.npmjs.org/@eslint-community/eslint-utils/-/eslint-utils-4.9.1.tgz 0ms (cache hit)
2871 http cache update-browserslist-db@https://registry.npmjs.org/update-browserslist-db/-/update-browserslist-db-1.2.3.tgz 0ms (cache hit)
2872 http cache node-releases@https://registry.npmjs.org/node-releases/-/node-releases-2.0.47.tgz 0ms (cache hit)
2873 http cache baseline-browser-mapping@https://registry.npmjs.org/baseline-browser-mapping/-/baseline-browser-mapping-2.10.33.tgz 0ms (cache hit)
2874 http cache postcss-value-parser@https://registry.npmjs.org/postcss-value-parser/-/postcss-value-parser-4.2.0.tgz 0ms (cache hit)
2875 http cache picocolors@https://registry.npmjs.org/picocolors/-/picocolors-1.1.1.tgz 0ms (cache hit)
2876 http cache electron-to-chromium@https://registry.npmjs.org/electron-to-chromium/-/electron-to-chromium-1.5.367.tgz 0ms (cache hit)
2877 http cache fraction.js@https://registry.npmjs.org/fraction.js/-/fraction.js-5.3.4.tgz 0ms (cache hit)
2878 http cache caniuse-lite@https://registry.npmjs.org/caniuse-lite/-/caniuse-lite-1.0.30001793.tgz 0ms (cache hit)
2879 http cache strip-json-comments@https://registry.npmjs.org/strip-json-comments/-/strip-json-comments-3.1.1.tgz 0ms (cache hit)
2880 http cache @types/prop-types@https://registry.npmjs.org/@types/prop-types/-/prop-types-15.7.15.tgz 0ms (cache hit)
2881 http cache browserslist@https://registry.npmjs.org/browserslist/-/browserslist-4.28.2.tgz 0ms (cache hit)
2882 http cache undici-types@https://registry.npmjs.org/undici-types/-/undici-types-6.21.0.tgz 0ms (cache hit)
2883 http cache typescript@https://registry.npmjs.org/typescript/-/typescript-5.9.3.tgz 0ms (cache hit)
2884 http cache tailwind-merge@https://registry.npmjs.org/tailwind-merge/-/tailwind-merge-2.6.1.tgz 0ms (cache hit)
2885 http cache recharts@https://registry.npmjs.org/recharts/-/recharts-2.15.4.tgz 0ms (cache hit)
2886 http cache tailwindcss@https://registry.npmjs.org/tailwindcss/-/tailwindcss-3.4.19.tgz 0ms (cache hit)
2887 http cache csstype@https://registry.npmjs.org/csstype/-/csstype-3.2.3.tgz 0ms (cache hit)
2888 http cache react-dom@https://registry.npmjs.org/react-dom/-/react-dom-18.2.0.tgz 0ms (cache hit)
2889 http cache react@https://registry.npmjs.org/react/-/react-18.2.0.tgz 0ms (cache hit)
2890 http cache postcss@https://registry.npmjs.org/postcss/-/postcss-8.5.15.tgz 0ms (cache hit)
2891 http cache lucide-react@https://registry.npmjs.org/lucide-react/-/lucide-react-0.468.0.tgz 0ms (cache hit)
2892 http cache eslint@https://registry.npmjs.org/eslint/-/eslint-8.57.1.tgz 0ms (cache hit)
2893 http cache next@https://registry.npmjs.org/next/-/next-14.2.29.tgz 0ms (cache hit)
2894 http cache clsx@https://registry.npmjs.org/clsx/-/clsx-2.1.1.tgz 0ms (cache hit)
2895 http cache autoprefixer@https://registry.npmjs.org/autoprefixer/-/autoprefixer-10.5.0.tgz 0ms (cache hit)
2896 http cache eslint-config-next@https://registry.npmjs.org/eslint-config-next/-/eslint-config-next-14.2.29.tgz 0ms (cache hit)
2897 http cache @types/react@https://registry.npmjs.org/@types/react/-/react-18.3.30.tgz 0ms (cache hit)
2898 http cache @types/node@https://registry.npmjs.org/@types/node/-/node-20.19.41.tgz 0ms (cache hit)
2899 http cache resolve@https://registry.npmjs.org/resolve/-/resolve-1.22.12.tgz 0ms (cache hit)
2900 http cache @types/react-dom@https://registry.npmjs.org/@types/react-dom/-/react-dom-18.3.7.tgz 0ms (cache hit)
2901 http cache glob-parent@https://registry.npmjs.org/glob-parent/-/glob-parent-5.1.2.tgz 0ms (cache hit)
2902 http cache glob-parent@https://registry.npmjs.org/glob-parent/-/glob-parent-5.1.2.tgz 0ms (cache hit)
2903 http cache semver@https://registry.npmjs.org/semver/-/semver-6.3.1.tgz 0ms (cache hit)
2904 http cache string-width@https://registry.npmjs.org/string-width/-/string-width-4.2.3.tgz 0ms (cache hit)
2905 http cache strip-ansi@https://registry.npmjs.org/strip-ansi/-/strip-ansi-7.2.0.tgz 0ms (cache hit)
2906 http cache ansi-regex@https://registry.npmjs.org/ansi-regex/-/ansi-regex-6.2.2.tgz 0ms (cache hit)
2907 http cache ansi-styles@https://registry.npmjs.org/ansi-styles/-/ansi-styles-6.2.3.tgz 0ms (cache hit)
2908 http cache emoji-regex@https://registry.npmjs.org/emoji-regex/-/emoji-regex-8.0.0.tgz 0ms (cache hit)
2909 http cache ansi-regex@https://registry.npmjs.org/ansi-regex/-/ansi-regex-6.2.2.tgz 0ms (cache hit)
2910 http cache ansi-regex@https://registry.npmjs.org/ansi-regex/-/ansi-regex-6.2.2.tgz 0ms (cache hit)
2911 http cache emoji-regex@https://registry.npmjs.org/emoji-regex/-/emoji-regex-8.0.0.tgz 0ms (cache hit)
2912 http cache strip-ansi@https://registry.npmjs.org/strip-ansi/-/strip-ansi-7.2.0.tgz 0ms (cache hit)
2913 http cache strip-ansi@https://registry.npmjs.org/strip-ansi/-/strip-ansi-7.2.0.tgz 0ms (cache hit)
2914 http cache debug@https://registry.npmjs.org/debug/-/debug-3.2.7.tgz 0ms (cache hit)
2915 http cache picomatch@https://registry.npmjs.org/picomatch/-/picomatch-4.0.4.tgz 0ms (cache hit)
2916 http cache glob@https://registry.npmjs.org/glob/-/glob-7.2.3.tgz 0ms (cache hit)
2917 http cache minimatch@https://registry.npmjs.org/minimatch/-/minimatch-10.2.5.tgz 0ms (cache hit)
2918 http cache balanced-match@https://registry.npmjs.org/balanced-match/-/balanced-match-4.0.4.tgz 0ms (cache hit)
2919 http cache minimatch@https://registry.npmjs.org/minimatch/-/minimatch-9.0.9.tgz 0ms (cache hit)
2920 http cache brace-expansion@https://registry.npmjs.org/brace-expansion/-/brace-expansion-2.1.1.tgz 0ms (cache hit)
2921 http cache brace-expansion@https://registry.npmjs.org/brace-expansion/-/brace-expansion-5.0.6.tgz 0ms (cache hit)
2922 http cache eslint-visitor-keys@https://registry.npmjs.org/eslint-visitor-keys/-/eslint-visitor-keys-5.0.1.tgz 0ms (cache hit)
2923 http cache doctrine@https://registry.npmjs.org/doctrine/-/doctrine-2.1.0.tgz 0ms (cache hit)
2924 http cache semver@https://registry.npmjs.org/semver/-/semver-6.3.1.tgz 0ms (cache hit)
2925 http cache ignore@https://registry.npmjs.org/ignore/-/ignore-7.0.5.tgz 0ms (cache hit)
2926 http cache semver@https://registry.npmjs.org/semver/-/semver-6.3.1.tgz 0ms (cache hit)
2927 http cache debug@https://registry.npmjs.org/debug/-/debug-3.2.7.tgz 0ms (cache hit)
2928 http cache doctrine@https://registry.npmjs.org/doctrine/-/doctrine-2.1.0.tgz 0ms (cache hit)
2929 http cache debug@https://registry.npmjs.org/debug/-/debug-3.2.7.tgz 0ms (cache hit)
2930 http cache react-is@https://registry.npmjs.org/react-is/-/react-is-18.3.1.tgz 0ms (cache hit)
2931 http cache resolve@https://registry.npmjs.org/resolve/-/resolve-1.22.12.tgz 0ms (cache hit)
2932 http cache postcss@https://registry.npmjs.org/postcss/-/postcss-8.4.31.tgz 0ms (cache hit)
2933 silly tarball no local data for once@https://registry.npmjs.org/once/-/once-1.4.0.tgz. Extracting by manifest.
2934 silly tarball no local data for path-is-absolute@https://registry.npmjs.org/path-is-absolute/-/path-is-absolute-1.0.1.tgz. Extracting by manifest.
2935 silly tarball no local data for wrappy@https://registry.npmjs.org/wrappy/-/wrappy-1.0.2.tgz. Extracting by manifest.
2936 silly tarball no local data for is-weakset@https://registry.npmjs.org/is-weakset/-/is-weakset-2.0.4.tgz. Extracting by manifest.
2937 silly tarball no local data for inflight@https://registry.npmjs.org/inflight/-/inflight-1.0.6.tgz. Extracting by manifest.
2938 silly tarball no local data for is-map@https://registry.npmjs.org/is-map/-/is-map-2.0.3.tgz. Extracting by manifest.
2939 silly tarball no local data for async-function@https://registry.npmjs.org/async-function/-/async-function-1.0.0.tgz. Extracting by manifest.
2940 silly tarball no local data for inherits@https://registry.npmjs.org/inherits/-/inherits-2.0.4.tgz. Extracting by manifest.
2941 silly tarball no local data for fs.realpath@https://registry.npmjs.org/fs.realpath/-/fs.realpath-1.0.0.tgz. Extracting by manifest.
2942 silly tarball no local data for is-weakmap@https://registry.npmjs.org/is-weakmap/-/is-weakmap-2.0.2.tgz. Extracting by manifest.
2943 silly tarball no local data for is-finalizationregistry@https://registry.npmjs.org/is-finalizationregistry/-/is-finalizationregistry-1.1.1.tgz. Extracting by manifest.
2944 silly tarball no local data for generator-function@https://registry.npmjs.org/generator-function/-/generator-function-2.0.1.tgz. Extracting by manifest.
2945 silly tarball no local data for which-collection@https://registry.npmjs.org/which-collection/-/which-collection-1.0.2.tgz. Extracting by manifest.
2946 silly tarball no local data for is-async-function@https://registry.npmjs.org/is-async-function/-/is-async-function-2.1.1.tgz. Extracting by manifest.
2947 silly tarball no local data for isexe@https://registry.npmjs.org/isexe/-/isexe-2.0.0.tgz. Extracting by manifest.
2948 silly tarball no local data for is-number-object@https://registry.npmjs.org/is-number-object/-/is-number-object-1.1.1.tgz. Extracting by manifest.
2949 silly tarball no local data for d3-time-format@https://registry.npmjs.org/d3-time-format/-/d3-time-format-4.1.0.tgz. Extracting by manifest.
2950 silly tarball no local data for d3-path@https://registry.npmjs.org/d3-path/-/d3-path-3.1.0.tgz. Extracting by manifest.
2951 silly tarball no local data for is-boolean-object@https://registry.npmjs.org/is-boolean-object/-/is-boolean-object-1.2.2.tgz. Extracting by manifest.
2952 silly tarball no local data for d3-color@https://registry.npmjs.org/d3-color/-/d3-color-3.1.0.tgz. Extracting by manifest.
2953 silly tarball no local data for is-bigint@https://registry.npmjs.org/is-bigint/-/is-bigint-1.1.0.tgz. Extracting by manifest.
2954 silly tarball no local data for internmap@https://registry.npmjs.org/internmap/-/internmap-2.0.3.tgz. Extracting by manifest.
2955 silly tarball no local data for d3-format@https://registry.npmjs.org/d3-format/-/d3-format-3.1.2.tgz. Extracting by manifest.
2956 silly tarball no local data for @types/d3-color@https://registry.npmjs.org/@types/d3-color/-/d3-color-3.1.3.tgz. Extracting by manifest.
2957 silly tarball no local data for d3-time@https://registry.npmjs.org/d3-time/-/d3-time-3.1.0.tgz. Extracting by manifest.
2958 silly tarball no local data for d3-scale@https://registry.npmjs.org/d3-scale/-/d3-scale-4.0.2.tgz. Extracting by manifest.
2959 silly tarball no local data for d3-shape@https://registry.npmjs.org/d3-shape/-/d3-shape-3.2.0.tgz. Extracting by manifest.
2960 silly tarball no local data for is-generator-function@https://registry.npmjs.org/is-generator-function/-/is-generator-function-1.1.2.tgz. Extracting by manifest.
2961 silly tarball no local data for d3-timer@https://registry.npmjs.org/d3-timer/-/d3-timer-3.0.1.tgz. Extracting by manifest.
2962 silly tarball no local data for d3-interpolate@https://registry.npmjs.org/d3-interpolate/-/d3-interpolate-3.0.1.tgz. Extracting by manifest.
2963 silly tarball no local data for d3-ease@https://registry.npmjs.org/d3-ease/-/d3-ease-3.0.1.tgz. Extracting by manifest.
2964 silly tarball no local data for @types/d3-shape@https://registry.npmjs.org/@types/d3-shape/-/d3-shape-3.1.8.tgz. Extracting by manifest.
2965 silly tarball no local data for @types/d3-time@https://registry.npmjs.org/@types/d3-time/-/d3-time-3.0.4.tgz. Extracting by manifest.
2966 silly tarball no local data for d3-array@https://registry.npmjs.org/d3-array/-/d3-array-3.2.4.tgz. Extracting by manifest.
2967 silly tarball no local data for @types/d3-path@https://registry.npmjs.org/@types/d3-path/-/d3-path-3.1.1.tgz. Extracting by manifest.
2968 silly tarball no local data for @types/d3-interpolate@https://registry.npmjs.org/@types/d3-interpolate/-/d3-interpolate-3.0.4.tgz. Extracting by manifest.
2969 silly tarball no local data for @types/d3-scale@https://registry.npmjs.org/@types/d3-scale/-/d3-scale-4.0.9.tgz. Extracting by manifest.
2970 silly tarball no local data for @types/d3-ease@https://registry.npmjs.org/@types/d3-ease/-/d3-ease-3.0.2.tgz. Extracting by manifest.
2971 silly tarball no local data for punycode@https://registry.npmjs.org/punycode/-/punycode-2.3.1.tgz. Extracting by manifest.
2972 silly tarball no local data for @unrs/resolver-binding-darwin-arm64@https://registry.npmjs.org/@unrs/resolver-binding-darwin-arm64/-/resolver-binding-darwin-arm64-1.12.2.tgz. Extracting by manifest.
2973 silly tarball no local data for escalade@https://registry.npmjs.org/escalade/-/escalade-3.2.0.tgz. Extracting by manifest.
2974 silly tarball no local data for @types/d3-array@https://registry.npmjs.org/@types/d3-array/-/d3-array-3.2.2.tgz. Extracting by manifest.
2975 silly tarball no local data for napi-postinstall@https://registry.npmjs.org/napi-postinstall/-/napi-postinstall-0.3.4.tgz. Extracting by manifest.
2976 silly tarball no local data for reflect.getprototypeof@https://registry.npmjs.org/reflect.getprototypeof/-/reflect.getprototypeof-1.0.10.tgz. Extracting by manifest.
2977 silly tarball no local data for which-boxed-primitive@https://registry.npmjs.org/which-boxed-primitive/-/which-boxed-primitive-1.1.1.tgz. Extracting by manifest.
2978 silly tarball no local data for has-bigints@https://registry.npmjs.org/has-bigints/-/has-bigints-1.1.0.tgz. Extracting by manifest.
2979 silly tarball no local data for which-builtin-type@https://registry.npmjs.org/which-builtin-type/-/which-builtin-type-1.2.1.tgz. Extracting by manifest.
2980 silly tarball no local data for strip-bom@https://registry.npmjs.org/strip-bom/-/strip-bom-3.0.0.tgz. Extracting by manifest.
2981 silly tarball no local data for for-each@https://registry.npmjs.org/for-each/-/for-each-0.3.5.tgz. Extracting by manifest.
2982 silly tarball no local data for json5@https://registry.npmjs.org/json5/-/json5-1.0.2.tgz. Extracting by manifest.
2983 silly tarball no local data for minimist@https://registry.npmjs.org/minimist/-/minimist-1.2.8.tgz. Extracting by manifest.
2984 silly tarball no local data for is-number@https://registry.npmjs.org/is-number/-/is-number-7.0.0.tgz. Extracting by manifest.
2985 silly tarball no local data for @types/json5@https://registry.npmjs.org/@types/json5/-/json5-0.0.29.tgz. Extracting by manifest.
2986 silly tarball no local data for @types/d3-timer@https://registry.npmjs.org/@types/d3-timer/-/d3-timer-3.0.2.tgz. Extracting by manifest.
2987 silly tarball no local data for fdir@https://registry.npmjs.org/fdir/-/fdir-6.5.0.tgz. Extracting by manifest.
2988 silly tarball no local data for thenify-all@https://registry.npmjs.org/thenify-all/-/thenify-all-1.6.0.tgz. Extracting by manifest.
2989 silly tarball no local data for @jridgewell/resolve-uri@https://registry.npmjs.org/@jridgewell/resolve-uri/-/resolve-uri-3.1.2.tgz. Extracting by manifest.
2990 silly tarball no local data for ts-interface-checker@https://registry.npmjs.org/ts-interface-checker/-/ts-interface-checker-0.1.13.tgz. Extracting by manifest.
2991 silly tarball no local data for @jridgewell/sourcemap-codec@https://registry.npmjs.org/@jridgewell/sourcemap-codec/-/sourcemap-codec-1.5.5.tgz. Extracting by manifest.
2992 silly tarball no local data for thenify@https://registry.npmjs.org/thenify/-/thenify-3.3.1.tgz. Extracting by manifest.
2993 silly tarball no local data for @jridgewell/trace-mapping@https://registry.npmjs.org/@jridgewell/trace-mapping/-/trace-mapping-0.3.31.tgz. Extracting by manifest.
2994 silly tarball no local data for mz@https://registry.npmjs.org/mz/-/mz-2.7.0.tgz. Extracting by manifest.
2995 silly tarball no local data for pirates@https://registry.npmjs.org/pirates/-/pirates-4.0.7.tgz. Extracting by manifest.
2996 silly tarball no local data for @jridgewell/gen-mapping@https://registry.npmjs.org/@jridgewell/gen-mapping/-/gen-mapping-0.3.13.tgz. Extracting by manifest.
2997 silly tarball no local data for lines-and-columns@https://registry.npmjs.org/lines-and-columns/-/lines-and-columns-1.2.4.tgz. Extracting by manifest.
2998 silly tarball no local data for pify@https://registry.npmjs.org/pify/-/pify-2.3.0.tgz. Extracting by manifest.
2999 silly tarball no local data for cssesc@https://registry.npmjs.org/cssesc/-/cssesc-3.0.0.tgz. Extracting by manifest.
3000 silly tarball no local data for read-cache@https://registry.npmjs.org/read-cache/-/read-cache-1.0.0.tgz. Extracting by manifest.
3001 silly tarball no local data for commander@https://registry.npmjs.org/commander/-/commander-4.1.1.tgz. Extracting by manifest.
3002 silly tarball no local data for any-promise@https://registry.npmjs.org/any-promise/-/any-promise-1.3.0.tgz. Extracting by manifest.
3003 silly tarball no local data for util-deprecate@https://registry.npmjs.org/util-deprecate/-/util-deprecate-1.0.2.tgz. Extracting by manifest.
3004 silly tarball no local data for camelcase-css@https://registry.npmjs.org/camelcase-css/-/camelcase-css-2.0.1.tgz. Extracting by manifest.
3005 silly tarball no local data for merge2@https://registry.npmjs.org/merge2/-/merge2-1.4.1.tgz. Extracting by manifest.
3006 silly tarball no local data for to-regex-range@https://registry.npmjs.org/to-regex-range/-/to-regex-range-5.0.1.tgz. Extracting by manifest.
3007 silly tarball no local data for picomatch@https://registry.npmjs.org/picomatch/-/picomatch-2.3.2.tgz. Extracting by manifest.
3008 silly tarball no local data for fill-range@https://registry.npmjs.org/fill-range/-/fill-range-7.1.1.tgz. Extracting by manifest.
3009 silly tarball no local data for fsevents@https://registry.npmjs.org/fsevents/-/fsevents-2.3.3.tgz. Extracting by manifest.
3010 silly tarball no local data for readdirp@https://registry.npmjs.org/readdirp/-/readdirp-3.6.0.tgz. Extracting by manifest.
3011 silly tarball no local data for braces@https://registry.npmjs.org/braces/-/braces-3.0.3.tgz. Extracting by manifest.
3012 silly tarball no local data for is-binary-path@https://registry.npmjs.org/is-binary-path/-/is-binary-path-2.1.0.tgz. Extracting by manifest.
3013 silly tarball no local data for sucrase@https://registry.npmjs.org/sucrase/-/sucrase-3.35.1.tgz. Extracting by manifest.
3014 silly tarball no local data for binary-extensions@https://registry.npmjs.org/binary-extensions/-/binary-extensions-2.3.0.tgz. Extracting by manifest.
3015 silly tarball no local data for postcss-selector-parser@https://registry.npmjs.org/postcss-selector-parser/-/postcss-selector-parser-6.1.2.tgz. Extracting by manifest.
3016 silly tarball no local data for postcss-js@https://registry.npmjs.org/postcss-js/-/postcss-js-4.1.0.tgz. Extracting by manifest.
3017 silly tarball no local data for anymatch@https://registry.npmjs.org/anymatch/-/anymatch-3.1.3.tgz. Extracting by manifest.
3018 silly tarball no local data for normalize-path@https://registry.npmjs.org/normalize-path/-/normalize-path-3.0.0.tgz. Extracting by manifest.
3019 silly tarball no local data for postcss-import@https://registry.npmjs.org/postcss-import/-/postcss-import-15.1.0.tgz. Extracting by manifest.
3020 silly tarball no local data for postcss-nested@https://registry.npmjs.org/postcss-nested/-/postcss-nested-6.2.0.tgz. Extracting by manifest.
3021 silly tarball no local data for lilconfig@https://registry.npmjs.org/lilconfig/-/lilconfig-3.1.3.tgz. Extracting by manifest.
3022 silly tarball no local data for micromatch@https://registry.npmjs.org/micromatch/-/micromatch-4.0.8.tgz. Extracting by manifest.
3023 silly tarball no local data for jiti@https://registry.npmjs.org/jiti/-/jiti-1.21.7.tgz. Extracting by manifest.
3024 silly tarball no local data for postcss-load-config@https://registry.npmjs.org/postcss-load-config/-/postcss-load-config-6.0.1.tgz. Extracting by manifest.
3025 silly tarball no local data for dlv@https://registry.npmjs.org/dlv/-/dlv-1.1.3.tgz. Extracting by manifest.
3026 silly tarball no local data for object-hash@https://registry.npmjs.org/object-hash/-/object-hash-3.0.0.tgz. Extracting by manifest.
3027 silly tarball no local data for @alloc/quick-lru@https://registry.npmjs.org/@alloc/quick-lru/-/quick-lru-5.2.0.tgz. Extracting by manifest.
3028 silly tarball no local data for arg@https://registry.npmjs.org/arg/-/arg-5.0.2.tgz. Extracting by manifest.
3029 silly tarball no local data for has-flag@https://registry.npmjs.org/has-flag/-/has-flag-4.0.0.tgz. Extracting by manifest.
3030 silly tarball no local data for didyoumean@https://registry.npmjs.org/didyoumean/-/didyoumean-1.2.2.tgz. Extracting by manifest.
3031 silly tarball no local data for client-only@https://registry.npmjs.org/client-only/-/client-only-0.0.1.tgz. Extracting by manifest.
3032 silly tarball no local data for fast-glob@https://registry.npmjs.org/fast-glob/-/fast-glob-3.3.3.tgz. Extracting by manifest.
3033 silly tarball no local data for ansi-regex@https://registry.npmjs.org/ansi-regex/-/ansi-regex-5.0.1.tgz. Extracting by manifest.
3034 silly tarball no local data for is-fullwidth-code-point@https://registry.npmjs.org/is-fullwidth-code-point/-/is-fullwidth-code-point-3.0.0.tgz. Extracting by manifest.
3035 silly tarball no local data for eastasianwidth@https://registry.npmjs.org/eastasianwidth/-/eastasianwidth-0.2.0.tgz. Extracting by manifest.
3036 silly tarball no local data for chokidar@https://registry.npmjs.org/chokidar/-/chokidar-3.6.0.tgz. Extracting by manifest.
3037 silly tarball no local data for side-channel-weakmap@https://registry.npmjs.org/side-channel-weakmap/-/side-channel-weakmap-1.0.2.tgz. Extracting by manifest.
3038 silly tarball no local data for side-channel-list@https://registry.npmjs.org/side-channel-list/-/side-channel-list-1.0.1.tgz. Extracting by manifest.
3039 silly tarball no local data for isarray@https://registry.npmjs.org/isarray/-/isarray-2.0.5.tgz. Extracting by manifest.
3040 silly tarball no local data for queue-microtask@https://registry.npmjs.org/queue-microtask/-/queue-microtask-1.2.3.tgz. Extracting by manifest.
3041 silly tarball no local data for side-channel-map@https://registry.npmjs.org/side-channel-map/-/side-channel-map-1.0.1.tgz. Extracting by manifest.
3042 silly tarball no local data for path-parse@https://registry.npmjs.org/path-parse/-/path-parse-1.0.7.tgz. Extracting by manifest.
3043 silly tarball no local data for node-exports-info@https://registry.npmjs.org/node-exports-info/-/node-exports-info-1.6.0.tgz. Extracting by manifest.
3044 silly tarball no local data for dom-helpers@https://registry.npmjs.org/dom-helpers/-/dom-helpers-5.2.1.tgz. Extracting by manifest.
3045 silly tarball no local data for decimal.js-light@https://registry.npmjs.org/decimal.js-light/-/decimal.js-light-2.5.1.tgz. Extracting by manifest.
3046 silly tarball no local data for @babel/runtime@https://registry.npmjs.org/@babel/runtime/-/runtime-7.29.7.tgz. Extracting by manifest.
3047 silly tarball no local data for supports-preserve-symlinks-flag@https://registry.npmjs.org/supports-preserve-symlinks-flag/-/supports-preserve-symlinks-flag-1.0.0.tgz. Extracting by manifest.
3048 silly tarball no local data for react-transition-group@https://registry.npmjs.org/react-transition-group/-/react-transition-group-4.4.5.tgz. Extracting by manifest.
3049 silly tarball no local data for fast-equals@https://registry.npmjs.org/fast-equals/-/fast-equals-5.4.0.tgz. Extracting by manifest.
3050 silly tarball no local data for shebang-regex@https://registry.npmjs.org/shebang-regex/-/shebang-regex-3.0.0.tgz. Extracting by manifest.
3051 silly tarball no local data for tiny-invariant@https://registry.npmjs.org/tiny-invariant/-/tiny-invariant-1.3.3.tgz. Extracting by manifest.
3052 silly tarball no local data for recharts-scale@https://registry.npmjs.org/recharts-scale/-/recharts-scale-0.4.5.tgz. Extracting by manifest.
3053 silly tarball no local data for lodash@https://registry.npmjs.org/lodash/-/lodash-4.18.1.tgz. Extracting by manifest.
3054 silly tarball no local data for eventemitter3@https://registry.npmjs.org/eventemitter3/-/eventemitter3-4.0.7.tgz. Extracting by manifest.
3055 silly tarball no local data for scheduler@https://registry.npmjs.org/scheduler/-/scheduler-0.23.2.tgz. Extracting by manifest.
3056 silly tarball no local data for js-tokens@https://registry.npmjs.org/js-tokens/-/js-tokens-4.0.0.tgz. Extracting by manifest.
3057 silly tarball no local data for react-is@https://registry.npmjs.org/react-is/-/react-is-16.13.1.tgz. Extracting by manifest.
3058 silly tarball no local data for object-assign@https://registry.npmjs.org/object-assign/-/object-assign-4.1.1.tgz. Extracting by manifest.
3059 silly tarball no local data for loose-envify@https://registry.npmjs.org/loose-envify/-/loose-envify-1.4.0.tgz. Extracting by manifest.
3060 silly tarball no local data for react-smooth@https://registry.npmjs.org/react-smooth/-/react-smooth-4.0.4.tgz. Extracting by manifest.
3061 silly tarball no local data for source-map-js@https://registry.npmjs.org/source-map-js/-/source-map-js-1.2.1.tgz. Extracting by manifest.
3062 silly tarball no local data for callsites@https://registry.npmjs.org/callsites/-/callsites-3.1.0.tgz. Extracting by manifest.
3063 silly tarball no local data for nanoid@https://registry.npmjs.org/nanoid/-/nanoid-3.3.12.tgz. Extracting by manifest.
3064 silly tarball no local data for yocto-queue@https://registry.npmjs.org/yocto-queue/-/yocto-queue-0.1.0.tgz. Extracting by manifest.
3065 silly tarball no local data for p-limit@https://registry.npmjs.org/p-limit/-/p-limit-3.1.0.tgz. Extracting by manifest.
3066 silly tarball no local data for fast-levenshtein@https://registry.npmjs.org/fast-levenshtein/-/fast-levenshtein-2.0.6.tgz. Extracting by manifest.
3067 silly tarball no local data for deep-is@https://registry.npmjs.org/deep-is/-/deep-is-0.1.4.tgz. Extracting by manifest.
3068 silly tarball no local data for word-wrap@https://registry.npmjs.org/word-wrap/-/word-wrap-1.2.5.tgz. Extracting by manifest.
3069 silly tarball no local data for tslib@https://registry.npmjs.org/tslib/-/tslib-2.8.1.tgz. Extracting by manifest.
3070 silly tarball no local data for lru-cache@https://registry.npmjs.org/lru-cache/-/lru-cache-10.4.3.tgz. Extracting by manifest.
3071 silly tarball no local data for styled-jsx@https://registry.npmjs.org/styled-jsx/-/styled-jsx-5.1.1.tgz. Extracting by manifest.
3072 silly tarball no local data for streamsearch@https://registry.npmjs.org/streamsearch/-/streamsearch-1.1.0.tgz. Extracting by manifest.
3073 silly tarball no local data for graceful-fs@https://registry.npmjs.org/graceful-fs/-/graceful-fs-4.2.11.tgz. Extracting by manifest.
3074 silly tarball no local data for busboy@https://registry.npmjs.org/busboy/-/busboy-1.6.0.tgz. Extracting by manifest.
3075 silly tarball no local data for victory-vendor@https://registry.npmjs.org/victory-vendor/-/victory-vendor-36.9.2.tgz. Extracting by manifest.
3076 silly tarball no local data for concat-map@https://registry.npmjs.org/concat-map/-/concat-map-0.0.1.tgz. Extracting by manifest.
3077 silly tarball no local data for @next/swc-darwin-arm64@https://registry.npmjs.org/@next/swc-darwin-arm64/-/swc-darwin-arm64-14.2.29.tgz. Extracting by manifest.
3078 silly tarball no local data for @swc/counter@https://registry.npmjs.org/@swc/counter/-/counter-0.1.3.tgz. Extracting by manifest.
3079 silly tarball no local data for @swc/helpers@https://registry.npmjs.org/@swc/helpers/-/helpers-0.5.5.tgz. Extracting by manifest.
3080 silly tarball no local data for balanced-match@https://registry.npmjs.org/balanced-match/-/balanced-match-1.0.2.tgz. Extracting by manifest.
3081 silly tarball no local data for p-locate@https://registry.npmjs.org/p-locate/-/p-locate-5.0.0.tgz. Extracting by manifest.
3082 silly tarball no local data for @next/env@https://registry.npmjs.org/@next/env/-/env-14.2.29.tgz. Extracting by manifest.
3083 silly tarball no local data for json-buffer@https://registry.npmjs.org/json-buffer/-/json-buffer-3.0.1.tgz. Extracting by manifest.
3084 silly tarball no local data for language-subtag-registry@https://registry.npmjs.org/language-subtag-registry/-/language-subtag-registry-0.3.23.tgz. Extracting by manifest.
3085 silly tarball no local data for type-check@https://registry.npmjs.org/type-check/-/type-check-0.4.0.tgz. Extracting by manifest.
3086 silly tarball no local data for wrap-ansi@https://registry.npmjs.org/wrap-ansi/-/wrap-ansi-8.1.0.tgz. Extracting by manifest.
3087 silly tarball no local data for strip-ansi-cjs@https://registry.npmjs.org/strip-ansi/-/strip-ansi-6.0.1.tgz. Extracting by manifest.
3088 silly tarball no local data for argparse@https://registry.npmjs.org/argparse/-/argparse-2.0.1.tgz. Extracting by manifest.
3089 silly tarball no local data for prelude-ls@https://registry.npmjs.org/prelude-ls/-/prelude-ls-1.2.1.tgz. Extracting by manifest.
3090 silly tarball no local data for string-width-cjs@https://registry.npmjs.org/string-width/-/string-width-4.2.3.tgz. Extracting by manifest.
3091 silly tarball no local data for string-width@https://registry.npmjs.org/string-width/-/string-width-5.1.2.tgz. Extracting by manifest.
3092 silly tarball no local data for @isaacs/cliui@https://registry.npmjs.org/@isaacs/cliui/-/cliui-8.0.2.tgz. Extracting by manifest.
3093 silly tarball no local data for set-function-name@https://registry.npmjs.org/set-function-name/-/set-function-name-2.0.2.tgz. Extracting by manifest.
3094 silly tarball no local data for is-extglob@https://registry.npmjs.org/is-extglob/-/is-extglob-2.1.1.tgz. Extracting by manifest.
3095 silly tarball no local data for @pkgjs/parseargs@https://registry.npmjs.org/@pkgjs/parseargs/-/parseargs-0.11.0.tgz. Extracting by manifest.
3096 silly tarball no local data for brace-expansion@https://registry.npmjs.org/brace-expansion/-/brace-expansion-1.1.15.tgz. Extracting by manifest.
3097 silly tarball no local data for side-channel@https://registry.npmjs.org/side-channel/-/side-channel-1.1.0.tgz. Extracting by manifest.
3098 silly tarball no local data for resolve-from@https://registry.npmjs.org/resolve-from/-/resolve-from-4.0.0.tgz. Extracting by manifest.
3099 silly tarball no local data for parent-module@https://registry.npmjs.org/parent-module/-/parent-module-1.0.1.tgz. Extracting by manifest.
3100 silly tarball no local data for type-fest@https://registry.npmjs.org/type-fest/-/type-fest-0.20.2.tgz. Extracting by manifest.
3101 silly tarball no local data for jackspeak@https://registry.npmjs.org/jackspeak/-/jackspeak-2.3.6.tgz. Extracting by manifest.
3102 silly tarball no local data for path-scurry@https://registry.npmjs.org/path-scurry/-/path-scurry-1.11.1.tgz. Extracting by manifest.
3103 silly tarball no local data for signal-exit@https://registry.npmjs.org/signal-exit/-/signal-exit-4.1.0.tgz. Extracting by manifest.
3104 silly tarball no local data for foreground-child@https://registry.npmjs.org/foreground-child/-/foreground-child-3.3.1.tgz. Extracting by manifest.
3105 silly tarball no local data for resolve-pkg-maps@https://registry.npmjs.org/resolve-pkg-maps/-/resolve-pkg-maps-1.0.0.tgz. Extracting by manifest.
3106 silly tarball no local data for minipass@https://registry.npmjs.org/minipass/-/minipass-7.1.3.tgz. Extracting by manifest.
3107 silly tarball no local data for wrap-ansi-cjs@https://registry.npmjs.org/wrap-ansi/-/wrap-ansi-7.0.0.tgz. Extracting by manifest.
3108 silly tarball no local data for functions-have-names@https://registry.npmjs.org/functions-have-names/-/functions-have-names-1.2.3.tgz. Extracting by manifest.
3109 silly tarball no local data for rimraf@https://registry.npmjs.org/rimraf/-/rimraf-3.0.2.tgz. Extracting by manifest.
3110 silly tarball no local data for dunder-proto@https://registry.npmjs.org/dunder-proto/-/dunder-proto-1.0.1.tgz. Extracting by manifest.
3111 silly tarball no local data for flatted@https://registry.npmjs.org/flatted/-/flatted-3.4.2.tgz. Extracting by manifest.
3112 silly tarball no local data for reusify@https://registry.npmjs.org/reusify/-/reusify-1.1.0.tgz. Extracting by manifest.
3113 silly tarball no local data for path-exists@https://registry.npmjs.org/path-exists/-/path-exists-4.0.0.tgz. Extracting by manifest.
3114 silly tarball no local data for flat-cache@https://registry.npmjs.org/flat-cache/-/flat-cache-3.2.0.tgz. Extracting by manifest.
3115 silly tarball no local data for locate-path@https://registry.npmjs.org/locate-path/-/locate-path-6.0.0.tgz. Extracting by manifest.
3116 silly tarball no local data for acorn-jsx@https://registry.npmjs.org/acorn-jsx/-/acorn-jsx-5.3.2.tgz. Extracting by manifest.
3117 silly tarball no local data for string.prototype.repeat@https://registry.npmjs.org/string.prototype.repeat/-/string.prototype.repeat-1.0.0.tgz. Extracting by manifest.
3118 silly tarball no local data for acorn@https://registry.npmjs.org/acorn/-/acorn-8.16.0.tgz. Extracting by manifest.
3119 silly tarball no local data for esrecurse@https://registry.npmjs.org/esrecurse/-/esrecurse-4.3.0.tgz. Extracting by manifest.
3120 silly tarball no local data for prop-types@https://registry.npmjs.org/prop-types/-/prop-types-15.8.1.tgz. Extracting by manifest.
3121 silly tarball no local data for keyv@https://registry.npmjs.org/keyv/-/keyv-4.5.4.tgz. Extracting by manifest.
3122 silly tarball no local data for string.prototype.matchall@https://registry.npmjs.org/string.prototype.matchall/-/string.prototype.matchall-4.0.12.tgz. Extracting by manifest.
3123 silly tarball no local data for array.prototype.tosorted@https://registry.npmjs.org/array.prototype.tosorted/-/array.prototype.tosorted-1.1.4.tgz. Extracting by manifest.
3124 silly tarball no local data for iterator.prototype@https://registry.npmjs.org/iterator.prototype/-/iterator.prototype-1.1.5.tgz. Extracting by manifest.
3125 silly tarball no local data for language-tags@https://registry.npmjs.org/language-tags/-/language-tags-1.0.9.tgz. Extracting by manifest.
3126 silly tarball no local data for string.prototype.includes@https://registry.npmjs.org/string.prototype.includes/-/string.prototype.includes-2.0.1.tgz. Extracting by manifest.
3127 silly tarball no local data for array.prototype.findlast@https://registry.npmjs.org/array.prototype.findlast/-/array.prototype.findlast-1.2.5.tgz. Extracting by manifest.
3128 silly tarball no local data for jsx-ast-utils@https://registry.npmjs.org/jsx-ast-utils/-/jsx-ast-utils-3.3.5.tgz. Extracting by manifest.
3129 silly tarball no local data for emoji-regex@https://registry.npmjs.org/emoji-regex/-/emoji-regex-9.2.2.tgz. Extracting by manifest.
3130 silly tarball no local data for axe-core@https://registry.npmjs.org/axe-core/-/axe-core-4.12.0.tgz. Extracting by manifest.
3131 silly tarball no local data for aria-query@https://registry.npmjs.org/aria-query/-/aria-query-5.3.2.tgz. Extracting by manifest.
3132 silly tarball no local data for damerau-levenshtein@https://registry.npmjs.org/damerau-levenshtein/-/damerau-levenshtein-1.0.8.tgz. Extracting by manifest.
3133 silly tarball no local data for is-symbol@https://registry.npmjs.org/is-symbol/-/is-symbol-1.1.1.tgz. Extracting by manifest.
3134 silly tarball no local data for has-tostringtag@https://registry.npmjs.org/has-tostringtag/-/has-tostringtag-1.0.2.tgz. Extracting by manifest.
3135 silly tarball no local data for ast-types-flow@https://registry.npmjs.org/ast-types-flow/-/ast-types-flow-0.0.8.tgz. Extracting by manifest.
3136 silly tarball no local data for estraverse@https://registry.npmjs.org/estraverse/-/estraverse-5.3.0.tgz. Extracting by manifest.
3137 silly tarball no local data for axobject-query@https://registry.npmjs.org/axobject-query/-/axobject-query-4.1.0.tgz. Extracting by manifest.
3138 silly tarball no local data for is-date-object@https://registry.npmjs.org/is-date-object/-/is-date-object-1.1.0.tgz. Extracting by manifest.
3139 silly tarball no local data for which-typed-array@https://registry.npmjs.org/which-typed-array/-/which-typed-array-1.1.21.tgz. Extracting by manifest.
3140 silly tarball no local data for es-iterator-helpers@https://registry.npmjs.org/es-iterator-helpers/-/es-iterator-helpers-1.3.2.tgz. Extracting by manifest.
3141 silly tarball no local data for typed-array-buffer@https://registry.npmjs.org/typed-array-buffer/-/typed-array-buffer-1.0.3.tgz. Extracting by manifest.
3142 silly tarball no local data for string.prototype.trimstart@https://registry.npmjs.org/string.prototype.trimstart/-/string.prototype.trimstart-1.0.8.tgz. Extracting by manifest.
3143 silly tarball no local data for typed-array-byte-offset@https://registry.npmjs.org/typed-array-byte-offset/-/typed-array-byte-offset-1.0.4.tgz. Extracting by manifest.
3144 silly tarball no local data for typed-array-byte-length@https://registry.npmjs.org/typed-array-byte-length/-/typed-array-byte-length-1.0.3.tgz. Extracting by manifest.
3145 silly tarball no local data for stop-iteration-iterator@https://registry.npmjs.org/stop-iteration-iterator/-/stop-iteration-iterator-1.1.0.tgz. Extracting by manifest.
3146 silly tarball no local data for unbox-primitive@https://registry.npmjs.org/unbox-primitive/-/unbox-primitive-1.1.0.tgz. Extracting by manifest.
3147 silly tarball no local data for set-proto@https://registry.npmjs.org/set-proto/-/set-proto-1.0.0.tgz. Extracting by manifest.
3148 silly tarball no local data for safe-push-apply@https://registry.npmjs.org/safe-push-apply/-/safe-push-apply-1.0.0.tgz. Extracting by manifest.
3149 silly tarball no local data for safe-array-concat@https://registry.npmjs.org/safe-array-concat/-/safe-array-concat-1.1.4.tgz. Extracting by manifest.
3150 silly tarball no local data for safe-regex-test@https://registry.npmjs.org/safe-regex-test/-/safe-regex-test-1.1.0.tgz. Extracting by manifest.
3151 silly tarball no local data for string.prototype.trim@https://registry.npmjs.org/string.prototype.trim/-/string.prototype.trim-1.2.10.tgz. Extracting by manifest.
3152 silly tarball no local data for typed-array-length@https://registry.npmjs.org/typed-array-length/-/typed-array-length-1.0.8.tgz. Extracting by manifest.
3153 silly tarball no local data for possible-typed-array-names@https://registry.npmjs.org/possible-typed-array-names/-/possible-typed-array-names-1.1.0.tgz. Extracting by manifest.
3154 silly tarball no local data for is-typed-array@https://registry.npmjs.org/is-typed-array/-/is-typed-array-1.1.15.tgz. Extracting by manifest.
3155 silly tarball no local data for is-weakref@https://registry.npmjs.org/is-weakref/-/is-weakref-1.1.1.tgz. Extracting by manifest.
3156 silly tarball no local data for regexp.prototype.flags@https://registry.npmjs.org/regexp.prototype.flags/-/regexp.prototype.flags-1.5.4.tgz. Extracting by manifest.
3157 silly tarball no local data for is-shared-array-buffer@https://registry.npmjs.org/is-shared-array-buffer/-/is-shared-array-buffer-1.0.4.tgz. Extracting by manifest.
3158 silly tarball no local data for is-set@https://registry.npmjs.org/is-set/-/is-set-2.0.3.tgz. Extracting by manifest.
3159 silly tarball no local data for is-regex@https://registry.npmjs.org/is-regex/-/is-regex-1.2.1.tgz. Extracting by manifest.
3160 silly tarball no local data for object-inspect@https://registry.npmjs.org/object-inspect/-/object-inspect-1.13.4.tgz. Extracting by manifest.
3161 silly tarball no local data for is-data-view@https://registry.npmjs.org/is-data-view/-/is-data-view-1.0.2.tgz. Extracting by manifest.
3162 silly tarball no local data for own-keys@https://registry.npmjs.org/own-keys/-/own-keys-1.0.1.tgz. Extracting by manifest.
3163 silly tarball no local data for is-callable@https://registry.npmjs.org/is-callable/-/is-callable-1.2.7.tgz. Extracting by manifest.
3164 silly tarball no local data for object.assign@https://registry.npmjs.org/object.assign/-/object.assign-4.1.7.tgz. Extracting by manifest.
3165 silly tarball no local data for internal-slot@https://registry.npmjs.org/internal-slot/-/internal-slot-1.1.0.tgz. Extracting by manifest.
3166 silly tarball no local data for is-negative-zero@https://registry.npmjs.org/is-negative-zero/-/is-negative-zero-2.0.3.tgz. Extracting by manifest.
3167 silly tarball no local data for get-symbol-description@https://registry.npmjs.org/get-symbol-description/-/get-symbol-description-1.1.0.tgz. Extracting by manifest.
3168 silly tarball no local data for globalthis@https://registry.npmjs.org/globalthis/-/globalthis-1.0.4.tgz. Extracting by manifest.
3169 silly tarball no local data for has-symbols@https://registry.npmjs.org/has-symbols/-/has-symbols-1.1.0.tgz. Extracting by manifest.
3170 silly tarball no local data for has-proto@https://registry.npmjs.org/has-proto/-/has-proto-1.2.0.tgz. Extracting by manifest.
3171 silly tarball no local data for get-proto@https://registry.npmjs.org/get-proto/-/get-proto-1.0.1.tgz. Extracting by manifest.
3172 silly tarball no local data for is-array-buffer@https://registry.npmjs.org/is-array-buffer/-/is-array-buffer-3.0.5.tgz. Extracting by manifest.
3173 silly tarball no local data for data-view-byte-offset@https://registry.npmjs.org/data-view-byte-offset/-/data-view-byte-offset-1.0.1.tgz. Extracting by manifest.
3174 silly tarball no local data for data-view-byte-length@https://registry.npmjs.org/data-view-byte-length/-/data-view-byte-length-1.0.2.tgz. Extracting by manifest.
3175 silly tarball no local data for es-set-tostringtag@https://registry.npmjs.org/es-set-tostringtag/-/es-set-tostringtag-2.1.0.tgz. Extracting by manifest.
3176 silly tarball no local data for data-view-buffer@https://registry.npmjs.org/data-view-buffer/-/data-view-buffer-1.0.2.tgz. Extracting by manifest.
3177 silly tarball no local data for available-typed-arrays@https://registry.npmjs.org/available-typed-arrays/-/available-typed-arrays-1.0.7.tgz. Extracting by manifest.
3178 silly tarball no local data for arraybuffer.prototype.slice@https://registry.npmjs.org/arraybuffer.prototype.slice/-/arraybuffer.prototype.slice-1.0.4.tgz. Extracting by manifest.
3179 silly tarball no local data for function.prototype.name@https://registry.npmjs.org/function.prototype.name/-/function.prototype.name-1.1.8.tgz. Extracting by manifest.
3180 silly tarball no local data for es-to-primitive@https://registry.npmjs.org/es-to-primitive/-/es-to-primitive-1.3.0.tgz. Extracting by manifest.
3181 silly tarball no local data for gopd@https://registry.npmjs.org/gopd/-/gopd-1.2.0.tgz. Extracting by manifest.
3182 silly tarball no local data for object-keys@https://registry.npmjs.org/object-keys/-/object-keys-1.1.1.tgz. Extracting by manifest.
3183 silly tarball no local data for define-data-property@https://registry.npmjs.org/define-data-property/-/define-data-property-1.1.4.tgz. Extracting by manifest.
3184 silly tarball no local data for array-buffer-byte-length@https://registry.npmjs.org/array-buffer-byte-length/-/array-buffer-byte-length-1.0.2.tgz. Extracting by manifest.
3185 silly tarball no local data for set-function-length@https://registry.npmjs.org/set-function-length/-/set-function-length-1.2.2.tgz. Extracting by manifest.
3186 silly tarball no local data for es-define-property@https://registry.npmjs.org/es-define-property/-/es-define-property-1.0.1.tgz. Extracting by manifest.
3187 silly tarball no local data for function-bind@https://registry.npmjs.org/function-bind/-/function-bind-1.1.2.tgz. Extracting by manifest.
3188 silly tarball no local data for call-bind-apply-helpers@https://registry.npmjs.org/call-bind-apply-helpers/-/call-bind-apply-helpers-1.0.2.tgz. Extracting by manifest.
3189 silly tarball no local data for es-shim-unscopables@https://registry.npmjs.org/es-shim-unscopables/-/es-shim-unscopables-1.1.0.tgz. Extracting by manifest.
3190 silly tarball no local data for math-intrinsics@https://registry.npmjs.org/math-intrinsics/-/math-intrinsics-1.1.0.tgz. Extracting by manifest.
3191 silly tarball no local data for has-property-descriptors@https://registry.npmjs.org/has-property-descriptors/-/has-property-descriptors-1.0.2.tgz. Extracting by manifest.
3192 silly tarball no local data for es-errors@https://registry.npmjs.org/es-errors/-/es-errors-1.3.0.tgz. Extracting by manifest.
3193 silly tarball no local data for es-object-atoms@https://registry.npmjs.org/es-object-atoms/-/es-object-atoms-1.1.2.tgz. Extracting by manifest.
3194 silly tarball no local data for define-properties@https://registry.npmjs.org/define-properties/-/define-properties-1.2.1.tgz. Extracting by manifest.
3195 silly tarball no local data for call-bound@https://registry.npmjs.org/call-bound/-/call-bound-1.0.4.tgz. Extracting by manifest.
3196 silly tarball no local data for es-abstract@https://registry.npmjs.org/es-abstract/-/es-abstract-1.24.2.tgz. Extracting by manifest.
3197 silly tarball no local data for is-string@https://registry.npmjs.org/is-string/-/is-string-1.1.1.tgz. Extracting by manifest.
3198 silly tarball no local data for tsconfig-paths@https://registry.npmjs.org/tsconfig-paths/-/tsconfig-paths-3.15.0.tgz. Extracting by manifest.
3199 silly tarball no local data for get-intrinsic@https://registry.npmjs.org/get-intrinsic/-/get-intrinsic-1.3.0.tgz. Extracting by manifest.
3200 silly tarball no local data for call-bind@https://registry.npmjs.org/call-bind/-/call-bind-1.0.9.tgz. Extracting by manifest.
3201 silly tarball no local data for object.values@https://registry.npmjs.org/object.values/-/object.values-1.2.1.tgz. Extracting by manifest.
3202 silly tarball no local data for hasown@https://registry.npmjs.org/hasown/-/hasown-2.0.4.tgz. Extracting by manifest.
3203 silly tarball no local data for string.prototype.trimend@https://registry.npmjs.org/string.prototype.trimend/-/string.prototype.trimend-1.0.9.tgz. Extracting by manifest.
3204 silly tarball no local data for object.fromentries@https://registry.npmjs.org/object.fromentries/-/object.fromentries-2.0.8.tgz. Extracting by manifest.
3205 silly tarball no local data for array.prototype.flat@https://registry.npmjs.org/array.prototype.flat/-/array.prototype.flat-1.3.3.tgz. Extracting by manifest.
3206 silly tarball no local data for array-includes@https://registry.npmjs.org/array-includes/-/array-includes-3.1.9.tgz. Extracting by manifest.
3207 silly tarball no local data for array.prototype.flatmap@https://registry.npmjs.org/array.prototype.flatmap/-/array.prototype.flatmap-1.3.3.tgz. Extracting by manifest.
3208 silly tarball no local data for array.prototype.findlastindex@https://registry.npmjs.org/array.prototype.findlastindex/-/array.prototype.findlastindex-1.2.6.tgz. Extracting by manifest.
3209 silly tarball no local data for unrs-resolver@https://registry.npmjs.org/unrs-resolver/-/unrs-resolver-1.12.2.tgz. Extracting by manifest.
3210 silly tarball no local data for @rtsao/scc@https://registry.npmjs.org/@rtsao/scc/-/scc-1.1.0.tgz. Extracting by manifest.
3211 silly tarball no local data for object.groupby@https://registry.npmjs.org/object.groupby/-/object.groupby-1.0.3.tgz. Extracting by manifest.
3212 silly tarball no local data for stable-hash@https://registry.npmjs.org/stable-hash/-/stable-hash-0.0.5.tgz. Extracting by manifest.
3213 silly tarball no local data for is-bun-module@https://registry.npmjs.org/is-bun-module/-/is-bun-module-2.0.0.tgz. Extracting by manifest.
3214 silly tarball no local data for get-tsconfig@https://registry.npmjs.org/get-tsconfig/-/get-tsconfig-4.14.0.tgz. Extracting by manifest.
3215 silly tarball no local data for resolve@https://registry.npmjs.org/resolve/-/resolve-2.0.0-next.7.tgz. Extracting by manifest.
3216 silly tarball no local data for semver@https://registry.npmjs.org/semver/-/semver-7.8.1.tgz. Extracting by manifest.
3217 silly tarball no local data for is-core-module@https://registry.npmjs.org/is-core-module/-/is-core-module-2.16.2.tgz. Extracting by manifest.
3218 silly tarball no local data for @typescript-eslint/tsconfig-utils@https://registry.npmjs.org/@typescript-eslint/tsconfig-utils/-/tsconfig-utils-8.60.1.tgz. Extracting by manifest.
3219 silly tarball no local data for @typescript-eslint/project-service@https://registry.npmjs.org/@typescript-eslint/project-service/-/project-service-8.60.1.tgz. Extracting by manifest.
3220 silly tarball no local data for tinyglobby@https://registry.npmjs.org/tinyglobby/-/tinyglobby-0.2.17.tgz. Extracting by manifest.
3221 silly tarball no local data for @nolyfill/is-core-module@https://registry.npmjs.org/@nolyfill/is-core-module/-/is-core-module-1.0.39.tgz. Extracting by manifest.
3222 silly tarball no local data for @typescript-eslint/types@https://registry.npmjs.org/@typescript-eslint/types/-/types-8.60.1.tgz. Extracting by manifest.
3223 silly tarball no local data for @typescript-eslint/visitor-keys@https://registry.npmjs.org/@typescript-eslint/visitor-keys/-/visitor-keys-8.60.1.tgz. Extracting by manifest.
3224 silly tarball no local data for @typescript-eslint/typescript-estree@https://registry.npmjs.org/@typescript-eslint/typescript-estree/-/typescript-estree-8.60.1.tgz. Extracting by manifest.
3225 silly tarball no local data for @typescript-eslint/type-utils@https://registry.npmjs.org/@typescript-eslint/type-utils/-/type-utils-8.60.1.tgz. Extracting by manifest.
3226 silly tarball no local data for glob@https://registry.npmjs.org/glob/-/glob-10.3.10.tgz. Extracting by manifest.
3227 silly tarball no local data for @typescript-eslint/utils@https://registry.npmjs.org/@typescript-eslint/utils/-/utils-8.60.1.tgz. Extracting by manifest.
3228 silly tarball no local data for @typescript-eslint/scope-manager@https://registry.npmjs.org/@typescript-eslint/scope-manager/-/scope-manager-8.60.1.tgz. Extracting by manifest.
3229 silly tarball no local data for eslint-plugin-react-hooks@https://registry.npmjs.org/eslint-plugin-react-hooks/-/eslint-plugin-react-hooks-5.0.0-canary-7118f5dd7-20230705.tgz. Extracting by manifest.
3230 silly tarball no local data for eslint-plugin-jsx-a11y@https://registry.npmjs.org/eslint-plugin-jsx-a11y/-/eslint-plugin-jsx-a11y-6.10.2.tgz. Extracting by manifest.
3231 silly tarball no local data for eslint-plugin-react@https://registry.npmjs.org/eslint-plugin-react/-/eslint-plugin-react-7.37.5.tgz. Extracting by manifest.
3232 silly tarball no local data for eslint-plugin-import@https://registry.npmjs.org/eslint-plugin-import/-/eslint-plugin-import-2.32.0.tgz. Extracting by manifest.
3233 silly tarball no local data for eslint-import-resolver-node@https://registry.npmjs.org/eslint-import-resolver-node/-/eslint-import-resolver-node-0.3.10.tgz. Extracting by manifest.
3234 silly tarball no local data for eslint-import-resolver-typescript@https://registry.npmjs.org/eslint-import-resolver-typescript/-/eslint-import-resolver-typescript-3.10.1.tgz. Extracting by manifest.
3235 silly tarball no local data for @typescript-eslint/eslint-plugin@https://registry.npmjs.org/@typescript-eslint/eslint-plugin/-/eslint-plugin-8.60.1.tgz. Extracting by manifest.
3236 silly tarball no local data for @typescript-eslint/parser@https://registry.npmjs.org/@typescript-eslint/parser/-/parser-8.60.1.tgz. Extracting by manifest.
3237 silly tarball no local data for @rushstack/eslint-patch@https://registry.npmjs.org/@rushstack/eslint-patch/-/eslint-patch-1.16.1.tgz. Extracting by manifest.
3238 silly tarball no local data for ms@https://registry.npmjs.org/ms/-/ms-2.1.3.tgz. Extracting by manifest.
3239 silly tarball no local data for ts-api-utils@https://registry.npmjs.org/ts-api-utils/-/ts-api-utils-2.5.0.tgz. Extracting by manifest.
3240 silly tarball no local data for which@https://registry.npmjs.org/which/-/which-2.0.2.tgz. Extracting by manifest.
3241 silly tarball no local data for shebang-command@https://registry.npmjs.org/shebang-command/-/shebang-command-2.0.0.tgz. Extracting by manifest.
3242 silly tarball no local data for color-name@https://registry.npmjs.org/color-name/-/color-name-1.1.4.tgz. Extracting by manifest.
3243 silly tarball no local data for path-key@https://registry.npmjs.org/path-key/-/path-key-3.1.1.tgz. Extracting by manifest.
3244 silly tarball no local data for color-convert@https://registry.npmjs.org/color-convert/-/color-convert-2.0.1.tgz. Extracting by manifest.
3245 silly tarball no local data for supports-color@https://registry.npmjs.org/supports-color/-/supports-color-7.2.0.tgz. Extracting by manifest.
3246 silly tarball no local data for ansi-styles@https://registry.npmjs.org/ansi-styles/-/ansi-styles-4.3.0.tgz. Extracting by manifest.
3247 silly tarball no local data for fast-json-stable-stringify@https://registry.npmjs.org/fast-json-stable-stringify/-/fast-json-stable-stringify-2.1.0.tgz. Extracting by manifest.
3248 silly tarball no local data for json-schema-traverse@https://registry.npmjs.org/json-schema-traverse/-/json-schema-traverse-0.4.1.tgz. Extracting by manifest.
3249 silly tarball no local data for uri-js@https://registry.npmjs.org/uri-js/-/uri-js-4.4.1.tgz. Extracting by manifest.
3250 silly tarball no local data for run-parallel@https://registry.npmjs.org/run-parallel/-/run-parallel-1.2.0.tgz. Extracting by manifest.
3251 silly tarball no local data for @next/eslint-plugin-next@https://registry.npmjs.org/@next/eslint-plugin-next/-/eslint-plugin-next-14.2.29.tgz. Extracting by manifest.
3252 silly tarball no local data for fastq@https://registry.npmjs.org/fastq/-/fastq-1.20.1.tgz. Extracting by manifest.
3253 silly tarball no local data for @nodelib/fs.scandir@https://registry.npmjs.org/@nodelib/fs.scandir/-/fs.scandir-2.1.5.tgz. Extracting by manifest.
3254 silly tarball no local data for @nodelib/fs.stat@https://registry.npmjs.org/@nodelib/fs.stat/-/fs.stat-2.0.5.tgz. Extracting by manifest.
3255 silly tarball no local data for @humanwhocodes/object-schema@https://registry.npmjs.org/@humanwhocodes/object-schema/-/object-schema-2.0.3.tgz. Extracting by manifest.
3256 silly tarball no local data for import-fresh@https://registry.npmjs.org/import-fresh/-/import-fresh-3.3.1.tgz. Extracting by manifest.
3257 silly tarball no local data for text-table@https://registry.npmjs.org/text-table/-/text-table-0.2.0.tgz. Extracting by manifest.
3258 silly tarball no local data for strip-ansi@https://registry.npmjs.org/strip-ansi/-/strip-ansi-6.0.1.tgz. Extracting by manifest.
3259 silly tarball no local data for optionator@https://registry.npmjs.org/optionator/-/optionator-0.9.4.tgz. Extracting by manifest.
3260 silly tarball no local data for object.entries@https://registry.npmjs.org/object.entries/-/object.entries-1.1.9.tgz. Extracting by manifest.
3261 silly tarball no local data for natural-compare@https://registry.npmjs.org/natural-compare/-/natural-compare-1.4.0.tgz. Extracting by manifest.
3262 silly tarball no local data for eslint-module-utils@https://registry.npmjs.org/eslint-module-utils/-/eslint-module-utils-2.13.0.tgz. Extracting by manifest.
3263 silly tarball no local data for minimatch@https://registry.npmjs.org/minimatch/-/minimatch-3.1.5.tgz. Extracting by manifest.
3264 silly tarball no local data for levn@https://registry.npmjs.org/levn/-/levn-0.4.1.tgz. Extracting by manifest.
3265 silly tarball no local data for json-stable-stringify-without-jsonify@https://registry.npmjs.org/json-stable-stringify-without-jsonify/-/json-stable-stringify-without-jsonify-1.0.1.tgz. Extracting by manifest.
3266 silly tarball no local data for js-yaml@https://registry.npmjs.org/js-yaml/-/js-yaml-4.2.0.tgz. Extracting by manifest.
3267 silly tarball no local data for lodash.merge@https://registry.npmjs.org/lodash.merge/-/lodash.merge-4.6.2.tgz. Extracting by manifest.
3268 silly tarball no local data for is-path-inside@https://registry.npmjs.org/is-path-inside/-/is-path-inside-3.0.3.tgz. Extracting by manifest.
3269 silly tarball no local data for is-glob@https://registry.npmjs.org/is-glob/-/is-glob-4.0.3.tgz. Extracting by manifest.
3270 silly tarball no local data for imurmurhash@https://registry.npmjs.org/imurmurhash/-/imurmurhash-0.1.4.tgz. Extracting by manifest.
3271 silly tarball no local data for ignore@https://registry.npmjs.org/ignore/-/ignore-5.3.2.tgz. Extracting by manifest.
3272 silly tarball no local data for globals@https://registry.npmjs.org/globals/-/globals-13.24.0.tgz. Extracting by manifest.
3273 silly tarball no local data for graphemer@https://registry.npmjs.org/graphemer/-/graphemer-1.4.0.tgz. Extracting by manifest.
3274 silly tarball no local data for glob-parent@https://registry.npmjs.org/glob-parent/-/glob-parent-6.0.2.tgz. Extracting by manifest.
3275 silly tarball no local data for fast-deep-equal@https://registry.npmjs.org/fast-deep-equal/-/fast-deep-equal-3.1.3.tgz. Extracting by manifest.
3276 silly tarball no local data for file-entry-cache@https://registry.npmjs.org/file-entry-cache/-/file-entry-cache-6.0.1.tgz. Extracting by manifest.
3277 silly tarball no local data for esquery@https://registry.npmjs.org/esquery/-/esquery-1.7.0.tgz. Extracting by manifest.
3278 silly tarball no local data for espree@https://registry.npmjs.org/espree/-/espree-9.6.1.tgz. Extracting by manifest.
3279 silly tarball no local data for find-up@https://registry.npmjs.org/find-up/-/find-up-5.0.0.tgz. Extracting by manifest.
3280 silly tarball no local data for eslint-scope@https://registry.npmjs.org/eslint-scope/-/eslint-scope-7.2.2.tgz. Extracting by manifest.
3281 silly tarball no local data for esutils@https://registry.npmjs.org/esutils/-/esutils-2.0.3.tgz. Extracting by manifest.
3282 silly tarball no local data for doctrine@https://registry.npmjs.org/doctrine/-/doctrine-3.0.0.tgz. Extracting by manifest.
3283 silly tarball no local data for escape-string-regexp@https://registry.npmjs.org/escape-string-regexp/-/escape-string-regexp-4.0.0.tgz. Extracting by manifest.
3284 silly tarball no local data for cross-spawn@https://registry.npmjs.org/cross-spawn/-/cross-spawn-7.0.6.tgz. Extracting by manifest.
3285 silly tarball no local data for chalk@https://registry.npmjs.org/chalk/-/chalk-4.1.2.tgz. Extracting by manifest.
3286 silly tarball no local data for debug@https://registry.npmjs.org/debug/-/debug-4.4.3.tgz. Extracting by manifest.
3287 silly tarball no local data for ajv@https://registry.npmjs.org/ajv/-/ajv-6.15.0.tgz. Extracting by manifest.
3288 silly tarball no local data for @ungap/structured-clone@https://registry.npmjs.org/@ungap/structured-clone/-/structured-clone-1.3.1.tgz. Extracting by manifest.
3289 silly tarball no local data for eslint-visitor-keys@https://registry.npmjs.org/eslint-visitor-keys/-/eslint-visitor-keys-3.4.3.tgz. Extracting by manifest.
3290 silly tarball no local data for @humanwhocodes/module-importer@https://registry.npmjs.org/@humanwhocodes/module-importer/-/module-importer-1.0.1.tgz. Extracting by manifest.
3291 silly tarball no local data for @nodelib/fs.walk@https://registry.npmjs.org/@nodelib/fs.walk/-/fs.walk-1.2.8.tgz. Extracting by manifest.
3292 silly tarball no local data for @humanwhocodes/config-array@https://registry.npmjs.org/@humanwhocodes/config-array/-/config-array-0.13.0.tgz. Extracting by manifest.
3293 silly tarball no local data for @eslint/eslintrc@https://registry.npmjs.org/@eslint/eslintrc/-/eslintrc-2.1.4.tgz. Extracting by manifest.
3294 silly tarball no local data for @eslint/js@https://registry.npmjs.org/@eslint/js/-/js-8.57.1.tgz. Extracting by manifest.
3295 silly tarball no local data for @eslint-community/regexpp@https://registry.npmjs.org/@eslint-community/regexpp/-/regexpp-4.12.2.tgz. Extracting by manifest.
3296 silly tarball no local data for @eslint-community/eslint-utils@https://registry.npmjs.org/@eslint-community/eslint-utils/-/eslint-utils-4.9.1.tgz. Extracting by manifest.
3297 silly tarball no local data for update-browserslist-db@https://registry.npmjs.org/update-browserslist-db/-/update-browserslist-db-1.2.3.tgz. Extracting by manifest.
3298 silly tarball no local data for node-releases@https://registry.npmjs.org/node-releases/-/node-releases-2.0.47.tgz. Extracting by manifest.
3299 silly tarball no local data for baseline-browser-mapping@https://registry.npmjs.org/baseline-browser-mapping/-/baseline-browser-mapping-2.10.33.tgz. Extracting by manifest.
3300 silly tarball no local data for postcss-value-parser@https://registry.npmjs.org/postcss-value-parser/-/postcss-value-parser-4.2.0.tgz. Extracting by manifest.
3301 silly tarball no local data for picocolors@https://registry.npmjs.org/picocolors/-/picocolors-1.1.1.tgz. Extracting by manifest.
3302 silly tarball no local data for electron-to-chromium@https://registry.npmjs.org/electron-to-chromium/-/electron-to-chromium-1.5.367.tgz. Extracting by manifest.
3303 silly tarball no local data for fraction.js@https://registry.npmjs.org/fraction.js/-/fraction.js-5.3.4.tgz. Extracting by manifest.
3304 silly tarball no local data for caniuse-lite@https://registry.npmjs.org/caniuse-lite/-/caniuse-lite-1.0.30001793.tgz. Extracting by manifest.
3305 silly tarball no local data for strip-json-comments@https://registry.npmjs.org/strip-json-comments/-/strip-json-comments-3.1.1.tgz. Extracting by manifest.
3306 silly tarball no local data for @types/prop-types@https://registry.npmjs.org/@types/prop-types/-/prop-types-15.7.15.tgz. Extracting by manifest.
3307 silly tarball no local data for browserslist@https://registry.npmjs.org/browserslist/-/browserslist-4.28.2.tgz. Extracting by manifest.
3308 silly tarball no local data for undici-types@https://registry.npmjs.org/undici-types/-/undici-types-6.21.0.tgz. Extracting by manifest.
3309 silly tarball no local data for typescript@https://registry.npmjs.org/typescript/-/typescript-5.9.3.tgz. Extracting by manifest.
3310 silly tarball no local data for tailwind-merge@https://registry.npmjs.org/tailwind-merge/-/tailwind-merge-2.6.1.tgz. Extracting by manifest.
3311 silly tarball no local data for recharts@https://registry.npmjs.org/recharts/-/recharts-2.15.4.tgz. Extracting by manifest.
3312 silly tarball no local data for tailwindcss@https://registry.npmjs.org/tailwindcss/-/tailwindcss-3.4.19.tgz. Extracting by manifest.
3313 silly tarball no local data for csstype@https://registry.npmjs.org/csstype/-/csstype-3.2.3.tgz. Extracting by manifest.
3314 silly tarball no local data for react-dom@https://registry.npmjs.org/react-dom/-/react-dom-18.2.0.tgz. Extracting by manifest.
3315 silly tarball no local data for react@https://registry.npmjs.org/react/-/react-18.2.0.tgz. Extracting by manifest.
3316 silly tarball no local data for postcss@https://registry.npmjs.org/postcss/-/postcss-8.5.15.tgz. Extracting by manifest.
3317 silly tarball no local data for lucide-react@https://registry.npmjs.org/lucide-react/-/lucide-react-0.468.0.tgz. Extracting by manifest.
3318 silly tarball no local data for eslint@https://registry.npmjs.org/eslint/-/eslint-8.57.1.tgz. Extracting by manifest.
3319 silly tarball no local data for next@https://registry.npmjs.org/next/-/next-14.2.29.tgz. Extracting by manifest.
3320 silly tarball no local data for clsx@https://registry.npmjs.org/clsx/-/clsx-2.1.1.tgz. Extracting by manifest.
3321 silly tarball no local data for autoprefixer@https://registry.npmjs.org/autoprefixer/-/autoprefixer-10.5.0.tgz. Extracting by manifest.
3322 silly tarball no local data for eslint-config-next@https://registry.npmjs.org/eslint-config-next/-/eslint-config-next-14.2.29.tgz. Extracting by manifest.
3323 silly tarball no local data for @types/react@https://registry.npmjs.org/@types/react/-/react-18.3.30.tgz. Extracting by manifest.
3324 silly tarball no local data for @types/node@https://registry.npmjs.org/@types/node/-/node-20.19.41.tgz. Extracting by manifest.
3325 silly tarball no local data for resolve@https://registry.npmjs.org/resolve/-/resolve-1.22.12.tgz. Extracting by manifest.
3326 silly tarball no local data for @types/react-dom@https://registry.npmjs.org/@types/react-dom/-/react-dom-18.3.7.tgz. Extracting by manifest.
3327 silly tarball no local data for glob-parent@https://registry.npmjs.org/glob-parent/-/glob-parent-5.1.2.tgz. Extracting by manifest.
3328 silly tarball no local data for glob-parent@https://registry.npmjs.org/glob-parent/-/glob-parent-5.1.2.tgz. Extracting by manifest.
3329 silly tarball no local data for semver@https://registry.npmjs.org/semver/-/semver-6.3.1.tgz. Extracting by manifest.
3330 silly tarball no local data for string-width@https://registry.npmjs.org/string-width/-/string-width-4.2.3.tgz. Extracting by manifest.
3331 silly tarball no local data for strip-ansi@https://registry.npmjs.org/strip-ansi/-/strip-ansi-7.2.0.tgz. Extracting by manifest.
3332 silly tarball no local data for ansi-regex@https://registry.npmjs.org/ansi-regex/-/ansi-regex-6.2.2.tgz. Extracting by manifest.
3333 silly tarball no local data for ansi-styles@https://registry.npmjs.org/ansi-styles/-/ansi-styles-6.2.3.tgz. Extracting by manifest.
3334 silly tarball no local data for emoji-regex@https://registry.npmjs.org/emoji-regex/-/emoji-regex-8.0.0.tgz. Extracting by manifest.
3335 silly tarball no local data for ansi-regex@https://registry.npmjs.org/ansi-regex/-/ansi-regex-6.2.2.tgz. Extracting by manifest.
3336 silly tarball no local data for ansi-regex@https://registry.npmjs.org/ansi-regex/-/ansi-regex-6.2.2.tgz. Extracting by manifest.
3337 silly tarball no local data for emoji-regex@https://registry.npmjs.org/emoji-regex/-/emoji-regex-8.0.0.tgz. Extracting by manifest.
3338 silly tarball no local data for strip-ansi@https://registry.npmjs.org/strip-ansi/-/strip-ansi-7.2.0.tgz. Extracting by manifest.
3339 silly tarball no local data for strip-ansi@https://registry.npmjs.org/strip-ansi/-/strip-ansi-7.2.0.tgz. Extracting by manifest.
3340 silly tarball no local data for debug@https://registry.npmjs.org/debug/-/debug-3.2.7.tgz. Extracting by manifest.
3341 silly tarball no local data for picomatch@https://registry.npmjs.org/picomatch/-/picomatch-4.0.4.tgz. Extracting by manifest.
3342 silly tarball no local data for glob@https://registry.npmjs.org/glob/-/glob-7.2.3.tgz. Extracting by manifest.
3343 silly tarball no local data for minimatch@https://registry.npmjs.org/minimatch/-/minimatch-10.2.5.tgz. Extracting by manifest.
3344 silly tarball no local data for balanced-match@https://registry.npmjs.org/balanced-match/-/balanced-match-4.0.4.tgz. Extracting by manifest.
3345 silly tarball no local data for minimatch@https://registry.npmjs.org/minimatch/-/minimatch-9.0.9.tgz. Extracting by manifest.
3346 silly tarball no local data for brace-expansion@https://registry.npmjs.org/brace-expansion/-/brace-expansion-2.1.1.tgz. Extracting by manifest.
3347 silly tarball no local data for brace-expansion@https://registry.npmjs.org/brace-expansion/-/brace-expansion-5.0.6.tgz. Extracting by manifest.
3348 silly tarball no local data for eslint-visitor-keys@https://registry.npmjs.org/eslint-visitor-keys/-/eslint-visitor-keys-5.0.1.tgz. Extracting by manifest.
3349 silly tarball no local data for doctrine@https://registry.npmjs.org/doctrine/-/doctrine-2.1.0.tgz. Extracting by manifest.
3350 silly tarball no local data for semver@https://registry.npmjs.org/semver/-/semver-6.3.1.tgz. Extracting by manifest.
3351 silly tarball no local data for ignore@https://registry.npmjs.org/ignore/-/ignore-7.0.5.tgz. Extracting by manifest.
3352 silly tarball no local data for semver@https://registry.npmjs.org/semver/-/semver-6.3.1.tgz. Extracting by manifest.
3353 silly tarball no local data for debug@https://registry.npmjs.org/debug/-/debug-3.2.7.tgz. Extracting by manifest.
3354 silly tarball no local data for doctrine@https://registry.npmjs.org/doctrine/-/doctrine-2.1.0.tgz. Extracting by manifest.
3355 silly tarball no local data for debug@https://registry.npmjs.org/debug/-/debug-3.2.7.tgz. Extracting by manifest.
3356 silly tarball no local data for react-is@https://registry.npmjs.org/react-is/-/react-is-18.3.1.tgz. Extracting by manifest.
3357 silly tarball no local data for resolve@https://registry.npmjs.org/resolve/-/resolve-1.22.12.tgz. Extracting by manifest.
3358 silly tarball no local data for postcss@https://registry.npmjs.org/postcss/-/postcss-8.4.31.tgz. Extracting by manifest.
3359 http fetch GET 200 https://registry.npmjs.org/path-is-absolute/-/path-is-absolute-1.0.1.tgz 162ms (cache miss)
3360 http fetch GET 200 https://registry.npmjs.org/once/-/once-1.4.0.tgz 164ms (cache miss)
3361 http fetch GET 200 https://registry.npmjs.org/inflight/-/inflight-1.0.6.tgz 163ms (cache miss)
3362 warn deprecated inflight@1.0.6: This module is not supported, and leaks memory. Do not use it. Check out lru-cache if you want a good and tested way to coalesce async requests by a key value, which is much more comprehensive and powerful.
3363 http fetch GET 200 https://registry.npmjs.org/wrappy/-/wrappy-1.0.2.tgz 164ms (cache miss)
3364 http fetch GET 200 https://registry.npmjs.org/is-weakset/-/is-weakset-2.0.4.tgz 164ms (cache miss)
3365 http fetch GET 200 https://registry.npmjs.org/is-map/-/is-map-2.0.3.tgz 165ms (cache miss)
3366 http fetch GET 200 https://registry.npmjs.org/isexe/-/isexe-2.0.0.tgz 201ms (cache miss)
3367 http fetch GET 200 https://registry.npmjs.org/is-number-object/-/is-number-object-1.1.1.tgz 225ms (cache miss)
3368 http fetch GET 200 https://registry.npmjs.org/d3-time-format/-/d3-time-format-4.1.0.tgz 231ms (cache miss)
3369 http fetch GET 200 https://registry.npmjs.org/d3-path/-/d3-path-3.1.0.tgz 233ms (cache miss)
3370 http fetch GET 200 https://registry.npmjs.org/is-boolean-object/-/is-boolean-object-1.2.2.tgz 244ms (cache miss)
3371 http fetch GET 200 https://registry.npmjs.org/d3-color/-/d3-color-3.1.0.tgz 245ms (cache miss)
3372 http fetch GET 200 https://registry.npmjs.org/is-bigint/-/is-bigint-1.1.0.tgz 272ms (cache miss)
3373 http fetch GET 200 https://registry.npmjs.org/internmap/-/internmap-2.0.3.tgz 303ms (cache miss)
3374 http fetch GET 200 https://registry.npmjs.org/async-function/-/async-function-1.0.0.tgz 310ms (cache miss)
3375 http fetch GET 200 https://registry.npmjs.org/which-collection/-/which-collection-1.0.2.tgz 310ms (cache miss)
3376 http fetch GET 200 https://registry.npmjs.org/d3-format/-/d3-format-3.1.2.tgz 314ms (cache miss)
3377 http fetch GET 200 https://registry.npmjs.org/d3-time/-/d3-time-3.1.0.tgz 315ms (cache miss)
3378 http fetch GET 200 https://registry.npmjs.org/is-weakmap/-/is-weakmap-2.0.2.tgz 327ms (cache miss)
3379 http fetch GET 200 https://registry.npmjs.org/@types/d3-color/-/d3-color-3.1.3.tgz 338ms (cache miss)
3380 http fetch GET 200 https://registry.npmjs.org/inherits/-/inherits-2.0.4.tgz 342ms (cache miss)
3381 http fetch GET 200 https://registry.npmjs.org/fs.realpath/-/fs.realpath-1.0.0.tgz 343ms (cache miss)
3382 http fetch GET 200 https://registry.npmjs.org/generator-function/-/generator-function-2.0.1.tgz 342ms (cache miss)
3383 http fetch GET 200 https://registry.npmjs.org/d3-scale/-/d3-scale-4.0.2.tgz 341ms (cache miss)
3384 http fetch GET 200 https://registry.npmjs.org/is-finalizationregistry/-/is-finalizationregistry-1.1.1.tgz 344ms (cache miss)
3385 http fetch GET 200 https://registry.npmjs.org/is-async-function/-/is-async-function-2.1.1.tgz 344ms (cache miss)
3386 http fetch GET 200 https://registry.npmjs.org/d3-shape/-/d3-shape-3.2.0.tgz 356ms (cache miss)
3387 http fetch GET 200 https://registry.npmjs.org/d3-interpolate/-/d3-interpolate-3.0.1.tgz 379ms (cache miss)
3388 http fetch GET 200 https://registry.npmjs.org/d3-timer/-/d3-timer-3.0.1.tgz 381ms (cache miss)
3389 http fetch GET 200 https://registry.npmjs.org/is-generator-function/-/is-generator-function-1.1.2.tgz 384ms (cache miss)
3390 http fetch GET 200 https://registry.npmjs.org/d3-ease/-/d3-ease-3.0.1.tgz 390ms (cache miss)
3391 http fetch GET 200 https://registry.npmjs.org/escalade/-/escalade-3.2.0.tgz 399ms (cache miss)
3392 http fetch GET 200 https://registry.npmjs.org/@types/d3-time/-/d3-time-3.0.4.tgz 401ms (cache miss)
3393 http fetch GET 200 https://registry.npmjs.org/@types/d3-shape/-/d3-shape-3.1.8.tgz 408ms (cache miss)
3394 http fetch GET 200 https://registry.npmjs.org/punycode/-/punycode-2.3.1.tgz 407ms (cache miss)
3395 http fetch GET 200 https://registry.npmjs.org/@types/d3-interpolate/-/d3-interpolate-3.0.4.tgz 417ms (cache miss)
3396 http fetch GET 200 https://registry.npmjs.org/@types/d3-path/-/d3-path-3.1.1.tgz 417ms (cache miss)
3397 http fetch GET 200 https://registry.npmjs.org/@types/d3-ease/-/d3-ease-3.0.2.tgz 417ms (cache miss)
3398 http fetch GET 200 https://registry.npmjs.org/d3-array/-/d3-array-3.2.4.tgz 424ms (cache miss)
3399 http fetch GET 200 https://registry.npmjs.org/@types/d3-scale/-/d3-scale-4.0.9.tgz 425ms (cache miss)
3400 http fetch POST 200 https://registry.npmjs.org/-/npm/v1/security/advisories/bulk 484ms
3401 silly audit report {
3401 silly audit report   next: [
3401 silly audit report     {
3401 silly audit report       id: 1117931,
3401 silly audit report       url: 'https://github.com/advisories/GHSA-8h8q-6873-q5fj',
3401 silly audit report       title: 'Next.js Vulnerable to Denial of Service with Server Components',
3401 silly audit report       severity: 'high',
3401 silly audit report       vulnerable_versions: '>=13.0.0 <15.5.16',
3401 silly audit report       cwe: [Array],
3401 silly audit report       cvss: [Object]
3401 silly audit report     },
3401 silly audit report     {
3401 silly audit report       id: 1105461,
3401 silly audit report       url: 'https://github.com/advisories/GHSA-3h52-269p-cp9r',
3401 silly audit report       title: 'Information exposure in Next.js dev server due to lack of origin verification',
3401 silly audit report       severity: 'low',
3401 silly audit report       vulnerable_versions: '>=13.0 <14.2.30',
3401 silly audit report       cwe: [Array],
3401 silly audit report       cvss: [Object]
3401 silly audit report     },
3401 silly audit report     {
3401 silly audit report       id: 1111391,
3401 silly audit report       url: 'https://github.com/advisories/GHSA-mwv6-3258-q52c',
3401 silly audit report       title: 'Next Vulnerable to Denial of Service with Server Components',
3401 silly audit report       severity: 'high',
3401 silly audit report       vulnerable_versions: '>=13.3.0 <14.2.34',
3401 silly audit report       cwe: [Array],
3401 silly audit report       cvss: [Object]
3401 silly audit report     },
3401 silly audit report     {
3401 silly audit report       id: 1107226,
3401 silly audit report       url: 'https://github.com/advisories/GHSA-g5qg-72qw-gw5v',
3401 silly audit report       title: 'Next.js Affected by Cache Key Confusion for Image Optimization API Routes',
3401 silly audit report       severity: 'moderate',
3401 silly audit report       vulnerable_versions: '>=0.9.9 <14.2.31',
3401 silly audit report       cwe: [Array],
3401 silly audit report       cvss: [Object]
3401 silly audit report     },
3401 silly audit report     {
3401 silly audit report       id: 1107512,
3401 silly audit report       url: 'https://github.com/advisories/GHSA-4342-x723-ch2f',
3401 silly audit report       title: 'Next.js Improper Middleware Redirect Handling Leads to SSRF',
3401 silly audit report       severity: 'moderate',
3401 silly audit report       vulnerable_versions: '>=0.9.9 <14.2.32',
3401 silly audit report       cwe: [Array],
3401 silly audit report       cvss: [Object]
3401 silly audit report     },
3401 silly audit report     {
3401 silly audit report       id: 1107513,
3401 silly audit report       url: 'https://github.com/advisories/GHSA-xv57-4mr9-wg8v',
3401 silly audit report       title: 'Next.js Content Injection Vulnerability for Image Optimization',
3401 silly audit report       severity: 'moderate',
3401 silly audit report       vulnerable_versions: '>=0.9.9 <14.2.31',
3401 silly audit report       cwe: [Array],
3401 silly audit report       cvss: [Object]
3401 silly audit report     },
3401 silly audit report     {
3401 silly audit report       id: 1112182,
3401 silly audit report       url: 'https://github.com/advisories/GHSA-5j59-xgg2-r9c4',
3401 silly audit report       title: 'Next has a Denial of Service with Server Components - Incomplete Fix Follow-Up',
3401 silly audit report       severity: 'high',
3401 silly audit report       vulnerable_versions: '>=13.3.1-canary.0 <14.2.35',
3401 silly audit report       cwe: [Array],
3401 silly audit report       cvss: [Object]
3401 silly audit report     },
3401 silly audit report     {
3401 silly audit report       id: 1118942,
3401 silly audit report       url: 'https://github.com/advisories/GHSA-3g8h-86w9-wvmq',
3401 silly audit report       title: "Next.js's Middleware / Proxy redirects can be cache-poisoned",
3401 silly audit report       severity: 'low',
3401 silly audit report       vulnerable_versions: '>=12.2.0 <15.5.16',
3401 silly audit report       cwe: [Array],
3401 silly audit report       cvss: [Object]
3401 silly audit report     },
3401 silly audit report     {
3401 silly audit report       id: 1118944,
3401 silly audit report       url: 'https://github.com/advisories/GHSA-ffhc-5mcf-pf4q',
3401 silly audit report       title: 'Next.js vulnerable to cross-site scripting in App Router applications using CSP nonces',
3401 silly audit report       severity: 'moderate',
3401 silly audit report       vulnerable_versions: '>=13.4.0 <15.5.16',
3401 silly audit report       cwe: [Array],
3401 silly audit report       cvss: [Object]
3401 silly audit report     },
3401 silly audit report     {
3401 silly audit report       id: 1118946,
3401 silly audit report       url: 'https://github.com/advisories/GHSA-vfv6-92ff-j949',
3401 silly audit report       title: 'Next.js vulnerable to cache poisoning via collisions in React Server Component cache-busting',
3401 silly audit report       severity: 'low',
3401 silly audit report       vulnerable_versions: '>=13.4.6 <15.5.16',
3401 silly audit report       cwe: [Array],
3401 silly audit report       cvss: [Object]
3401 silly audit report     },
3401 silly audit report     {
3401 silly audit report       id: 1118948,
3401 silly audit report       url: 'https://github.com/advisories/GHSA-gx5p-jg67-6x7h',
3401 silly audit report       title: 'Next.js has cross-site scripting in beforeInteractive scripts with untrusted input',
3401 silly audit report       severity: 'moderate',
3401 silly audit report       vulnerable_versions: '>=13.0.0 <15.5.16',
3401 silly audit report       cwe: [Array],
3401 silly audit report       cvss: [Object]
3401 silly audit report     },
3401 silly audit report     {
3401 silly audit report       id: 1118952,
3401 silly audit report       url: 'https://github.com/advisories/GHSA-h64f-5h5j-jqjh',
3401 silly audit report       title: 'Next.js has a Denial of Service in the Image Optimization API',
3401 silly audit report       severity: 'moderate',
3401 silly audit report       vulnerable_versions: '>=10.0.0 <15.5.16',
3401 silly audit report       cwe: [Array],
3401 silly audit report       cvss: [Object]
3401 silly audit report     },
3401 silly audit report     {
3401 silly audit report       id: 1118954,
3401 silly audit report       url: 'https://github.com/advisories/GHSA-c4j6-fc7j-m34r',
3401 silly audit report       title: 'Next.js vulnerable to server-side request forgery in applications using WebSocket upgrades',
3401 silly audit report       severity: 'high',
3401 silly audit report       vulnerable_versions: '>=13.4.13 <15.5.16',
3401 silly audit report       cwe: [Array],
3401 silly audit report       cvss: [Object]
3401 silly audit report     },
3401 silly audit report     {
3401 silly audit report       id: 1118958,
3401 silly audit report       url: 'https://github.com/advisories/GHSA-wfc6-r584-vfw7',
3401 silly audit report       title: 'Next.js vulnerable to cache poisoning in React Server Component responses',
3401 silly audit report       severity: 'moderate',
3401 silly audit report       vulnerable_versions: '>=14.2.0 <15.5.16',
3401 silly audit report       cwe: [Array],
3401 silly audit report       cvss: [Object]
3401 silly audit report     },
3401 silly audit report     {
3401 silly audit report       id: 1118962,
3401 silly audit report       url: 'https://github.com/advisories/GHSA-36qx-fr4f-26g5',
3401 silly audit report       title: 'Next.js has a Middleware / Proxy bypass in Pages Router applications using i18n',
3401 silly audit report       severity: 'high',
3401 silly audit report       vulnerable_versions: '>=12.2.0 <15.5.16',
3401 silly audit report       cwe: [Array],
3401 silly audit report       cvss: [Object]
3401 silly audit report     },
3401 silly audit report     {
3401 silly audit report       id: 1112593,
3401 silly audit report       url: 'https://github.com/advisories/GHSA-9g9p-9gw9-jx7f',
3401 silly audit report       title: 'Next.js self-hosted applications vulnerable to DoS via Image Optimizer remotePatterns configuration',
3401 silly audit report       severity: 'moderate',
3401 silly audit report       vulnerable_versions: '>=10.0.0 <15.5.10',
3401 silly audit report       cwe: [Array],
3401 silly audit report       cvss: [Object]
3401 silly audit report     },
3401 silly audit report     {
3401 silly audit report       id: 1112653,
3401 silly audit report       url: 'https://github.com/advisories/GHSA-h25m-26qc-wcjf',
3401 silly audit report       title: 'Next.js HTTP request deserialization can lead to DoS when using insecure React Server Components',
3401 silly audit report       severity: 'high',
3401 silly audit report       vulnerable_versions: '>=13.0.0 <15.0.8',
3401 silly audit report       cwe: [Array],
3401 silly audit report       cvss: [Object]
3401 silly audit report     },
3401 silly audit report     {
3401 silly audit report       id: 1114897,
3401 silly audit report       url: 'https://github.com/advisories/GHSA-ggv3-7p47-pfv8',
3401 silly audit report       title: 'Next.js: HTTP request smuggling in rewrites',
3401 silly audit report       severity: 'moderate',
3401 silly audit report       vulnerable_versions: '>=9.5.0 <15.5.13',
3401 silly audit report       cwe: [Array],
3401 silly audit report       cvss: [Object]
3401 silly audit report     },
3401 silly audit report     {
3401 silly audit report       id: 1114940,
3401 silly audit report       url: 'https://github.com/advisories/GHSA-3x4c-7xq6-9pq8',
3401 silly audit report       title: 'Next.js: Unbounded next/image disk cache growth can exhaust storage',
3401 silly audit report       severity: 'moderate',
3401 silly audit report       vulnerable_versions: '>=10.0.0 <15.5.14',
3401 silly audit report       cwe: [Array],
3401 silly audit report       cvss: [Object]
3401 silly audit report     },
3401 silly audit report     {
3401 silly audit report       id: 1116376,
3401 silly audit report       url: 'https://github.com/advisories/GHSA-q4gf-8mx6-v5v3',
3401 silly audit report       title: 'Next.js has a Denial of Service with Server Components',
3401 silly audit report       severity: 'high',
3401 silly audit report       vulnerable_versions: '>=13.0.0 <15.5.15',
3401 silly audit report       cwe: [Array],
3401 silly audit report       cvss: [Object]
3401 silly audit report     }
3401 silly audit report   ],
3401 silly audit report   postcss: [
3401 silly audit report     {
3401 silly audit report       id: 1117015,
3401 silly audit report       url: 'https://github.com/advisories/GHSA-qx2v-qp2m-jg93',
3401 silly audit report       title: 'PostCSS has XSS via Unescaped </style> in its CSS Stringify Output',
3401 silly audit report       severity: 'moderate',
3401 silly audit report       vulnerable_versions: '<8.5.10',
3401 silly audit report       cwe: [Array],
3401 silly audit report       cvss: [Object]
3401 silly audit report     }
3401 silly audit report   ],
3401 silly audit report   glob: [
3401 silly audit report     {
3401 silly audit report       id: 1109842,
3401 silly audit report       url: 'https://github.com/advisories/GHSA-5j98-mcp5-4vw2',
3401 silly audit report       title: 'glob CLI: Command injection via -c/--cmd executes matches with shell:true',
3401 silly audit report       severity: 'high',
3401 silly audit report       vulnerable_versions: '>=10.2.0 <10.5.0',
3401 silly audit report       cwe: [Array],
3401 silly audit report       cvss: [Object]
3401 silly audit report     }
3401 silly audit report   ]
3401 silly audit report }
3402 silly packumentCache corgi:https://registry.npmjs.org/next cache-miss
3403 silly packumentCache corgi:https://registry.npmjs.org/postcss cache-miss
3404 silly packumentCache corgi:https://registry.npmjs.org/glob cache-miss
3405 http fetch GET 200 https://registry.npmjs.org/@types/d3-array/-/d3-array-3.2.2.tgz 449ms (cache miss)
3406 http fetch GET 200 https://registry.npmjs.org/napi-postinstall/-/napi-postinstall-0.3.4.tgz 451ms (cache miss)
3407 http fetch GET 200 https://registry.npmjs.org/which-boxed-primitive/-/which-boxed-primitive-1.1.1.tgz 468ms (cache miss)
3408 http fetch GET 200 https://registry.npmjs.org/reflect.getprototypeof/-/reflect.getprototypeof-1.0.10.tgz 471ms (cache miss)
3409 http fetch GET 200 https://registry.npmjs.org/has-bigints/-/has-bigints-1.1.0.tgz 472ms (cache miss)
3410 http fetch GET 200 https://registry.npmjs.org/which-builtin-type/-/which-builtin-type-1.2.1.tgz 474ms (cache miss)
3411 http fetch GET 200 https://registry.npmjs.org/strip-bom/-/strip-bom-3.0.0.tgz 514ms (cache miss)
3412 http fetch GET 200 https://registry.npmjs.org/is-number/-/is-number-7.0.0.tgz 521ms (cache miss)
3413 http fetch GET 200 https://registry.npmjs.org/@types/json5/-/json5-0.0.29.tgz 523ms (cache miss)
3414 http fetch GET 200 https://registry.npmjs.org/fdir/-/fdir-6.5.0.tgz 527ms (cache miss)
3415 http fetch GET 200 https://registry.npmjs.org/@types/d3-timer/-/d3-timer-3.0.2.tgz 527ms (cache miss)
3416 http fetch GET 200 https://registry.npmjs.org/thenify-all/-/thenify-all-1.6.0.tgz 528ms (cache miss)
3417 http fetch GET 200 https://registry.npmjs.org/for-each/-/for-each-0.3.5.tgz 529ms (cache miss)
3418 http fetch GET 200 https://registry.npmjs.org/json5/-/json5-1.0.2.tgz 576ms (cache miss)
3419 http fetch GET 200 https://registry.npmjs.org/thenify/-/thenify-3.3.1.tgz 614ms (cache miss)
3420 http fetch GET 200 https://registry.npmjs.org/mz/-/mz-2.7.0.tgz 622ms (cache miss)
3421 http fetch GET 200 https://registry.npmjs.org/cssesc/-/cssesc-3.0.0.tgz 622ms (cache miss)
3422 http fetch GET 200 https://registry.npmjs.org/pify/-/pify-2.3.0.tgz 622ms (cache miss)
3423 http fetch GET 200 https://registry.npmjs.org/read-cache/-/read-cache-1.0.0.tgz 622ms (cache miss)
3424 http fetch GET 200 https://registry.npmjs.org/pirates/-/pirates-4.0.7.tgz 623ms (cache miss)
3425 http fetch GET 200 https://registry.npmjs.org/ts-interface-checker/-/ts-interface-checker-0.1.13.tgz 629ms (cache miss)
3426 http fetch GET 200 https://registry.npmjs.org/lines-and-columns/-/lines-and-columns-1.2.4.tgz 623ms (cache miss)
3427 http fetch GET 200 https://registry.npmjs.org/minimist/-/minimist-1.2.8.tgz 633ms (cache miss)
3428 http fetch GET 200 https://registry.npmjs.org/util-deprecate/-/util-deprecate-1.0.2.tgz 637ms (cache miss)
3429 http fetch GET 200 https://registry.npmjs.org/@jridgewell/resolve-uri/-/resolve-uri-3.1.2.tgz 653ms (cache miss)
3430 http fetch GET 200 https://registry.npmjs.org/camelcase-css/-/camelcase-css-2.0.1.tgz 654ms (cache miss)
3431 http fetch GET 200 https://registry.npmjs.org/merge2/-/merge2-1.4.1.tgz 661ms (cache miss)
3432 http fetch GET 200 https://registry.npmjs.org/fill-range/-/fill-range-7.1.1.tgz 677ms (cache miss)
3433 http fetch GET 200 https://registry.npmjs.org/is-binary-path/-/is-binary-path-2.1.0.tgz 676ms (cache miss)
3434 http fetch GET 200 https://registry.npmjs.org/to-regex-range/-/to-regex-range-5.0.1.tgz 677ms (cache miss)
3435 http fetch GET 200 https://registry.npmjs.org/readdirp/-/readdirp-3.6.0.tgz 677ms (cache miss)
3436 http fetch GET 200 https://registry.npmjs.org/commander/-/commander-4.1.1.tgz 689ms (cache miss)
3437 http fetch GET 200 https://registry.npmjs.org/binary-extensions/-/binary-extensions-2.3.0.tgz 688ms (cache miss)
3438 http fetch GET 200 https://registry.npmjs.org/postcss-js/-/postcss-js-4.1.0.tgz 687ms (cache miss)
3439 http fetch GET 200 https://registry.npmjs.org/picomatch/-/picomatch-2.3.2.tgz 695ms (cache miss)
3440 http fetch GET 200 https://registry.npmjs.org/normalize-path/-/normalize-path-3.0.0.tgz 695ms (cache miss)
3441 http fetch GET 200 https://registry.npmjs.org/anymatch/-/anymatch-3.1.3.tgz 700ms (cache miss)
3442 http fetch GET 200 https://registry.npmjs.org/postcss-nested/-/postcss-nested-6.2.0.tgz 700ms (cache miss)
3443 http fetch GET 200 https://registry.npmjs.org/@unrs/resolver-binding-darwin-arm64/-/resolver-binding-darwin-arm64-1.12.2.tgz 713ms (cache miss)
3444 http fetch GET 200 https://registry.npmjs.org/fsevents/-/fsevents-2.3.3.tgz 704ms (cache miss)
3445 http fetch GET 200 https://registry.npmjs.org/braces/-/braces-3.0.3.tgz 708ms (cache miss)
3446 http fetch GET 200 https://registry.npmjs.org/@jridgewell/sourcemap-codec/-/sourcemap-codec-1.5.5.tgz 716ms (cache miss)
3447 http fetch GET 200 https://registry.npmjs.org/postcss-import/-/postcss-import-15.1.0.tgz 714ms (cache miss)
3448 http fetch GET 200 https://registry.npmjs.org/any-promise/-/any-promise-1.3.0.tgz 718ms (cache miss)
3449 http fetch GET 200 https://registry.npmjs.org/lilconfig/-/lilconfig-3.1.3.tgz 716ms (cache miss)
3450 http fetch GET 200 https://registry.npmjs.org/micromatch/-/micromatch-4.0.8.tgz 716ms (cache miss)
3451 http fetch GET 200 https://registry.npmjs.org/postcss-load-config/-/postcss-load-config-6.0.1.tgz 718ms (cache miss)
3452 http fetch GET 200 https://registry.npmjs.org/@jridgewell/gen-mapping/-/gen-mapping-0.3.13.tgz 728ms (cache miss)
3453 http fetch GET 200 https://registry.npmjs.org/dlv/-/dlv-1.1.3.tgz 726ms (cache miss)
3454 http fetch GET 200 https://registry.npmjs.org/has-flag/-/has-flag-4.0.0.tgz 727ms (cache miss)
3455 http fetch GET 200 https://registry.npmjs.org/object-hash/-/object-hash-3.0.0.tgz 732ms (cache miss)
3456 http fetch GET 200 https://registry.npmjs.org/arg/-/arg-5.0.2.tgz 733ms (cache miss)
3457 http fetch GET 200 https://registry.npmjs.org/didyoumean/-/didyoumean-1.2.2.tgz 735ms (cache miss)
3458 http fetch GET 200 https://registry.npmjs.org/@alloc/quick-lru/-/quick-lru-5.2.0.tgz 738ms (cache miss)
3459 http fetch GET 200 https://registry.npmjs.org/client-only/-/client-only-0.0.1.tgz 739ms (cache miss)
3460 http fetch GET 200 https://registry.npmjs.org/@jridgewell/trace-mapping/-/trace-mapping-0.3.31.tgz 749ms (cache miss)
3461 http fetch GET 200 https://registry.npmjs.org/is-fullwidth-code-point/-/is-fullwidth-code-point-3.0.0.tgz 743ms (cache miss)
3462 http fetch GET 200 https://registry.npmjs.org/postcss-selector-parser/-/postcss-selector-parser-6.1.2.tgz 751ms (cache miss)
3463 http fetch GET 200 https://registry.npmjs.org/jiti/-/jiti-1.21.7.tgz 760ms (cache miss)
3464 http fetch GET 200 https://registry.npmjs.org/eastasianwidth/-/eastasianwidth-0.2.0.tgz 759ms (cache miss)
3465 http fetch GET 200 https://registry.npmjs.org/ansi-regex/-/ansi-regex-5.0.1.tgz 759ms (cache miss)
3466 http fetch GET 200 https://registry.npmjs.org/fast-glob/-/fast-glob-3.3.3.tgz 768ms (cache miss)
3467 http fetch GET 200 https://registry.npmjs.org/side-channel-weakmap/-/side-channel-weakmap-1.0.2.tgz 775ms (cache miss)
3468 http fetch GET 200 https://registry.npmjs.org/chokidar/-/chokidar-3.6.0.tgz 784ms (cache miss)
3469 http fetch GET 200 https://registry.npmjs.org/side-channel-list/-/side-channel-list-1.0.1.tgz 786ms (cache miss)
3470 http fetch GET 200 https://registry.npmjs.org/isarray/-/isarray-2.0.5.tgz 797ms (cache miss)
3471 http fetch GET 200 https://registry.npmjs.org/path-parse/-/path-parse-1.0.7.tgz 796ms (cache miss)
3472 http fetch GET 200 https://registry.npmjs.org/queue-microtask/-/queue-microtask-1.2.3.tgz 798ms (cache miss)
3473 http fetch GET 200 https://registry.npmjs.org/side-channel-map/-/side-channel-map-1.0.1.tgz 799ms (cache miss)
3474 http fetch GET 200 https://registry.npmjs.org/supports-preserve-symlinks-flag/-/supports-preserve-symlinks-flag-1.0.0.tgz 807ms (cache miss)
3475 http fetch GET 200 https://registry.npmjs.org/decimal.js-light/-/decimal.js-light-2.5.1.tgz 808ms (cache miss)
3476 http fetch GET 200 https://registry.npmjs.org/node-exports-info/-/node-exports-info-1.6.0.tgz 814ms (cache miss)
3477 http fetch GET 200 https://registry.npmjs.org/shebang-regex/-/shebang-regex-3.0.0.tgz 843ms (cache miss)
3478 http fetch GET 200 https://registry.npmjs.org/tiny-invariant/-/tiny-invariant-1.3.3.tgz 850ms (cache miss)
3479 http fetch GET 200 https://registry.npmjs.org/eventemitter3/-/eventemitter3-4.0.7.tgz 870ms (cache miss)
3480 http fetch GET 200 https://registry.npmjs.org/loose-envify/-/loose-envify-1.4.0.tgz 874ms (cache miss)
3481 http fetch GET 200 https://registry.npmjs.org/js-tokens/-/js-tokens-4.0.0.tgz 878ms (cache miss)
3482 http fetch GET 200 https://registry.npmjs.org/react-is/-/react-is-16.13.1.tgz 879ms (cache miss)
3483 http fetch GET 200 https://registry.npmjs.org/object-assign/-/object-assign-4.1.1.tgz 883ms (cache miss)
3484 http fetch GET 200 https://registry.npmjs.org/recharts-scale/-/recharts-scale-0.4.5.tgz 890ms (cache miss)
3485 http fetch GET 200 https://registry.npmjs.org/scheduler/-/scheduler-0.23.2.tgz 897ms (cache miss)
3486 http fetch GET 200 https://registry.npmjs.org/react-transition-group/-/react-transition-group-4.4.5.tgz 899ms (cache miss)
3487 http fetch GET 200 https://registry.npmjs.org/fast-equals/-/fast-equals-5.4.0.tgz 901ms (cache miss)
3488 http fetch GET 200 https://registry.npmjs.org/callsites/-/callsites-3.1.0.tgz 901ms (cache miss)
3489 http fetch GET 200 https://registry.npmjs.org/yocto-queue/-/yocto-queue-0.1.0.tgz 912ms (cache miss)
3490 http fetch GET 200 https://registry.npmjs.org/p-limit/-/p-limit-3.1.0.tgz 914ms (cache miss)
3491 http fetch GET 200 https://registry.npmjs.org/source-map-js/-/source-map-js-1.2.1.tgz 916ms (cache miss)
3492 http fetch GET 200 https://registry.npmjs.org/react-smooth/-/react-smooth-4.0.4.tgz 931ms (cache miss)
3493 http fetch GET 200 https://registry.npmjs.org/fast-levenshtein/-/fast-levenshtein-2.0.6.tgz 940ms (cache miss)
3494 http fetch GET 200 https://registry.npmjs.org/word-wrap/-/word-wrap-1.2.5.tgz 955ms (cache miss)
3495 http fetch GET 200 https://registry.npmjs.org/deep-is/-/deep-is-0.1.4.tgz 958ms (cache miss)
3496 http fetch GET 200 https://registry.npmjs.org/nanoid/-/nanoid-3.3.12.tgz 958ms (cache miss)
3497 http fetch GET 200 https://registry.npmjs.org/tslib/-/tslib-2.8.1.tgz 959ms (cache miss)
3498 http fetch GET 200 https://registry.npmjs.org/graceful-fs/-/graceful-fs-4.2.11.tgz 960ms (cache miss)
3499 http fetch GET 200 https://registry.npmjs.org/streamsearch/-/streamsearch-1.1.0.tgz 961ms (cache miss)
3500 http fetch GET 200 https://registry.npmjs.org/sucrase/-/sucrase-3.35.1.tgz 996ms (cache miss)
3501 http fetch GET 200 https://registry.npmjs.org/concat-map/-/concat-map-0.0.1.tgz 989ms (cache miss)
3502 http fetch GET 200 https://registry.npmjs.org/balanced-match/-/balanced-match-1.0.2.tgz 992ms (cache miss)
3503 http fetch GET 200 https://registry.npmjs.org/@swc/counter/-/counter-0.1.3.tgz 993ms (cache miss)
3504 http fetch GET 200 https://registry.npmjs.org/p-locate/-/p-locate-5.0.0.tgz 995ms (cache miss)
3505 http fetch GET 200 https://registry.npmjs.org/busboy/-/busboy-1.6.0.tgz 998ms (cache miss)
3506 http fetch GET 200 https://registry.npmjs.org/styled-jsx/-/styled-jsx-5.1.1.tgz 1011ms (cache miss)
3507 http fetch GET 200 https://registry.npmjs.org/json-buffer/-/json-buffer-3.0.1.tgz 1023ms (cache miss)
3508 http fetch GET 200 https://registry.npmjs.org/strip-ansi/-/strip-ansi-6.0.1.tgz 1026ms (cache miss)
3509 http fetch GET 200 https://registry.npmjs.org/wrap-ansi/-/wrap-ansi-8.1.0.tgz 1027ms (cache miss)
3510 http fetch GET 200 https://registry.npmjs.org/type-check/-/type-check-0.4.0.tgz 1031ms (cache miss)
3511 http fetch GET 200 https://registry.npmjs.org/argparse/-/argparse-2.0.1.tgz 1031ms (cache miss)
3512 http fetch GET 200 https://registry.npmjs.org/lru-cache/-/lru-cache-10.4.3.tgz 1037ms (cache miss)
3513 http fetch GET 200 https://registry.npmjs.org/prelude-ls/-/prelude-ls-1.2.1.tgz 1037ms (cache miss)
3514 http fetch GET 200 https://registry.npmjs.org/set-function-name/-/set-function-name-2.0.2.tgz 1060ms (cache miss)
3515 http fetch GET 200 https://registry.npmjs.org/string-width/-/string-width-4.2.3.tgz 1061ms (cache miss)
3516 http fetch GET 200 https://registry.npmjs.org/string-width/-/string-width-5.1.2.tgz 1061ms (cache miss)
3517 http fetch GET 200 https://registry.npmjs.org/is-extglob/-/is-extglob-2.1.1.tgz 1073ms (cache miss)
3518 http fetch GET 200 https://registry.npmjs.org/language-subtag-registry/-/language-subtag-registry-0.3.23.tgz 1080ms (cache miss)
3519 http fetch GET 200 https://registry.npmjs.org/@isaacs/cliui/-/cliui-8.0.2.tgz 1081ms (cache miss)
3520 http fetch GET 200 https://registry.npmjs.org/resolve-from/-/resolve-from-4.0.0.tgz 1086ms (cache miss)
3521 http fetch GET 200 https://registry.npmjs.org/brace-expansion/-/brace-expansion-1.1.15.tgz 1087ms (cache miss)
3522 http fetch GET 200 https://registry.npmjs.org/parent-module/-/parent-module-1.0.1.tgz 1087ms (cache miss)
3523 http fetch GET 200 https://registry.npmjs.org/side-channel/-/side-channel-1.1.0.tgz 1091ms (cache miss)
3524 http fetch GET 200 https://registry.npmjs.org/@pkgjs/parseargs/-/parseargs-0.11.0.tgz 1103ms (cache miss)
3525 http fetch GET 200 https://registry.npmjs.org/resolve-pkg-maps/-/resolve-pkg-maps-1.0.0.tgz 1132ms (cache miss)
3526 http fetch GET 200 https://registry.npmjs.org/foreground-child/-/foreground-child-3.3.1.tgz 1142ms (cache miss)
3527 http fetch GET 200 https://registry.npmjs.org/dom-helpers/-/dom-helpers-5.2.1.tgz 1163ms (cache miss)
3528 http fetch GET 200 https://registry.npmjs.org/rimraf/-/rimraf-3.0.2.tgz 1160ms (cache miss)
3529 warn deprecated rimraf@3.0.2: Rimraf versions prior to v4 are no longer supported
3530 http fetch GET 200 https://registry.npmjs.org/wrap-ansi/-/wrap-ansi-7.0.0.tgz 1163ms (cache miss)
3531 http fetch GET 200 https://registry.npmjs.org/functions-have-names/-/functions-have-names-1.2.3.tgz 1164ms (cache miss)
3532 http fetch GET 200 https://registry.npmjs.org/flatted/-/flatted-3.4.2.tgz 1165ms (cache miss)
3533 http fetch GET 200 https://registry.npmjs.org/dunder-proto/-/dunder-proto-1.0.1.tgz 1168ms (cache miss)
3534 http fetch GET 200 https://registry.npmjs.org/type-fest/-/type-fest-0.20.2.tgz 1173ms (cache miss)
3535 http fetch GET 200 https://registry.npmjs.org/reusify/-/reusify-1.1.0.tgz 1187ms (cache miss)
3536 http fetch GET 200 https://registry.npmjs.org/@next/env/-/env-14.2.29.tgz 1211ms (cache miss)
3537 http fetch GET 200 https://registry.npmjs.org/path-scurry/-/path-scurry-1.11.1.tgz 1211ms (cache miss)
3538 http fetch GET 200 https://registry.npmjs.org/locate-path/-/locate-path-6.0.0.tgz 1210ms (cache miss)
3539 http fetch GET 200 https://registry.npmjs.org/minipass/-/minipass-7.1.3.tgz 1213ms (cache miss)
3540 http fetch GET 200 https://registry.npmjs.org/path-exists/-/path-exists-4.0.0.tgz 1212ms (cache miss)
3541 http fetch GET 200 https://registry.npmjs.org/flat-cache/-/flat-cache-3.2.0.tgz 1216ms (cache miss)
3542 http fetch GET 200 https://registry.npmjs.org/acorn-jsx/-/acorn-jsx-5.3.2.tgz 1217ms (cache miss)
3543 http fetch GET 200 https://registry.npmjs.org/string.prototype.repeat/-/string.prototype.repeat-1.0.0.tgz 1228ms (cache miss)
3544 http fetch GET 200 https://registry.npmjs.org/jackspeak/-/jackspeak-2.3.6.tgz 1231ms (cache miss)
3545 http fetch GET 200 https://registry.npmjs.org/signal-exit/-/signal-exit-4.1.0.tgz 1242ms (cache miss)
3546 http fetch GET 200 https://registry.npmjs.org/string.prototype.matchall/-/string.prototype.matchall-4.0.12.tgz 1241ms (cache miss)
3547 http fetch GET 200 https://registry.npmjs.org/keyv/-/keyv-4.5.4.tgz 1243ms (cache miss)
3548 http fetch GET 200 https://registry.npmjs.org/iterator.prototype/-/iterator.prototype-1.1.5.tgz 1244ms (cache miss)
3549 http fetch GET 200 https://registry.npmjs.org/array.prototype.tosorted/-/array.prototype.tosorted-1.1.4.tgz 1244ms (cache miss)
3550 http fetch GET 200 https://registry.npmjs.org/esrecurse/-/esrecurse-4.3.0.tgz 1245ms (cache miss)
3551 http fetch GET 200 https://registry.npmjs.org/prop-types/-/prop-types-15.8.1.tgz 1247ms (cache miss)
3552 http fetch GET 200 https://registry.npmjs.org/acorn/-/acorn-8.16.0.tgz 1255ms (cache miss)
3553 http fetch GET 200 https://registry.npmjs.org/language-tags/-/language-tags-1.0.9.tgz 1269ms (cache miss)
3554 http fetch GET 200 https://registry.npmjs.org/string.prototype.includes/-/string.prototype.includes-2.0.1.tgz 1284ms (cache miss)
3555 http fetch GET 200 https://registry.npmjs.org/array.prototype.findlast/-/array.prototype.findlast-1.2.5.tgz 1293ms (cache miss)
3556 http fetch GET 200 https://registry.npmjs.org/emoji-regex/-/emoji-regex-9.2.2.tgz 1294ms (cache miss)
3557 http fetch GET 200 https://registry.npmjs.org/damerau-levenshtein/-/damerau-levenshtein-1.0.8.tgz 1305ms (cache miss)
3558 http fetch GET 200 https://registry.npmjs.org/is-symbol/-/is-symbol-1.1.1.tgz 1306ms (cache miss)
3559 http fetch GET 200 https://registry.npmjs.org/estraverse/-/estraverse-5.3.0.tgz 1317ms (cache miss)
3560 http fetch GET 200 https://registry.npmjs.org/is-date-object/-/is-date-object-1.1.0.tgz 1333ms (cache miss)
3561 http fetch GET 200 https://registry.npmjs.org/has-tostringtag/-/has-tostringtag-1.0.2.tgz 1335ms (cache miss)
3562 http fetch GET 200 https://registry.npmjs.org/ast-types-flow/-/ast-types-flow-0.0.8.tgz 1335ms (cache miss)
3563 http fetch GET 200 https://registry.npmjs.org/@babel/runtime/-/runtime-7.29.7.tgz 1370ms (cache miss)
3564 http fetch GET 200 https://registry.npmjs.org/which-typed-array/-/which-typed-array-1.1.21.tgz 1368ms (cache miss)
3565 http fetch GET 200 https://registry.npmjs.org/typed-array-buffer/-/typed-array-buffer-1.0.3.tgz 1383ms (cache miss)
3566 http fetch GET 200 https://registry.npmjs.org/string.prototype.trimstart/-/string.prototype.trimstart-1.0.8.tgz 1399ms (cache miss)
3567 http fetch GET 200 https://registry.npmjs.org/typed-array-byte-offset/-/typed-array-byte-offset-1.0.4.tgz 1404ms (cache miss)
3568 http fetch GET 200 https://registry.npmjs.org/axe-core/-/axe-core-4.12.0.tgz 1422ms (cache miss)
3569 http fetch GET 200 https://registry.npmjs.org/typed-array-byte-length/-/typed-array-byte-length-1.0.3.tgz 1438ms (cache miss)
3570 http fetch GET 200 https://registry.npmjs.org/unbox-primitive/-/unbox-primitive-1.1.0.tgz 1439ms (cache miss)
3571 http fetch GET 200 https://registry.npmjs.org/stop-iteration-iterator/-/stop-iteration-iterator-1.1.0.tgz 1440ms (cache miss)
3572 http fetch GET 200 https://registry.npmjs.org/set-proto/-/set-proto-1.0.0.tgz 1442ms (cache miss)
3573 http fetch GET 200 https://registry.npmjs.org/safe-array-concat/-/safe-array-concat-1.1.4.tgz 1443ms (cache miss)
3574 http fetch GET 200 https://registry.npmjs.org/safe-regex-test/-/safe-regex-test-1.1.0.tgz 1444ms (cache miss)
3575 http fetch GET 200 https://registry.npmjs.org/safe-push-apply/-/safe-push-apply-1.0.0.tgz 1444ms (cache miss)
3576 http fetch GET 200 https://registry.npmjs.org/string.prototype.trim/-/string.prototype.trim-1.2.10.tgz 1449ms (cache miss)
3577 http fetch GET 200 https://registry.npmjs.org/possible-typed-array-names/-/possible-typed-array-names-1.1.0.tgz 1478ms (cache miss)
3578 http fetch GET 200 https://registry.npmjs.org/typed-array-length/-/typed-array-length-1.0.8.tgz 1487ms (cache miss)
3579 http fetch GET 200 https://registry.npmjs.org/is-typed-array/-/is-typed-array-1.1.15.tgz 1494ms (cache miss)
3580 http fetch GET 200 https://registry.npmjs.org/is-weakref/-/is-weakref-1.1.1.tgz 1493ms (cache miss)
3581 http fetch GET 200 https://registry.npmjs.org/jsx-ast-utils/-/jsx-ast-utils-3.3.5.tgz 1504ms (cache miss)
3582 http fetch GET 200 https://registry.npmjs.org/is-data-view/-/is-data-view-1.0.2.tgz 1524ms (cache miss)
3583 http fetch GET 200 https://registry.npmjs.org/is-set/-/is-set-2.0.3.tgz 1524ms (cache miss)
3584 http fetch GET 200 https://registry.npmjs.org/own-keys/-/own-keys-1.0.1.tgz 1525ms (cache miss)
3585 http fetch GET 200 https://registry.npmjs.org/is-regex/-/is-regex-1.2.1.tgz 1525ms (cache miss)
3586 http fetch GET 200 https://registry.npmjs.org/is-callable/-/is-callable-1.2.7.tgz 1524ms (cache miss)
3587 http fetch GET 200 https://registry.npmjs.org/is-shared-array-buffer/-/is-shared-array-buffer-1.0.4.tgz 1526ms (cache miss)
3588 http fetch GET 200 https://registry.npmjs.org/internal-slot/-/internal-slot-1.1.0.tgz 1526ms (cache miss)
3589 http fetch GET 200 https://registry.npmjs.org/regexp.prototype.flags/-/regexp.prototype.flags-1.5.4.tgz 1533ms (cache miss)
3590 http fetch GET 200 https://registry.npmjs.org/is-negative-zero/-/is-negative-zero-2.0.3.tgz 1538ms (cache miss)
3591 http fetch GET 200 https://registry.npmjs.org/object.assign/-/object.assign-4.1.7.tgz 1539ms (cache miss)
3592 http fetch GET 200 https://registry.npmjs.org/object-inspect/-/object-inspect-1.13.4.tgz 1554ms (cache miss)
3593 http fetch GET 200 https://registry.npmjs.org/get-symbol-description/-/get-symbol-description-1.1.0.tgz 1564ms (cache miss)
3594 http fetch GET 200 https://registry.npmjs.org/globalthis/-/globalthis-1.0.4.tgz 1565ms (cache miss)
3595 http fetch GET 200 https://registry.npmjs.org/has-symbols/-/has-symbols-1.1.0.tgz 1596ms (cache miss)
3596 http fetch GET 200 https://registry.npmjs.org/get-proto/-/get-proto-1.0.1.tgz 1595ms (cache miss)
3597 http fetch GET 200 https://registry.npmjs.org/has-proto/-/has-proto-1.2.0.tgz 1595ms (cache miss)
3598 http fetch GET 200 https://registry.npmjs.org/data-view-byte-length/-/data-view-byte-length-1.0.2.tgz 1596ms (cache miss)
3599 http fetch GET 200 https://registry.npmjs.org/data-view-byte-offset/-/data-view-byte-offset-1.0.1.tgz 1596ms (cache miss)
3600 http fetch GET 200 https://registry.npmjs.org/is-array-buffer/-/is-array-buffer-3.0.5.tgz 1596ms (cache miss)
3601 http fetch GET 200 https://registry.npmjs.org/es-set-tostringtag/-/es-set-tostringtag-2.1.0.tgz 1597ms (cache miss)
3602 http fetch GET 200 https://registry.npmjs.org/available-typed-arrays/-/available-typed-arrays-1.0.7.tgz 1609ms (cache miss)
3603 http fetch GET 200 https://registry.npmjs.org/es-iterator-helpers/-/es-iterator-helpers-1.3.2.tgz 1618ms (cache miss)
3604 http fetch GET 200 https://registry.npmjs.org/arraybuffer.prototype.slice/-/arraybuffer.prototype.slice-1.0.4.tgz 1617ms (cache miss)
3605 http fetch GET 200 https://registry.npmjs.org/function.prototype.name/-/function.prototype.name-1.1.8.tgz 1621ms (cache miss)
3606 http fetch GET 200 https://registry.npmjs.org/data-view-buffer/-/data-view-buffer-1.0.2.tgz 1623ms (cache miss)
3607 http fetch GET 200 https://registry.npmjs.org/@swc/helpers/-/helpers-0.5.5.tgz 1648ms (cache miss)
3608 http fetch GET 200 https://registry.npmjs.org/es-to-primitive/-/es-to-primitive-1.3.0.tgz 1649ms (cache miss)
3609 http fetch GET 200 https://registry.npmjs.org/define-data-property/-/define-data-property-1.1.4.tgz 1678ms (cache miss)
3610 http fetch GET 200 https://registry.npmjs.org/object-keys/-/object-keys-1.1.1.tgz 1679ms (cache miss)
3611 http fetch GET 200 https://registry.npmjs.org/axobject-query/-/axobject-query-4.1.0.tgz 1686ms (cache miss)
3612 http fetch GET 200 https://registry.npmjs.org/gopd/-/gopd-1.2.0.tgz 1695ms (cache miss)
3613 http fetch GET 200 https://registry.npmjs.org/array-buffer-byte-length/-/array-buffer-byte-length-1.0.2.tgz 1702ms (cache miss)
3614 http fetch GET 200 https://registry.npmjs.org/set-function-length/-/set-function-length-1.2.2.tgz 1705ms (cache miss)
3615 http fetch GET 200 https://registry.npmjs.org/es-define-property/-/es-define-property-1.0.1.tgz 1706ms (cache miss)
3616 http fetch GET 200 https://registry.npmjs.org/function-bind/-/function-bind-1.1.2.tgz 1709ms (cache miss)
3617 http fetch GET 200 https://registry.npmjs.org/es-shim-unscopables/-/es-shim-unscopables-1.1.0.tgz 1709ms (cache miss)
3618 http fetch GET 200 https://registry.npmjs.org/lodash/-/lodash-4.18.1.tgz 1740ms (cache miss)
3619 http fetch GET 200 https://registry.npmjs.org/math-intrinsics/-/math-intrinsics-1.1.0.tgz 1735ms (cache miss)
3620 http fetch GET 200 https://registry.npmjs.org/es-errors/-/es-errors-1.3.0.tgz 1734ms (cache miss)
3621 http fetch GET 200 https://registry.npmjs.org/has-property-descriptors/-/has-property-descriptors-1.0.2.tgz 1735ms (cache miss)
3622 http fetch GET 200 https://registry.npmjs.org/call-bind-apply-helpers/-/call-bind-apply-helpers-1.0.2.tgz 1736ms (cache miss)
3623 http fetch GET 200 https://registry.npmjs.org/victory-vendor/-/victory-vendor-36.9.2.tgz 1760ms (cache miss)
3624 http fetch GET 200 https://registry.npmjs.org/define-properties/-/define-properties-1.2.1.tgz 1758ms (cache miss)
3625 http fetch GET 200 https://registry.npmjs.org/es-object-atoms/-/es-object-atoms-1.1.2.tgz 1758ms (cache miss)
3626 http fetch GET 200 https://registry.npmjs.org/aria-query/-/aria-query-5.3.2.tgz 1772ms (cache miss)
3627 http fetch GET 200 https://registry.npmjs.org/call-bound/-/call-bound-1.0.4.tgz 1792ms (cache miss)
3628 http fetch GET 200 https://registry.npmjs.org/get-intrinsic/-/get-intrinsic-1.3.0.tgz 1816ms (cache miss)
3629 http fetch GET 200 https://registry.npmjs.org/is-string/-/is-string-1.1.1.tgz 1818ms (cache miss)
3630 http fetch GET 200 https://registry.npmjs.org/hasown/-/hasown-2.0.4.tgz 1817ms (cache miss)
3631 http fetch GET 200 https://registry.npmjs.org/object.values/-/object.values-1.2.1.tgz 1817ms (cache miss)
3632 http fetch GET 200 https://registry.npmjs.org/call-bind/-/call-bind-1.0.9.tgz 1818ms (cache miss)
3633 http fetch GET 200 https://registry.npmjs.org/tsconfig-paths/-/tsconfig-paths-3.15.0.tgz 1853ms (cache miss)
3634 http fetch GET 200 https://registry.npmjs.org/string.prototype.trimend/-/string.prototype.trimend-1.0.9.tgz 1918ms (cache miss)
3635 http fetch GET 200 https://registry.npmjs.org/array-includes/-/array-includes-3.1.9.tgz 1922ms (cache miss)
3636 http fetch GET 200 https://registry.npmjs.org/array.prototype.flat/-/array.prototype.flat-1.3.3.tgz 1923ms (cache miss)
3637 http fetch GET 200 https://registry.npmjs.org/unrs-resolver/-/unrs-resolver-1.12.2.tgz 1922ms (cache miss)
3638 http fetch GET 200 https://registry.npmjs.org/object.groupby/-/object.groupby-1.0.3.tgz 1923ms (cache miss)
3639 http fetch GET 200 https://registry.npmjs.org/stable-hash/-/stable-hash-0.0.5.tgz 1924ms (cache miss)
3640 http fetch GET 200 https://registry.npmjs.org/@rtsao/scc/-/scc-1.1.0.tgz 1924ms (cache miss)
3641 http fetch GET 200 https://registry.npmjs.org/object.fromentries/-/object.fromentries-2.0.8.tgz 1926ms (cache miss)
3642 http fetch GET 200 https://registry.npmjs.org/is-bun-module/-/is-bun-module-2.0.0.tgz 1925ms (cache miss)
3643 http fetch GET 200 https://registry.npmjs.org/array.prototype.flatmap/-/array.prototype.flatmap-1.3.3.tgz 1931ms (cache miss)
3644 http fetch GET 200 https://registry.npmjs.org/array.prototype.findlastindex/-/array.prototype.findlastindex-1.2.6.tgz 1932ms (cache miss)
3645 http fetch GET 200 https://registry.npmjs.org/get-tsconfig/-/get-tsconfig-4.14.0.tgz 1935ms (cache miss)
3646 http fetch GET 200 https://registry.npmjs.org/tinyglobby/-/tinyglobby-0.2.17.tgz 1963ms (cache miss)
3647 http fetch GET 200 https://registry.npmjs.org/semver/-/semver-7.8.1.tgz 1982ms (cache miss)
3648 http fetch GET 200 https://registry.npmjs.org/is-core-module/-/is-core-module-2.16.2.tgz 1984ms (cache miss)
3649 http fetch GET 200 https://registry.npmjs.org/@typescript-eslint/tsconfig-utils/-/tsconfig-utils-8.60.1.tgz 1988ms (cache miss)
3650 http fetch GET 200 https://registry.npmjs.org/@typescript-eslint/visitor-keys/-/visitor-keys-8.60.1.tgz 1994ms (cache miss)
3651 http fetch GET 200 https://registry.npmjs.org/@nolyfill/is-core-module/-/is-core-module-1.0.39.tgz 2056ms (cache miss)
3652 http fetch GET 200 https://registry.npmjs.org/@typescript-eslint/project-service/-/project-service-8.60.1.tgz 2057ms (cache miss)
3653 http fetch GET 200 https://registry.npmjs.org/@typescript-eslint/types/-/types-8.60.1.tgz 2064ms (cache miss)
3654 http fetch GET 200 https://registry.npmjs.org/eslint-plugin-react-hooks/-/eslint-plugin-react-hooks-5.0.0-canary-7118f5dd7-20230705.tgz 2138ms (cache miss)
3655 http fetch GET 200 https://registry.npmjs.org/@typescript-eslint/type-utils/-/type-utils-8.60.1.tgz 2163ms (cache miss)
3656 http fetch GET 200 https://registry.npmjs.org/eslint-import-resolver-node/-/eslint-import-resolver-node-0.3.10.tgz 2199ms (cache miss)
3657 http fetch GET 200 https://registry.npmjs.org/eslint-import-resolver-typescript/-/eslint-import-resolver-typescript-3.10.1.tgz 2201ms (cache miss)
3658 http fetch GET 200 https://registry.npmjs.org/ms/-/ms-2.1.3.tgz 2203ms (cache miss)
3659 http fetch GET 200 https://registry.npmjs.org/@typescript-eslint/parser/-/parser-8.60.1.tgz 2203ms (cache miss)
3660 http fetch GET 200 https://registry.npmjs.org/path-key/-/path-key-3.1.1.tgz 2205ms (cache miss)
3661 http fetch GET 200 https://registry.npmjs.org/color-name/-/color-name-1.1.4.tgz 2207ms (cache miss)
3662 http fetch GET 200 https://registry.npmjs.org/ts-api-utils/-/ts-api-utils-2.5.0.tgz 2216ms (cache miss)
3663 http fetch GET 200 https://registry.npmjs.org/which/-/which-2.0.2.tgz 2216ms (cache miss)
3664 http fetch GET 200 https://registry.npmjs.org/shebang-command/-/shebang-command-2.0.0.tgz 2217ms (cache miss)
3665 http fetch GET 200 https://registry.npmjs.org/resolve/-/resolve-2.0.0-next.7.tgz 2257ms (cache miss)
3666 http fetch GET 200 https://registry.npmjs.org/glob/-/glob-10.3.10.tgz 2264ms (cache miss)
3667 warn deprecated glob@10.3.10: Old versions of glob are not supported, and contain widely publicized security vulnerabilities, which have been fixed in the current version. Please update. Support for old versions may be purchased (at exorbitant rates) by contacting i@izs.me
3668 http fetch GET 200 https://registry.npmjs.org/@typescript-eslint/typescript-estree/-/typescript-estree-8.60.1.tgz 2285ms (cache miss)
3669 http fetch GET 200 https://registry.npmjs.org/fast-json-stable-stringify/-/fast-json-stable-stringify-2.1.0.tgz 2290ms (cache miss)
3670 http fetch GET 200 https://registry.npmjs.org/supports-color/-/supports-color-7.2.0.tgz 2290ms (cache miss)
3671 http fetch GET 200 https://registry.npmjs.org/color-convert/-/color-convert-2.0.1.tgz 2292ms (cache miss)
3672 http fetch GET 200 https://registry.npmjs.org/json-schema-traverse/-/json-schema-traverse-0.4.1.tgz 2292ms (cache miss)
3673 http fetch GET 200 https://registry.npmjs.org/@nodelib/fs.scandir/-/fs.scandir-2.1.5.tgz 2306ms (cache miss)
3674 http fetch GET 200 https://registry.npmjs.org/ansi-styles/-/ansi-styles-4.3.0.tgz 2307ms (cache miss)
3675 http fetch GET 200 https://registry.npmjs.org/run-parallel/-/run-parallel-1.2.0.tgz 2308ms (cache miss)
3676 http fetch GET 200 https://registry.npmjs.org/fastq/-/fastq-1.20.1.tgz 2308ms (cache miss)
3677 http fetch GET 200 https://registry.npmjs.org/@humanwhocodes/object-schema/-/object-schema-2.0.3.tgz 2309ms (cache miss)
3678 warn deprecated @humanwhocodes/object-schema@2.0.3: Use @eslint/object-schema instead
3679 http fetch GET 200 https://registry.npmjs.org/@nodelib/fs.stat/-/fs.stat-2.0.5.tgz 2323ms (cache miss)
3680 http fetch GET 200 https://registry.npmjs.org/import-fresh/-/import-fresh-3.3.1.tgz 2347ms (cache miss)
3681 http fetch GET 200 https://registry.npmjs.org/strip-ansi/-/strip-ansi-6.0.1.tgz 2348ms (cache miss)
3682 http fetch GET 200 https://registry.npmjs.org/natural-compare/-/natural-compare-1.4.0.tgz 2350ms (cache miss)
3683 http fetch GET 200 https://registry.npmjs.org/text-table/-/text-table-0.2.0.tgz 2351ms (cache miss)
3684 http fetch GET 200 https://registry.npmjs.org/@typescript-eslint/utils/-/utils-8.60.1.tgz 2361ms (cache miss)
3685 http fetch GET 200 https://registry.npmjs.org/object.entries/-/object.entries-1.1.9.tgz 2376ms (cache miss)
3686 http fetch GET 200 https://registry.npmjs.org/optionator/-/optionator-0.9.4.tgz 2382ms (cache miss)
3687 http fetch GET 200 https://registry.npmjs.org/json-stable-stringify-without-jsonify/-/json-stable-stringify-without-jsonify-1.0.1.tgz 2398ms (cache miss)
3688 http fetch GET 200 https://registry.npmjs.org/minimatch/-/minimatch-3.1.5.tgz 2399ms (cache miss)
3689 http fetch GET 200 https://registry.npmjs.org/is-path-inside/-/is-path-inside-3.0.3.tgz 2399ms (cache miss)
3690 http fetch GET 200 https://registry.npmjs.org/levn/-/levn-0.4.1.tgz 2400ms (cache miss)
3691 http fetch GET 200 https://registry.npmjs.org/is-glob/-/is-glob-4.0.3.tgz 2400ms (cache miss)
3692 http fetch GET 200 https://registry.npmjs.org/lodash.merge/-/lodash.merge-4.6.2.tgz 2402ms (cache miss)
3693 http fetch GET 200 https://registry.npmjs.org/ignore/-/ignore-5.3.2.tgz 2412ms (cache miss)
3694 http fetch GET 200 https://registry.npmjs.org/imurmurhash/-/imurmurhash-0.1.4.tgz 2413ms (cache miss)
3695 http fetch GET 200 https://registry.npmjs.org/eslint-module-utils/-/eslint-module-utils-2.13.0.tgz 2414ms (cache miss)
3696 http fetch GET 200 https://registry.npmjs.org/globals/-/globals-13.24.0.tgz 2413ms (cache miss)
3697 http fetch GET 200 https://registry.npmjs.org/glob-parent/-/glob-parent-6.0.2.tgz 2432ms (cache miss)
3698 http fetch GET 200 https://registry.npmjs.org/fast-deep-equal/-/fast-deep-equal-3.1.3.tgz 2433ms (cache miss)
3699 http fetch GET 200 https://registry.npmjs.org/uri-js/-/uri-js-4.4.1.tgz 2450ms (cache miss)
3700 http fetch GET 200 https://registry.npmjs.org/file-entry-cache/-/file-entry-cache-6.0.1.tgz 2454ms (cache miss)
3701 http fetch GET 200 https://registry.npmjs.org/graphemer/-/graphemer-1.4.0.tgz 2455ms (cache miss)
3702 http fetch GET 200 https://registry.npmjs.org/espree/-/espree-9.6.1.tgz 2463ms (cache miss)
3703 http fetch GET 200 https://registry.npmjs.org/find-up/-/find-up-5.0.0.tgz 2474ms (cache miss)
3704 http fetch GET 200 https://registry.npmjs.org/@next/eslint-plugin-next/-/eslint-plugin-next-14.2.29.tgz 2478ms (cache miss)
3705 http fetch GET 200 https://registry.npmjs.org/escape-string-regexp/-/escape-string-regexp-4.0.0.tgz 2475ms (cache miss)
3706 http fetch GET 200 https://registry.npmjs.org/esutils/-/esutils-2.0.3.tgz 2481ms (cache miss)
3707 http fetch GET 200 https://registry.npmjs.org/cross-spawn/-/cross-spawn-7.0.6.tgz 2480ms (cache miss)
3708 http fetch GET 200 https://registry.npmjs.org/chalk/-/chalk-4.1.2.tgz 2483ms (cache miss)
3709 http fetch GET 200 https://registry.npmjs.org/debug/-/debug-4.4.3.tgz 2485ms (cache miss)
3710 http fetch GET 200 https://registry.npmjs.org/doctrine/-/doctrine-3.0.0.tgz 2487ms (cache miss)
3711 http fetch GET 200 https://registry.npmjs.org/js-yaml/-/js-yaml-4.2.0.tgz 2490ms (cache miss)
3712 http fetch GET 200 https://registry.npmjs.org/eslint-scope/-/eslint-scope-7.2.2.tgz 2490ms (cache miss)
3713 http fetch GET 200 https://registry.npmjs.org/eslint-visitor-keys/-/eslint-visitor-keys-3.4.3.tgz 2505ms (cache miss)
3714 http fetch GET 200 https://registry.npmjs.org/@ungap/structured-clone/-/structured-clone-1.3.1.tgz 2512ms (cache miss)
3715 http fetch GET 200 https://registry.npmjs.org/esquery/-/esquery-1.7.0.tgz 2522ms (cache miss)
3716 http fetch GET 200 https://registry.npmjs.org/eslint-plugin-import/-/eslint-plugin-import-2.32.0.tgz 2551ms (cache miss)
3717 http fetch GET 200 https://registry.npmjs.org/@rushstack/eslint-patch/-/eslint-patch-1.16.1.tgz 2560ms (cache miss)
3718 http fetch GET 200 https://registry.npmjs.org/@humanwhocodes/module-importer/-/module-importer-1.0.1.tgz 2555ms (cache miss)
3719 http fetch GET 200 https://registry.npmjs.org/@nodelib/fs.walk/-/fs.walk-1.2.8.tgz 2554ms (cache miss)
3720 http fetch GET 200 https://registry.npmjs.org/update-browserslist-db/-/update-browserslist-db-1.2.3.tgz 2553ms (cache miss)
3721 http fetch GET 200 https://registry.npmjs.org/@humanwhocodes/config-array/-/config-array-0.13.0.tgz 2557ms (cache miss)
3722 warn deprecated @humanwhocodes/config-array@0.13.0: Use @eslint/config-array instead
3723 http fetch GET 200 https://registry.npmjs.org/node-releases/-/node-releases-2.0.47.tgz 2558ms (cache miss)
3724 http fetch GET 200 https://registry.npmjs.org/postcss-value-parser/-/postcss-value-parser-4.2.0.tgz 2560ms (cache miss)
3725 http fetch GET 200 https://registry.npmjs.org/picocolors/-/picocolors-1.1.1.tgz 2565ms (cache miss)
3726 http fetch GET 200 https://registry.npmjs.org/@eslint/js/-/js-8.57.1.tgz 2568ms (cache miss)
3727 http fetch GET 200 https://registry.npmjs.org/baseline-browser-mapping/-/baseline-browser-mapping-2.10.33.tgz 2568ms (cache miss)
3728 http fetch GET 200 https://registry.npmjs.org/@eslint-community/regexpp/-/regexpp-4.12.2.tgz 2585ms (cache miss)
3729 http fetch GET 200 https://registry.npmjs.org/electron-to-chromium/-/electron-to-chromium-1.5.367.tgz 2589ms (cache miss)
3730 http fetch GET 200 https://registry.npmjs.org/@eslint-community/eslint-utils/-/eslint-utils-4.9.1.tgz 2594ms (cache miss)
3731 http fetch GET 200 https://registry.npmjs.org/fraction.js/-/fraction.js-5.3.4.tgz 2598ms (cache miss)
3732 http fetch GET 200 https://registry.npmjs.org/@types/prop-types/-/prop-types-15.7.15.tgz 2627ms (cache miss)
3733 http fetch GET 200 https://registry.npmjs.org/browserslist/-/browserslist-4.28.2.tgz 2629ms (cache miss)
3734 http fetch GET 200 https://registry.npmjs.org/strip-json-comments/-/strip-json-comments-3.1.1.tgz 2631ms (cache miss)
3735 http fetch GET 200 https://registry.npmjs.org/undici-types/-/undici-types-6.21.0.tgz 2647ms (cache miss)
3736 http fetch GET 200 https://registry.npmjs.org/@eslint/eslintrc/-/eslintrc-2.1.4.tgz 2654ms (cache miss)
3737 http fetch GET 200 https://registry.npmjs.org/csstype/-/csstype-3.2.3.tgz 2685ms (cache miss)
3738 http fetch GET 200 https://registry.npmjs.org/ajv/-/ajv-6.15.0.tgz 2743ms (cache miss)
3739 http fetch GET 200 https://registry.npmjs.org/tailwind-merge/-/tailwind-merge-2.6.1.tgz 2758ms (cache miss)
3740 http fetch GET 200 https://registry.npmjs.org/clsx/-/clsx-2.1.1.tgz 2761ms (cache miss)
3741 http fetch GET 200 https://registry.npmjs.org/eslint-config-next/-/eslint-config-next-14.2.29.tgz 2762ms (cache miss)
3742 http fetch GET 200 https://registry.npmjs.org/react/-/react-18.2.0.tgz 2825ms (cache miss)
3743 http fetch GET 200 https://registry.npmjs.org/postcss/-/postcss-8.5.15.tgz 2832ms (cache miss)
3744 http fetch GET 200 https://registry.npmjs.org/@types/react/-/react-18.3.30.tgz 2834ms (cache miss)
3745 http fetch GET 200 https://registry.npmjs.org/glob-parent/-/glob-parent-5.1.2.tgz 2852ms (cache miss)
3746 http fetch GET 200 https://registry.npmjs.org/eslint-plugin-jsx-a11y/-/eslint-plugin-jsx-a11y-6.10.2.tgz 2918ms (cache miss)
3747 http fetch GET 200 https://registry.npmjs.org/@types/react-dom/-/react-dom-18.3.7.tgz 2905ms (cache miss)
3748 http fetch GET 200 https://registry.npmjs.org/semver/-/semver-6.3.1.tgz 2905ms (cache miss)
3749 http fetch GET 200 https://registry.npmjs.org/string-width/-/string-width-4.2.3.tgz 2905ms (cache miss)
3750 http fetch GET 200 https://registry.npmjs.org/glob-parent/-/glob-parent-5.1.2.tgz 2905ms (cache miss)
3751 http fetch GET 200 https://registry.npmjs.org/strip-ansi/-/strip-ansi-7.2.0.tgz 2905ms (cache miss)
3752 http fetch GET 200 https://registry.npmjs.org/ansi-regex/-/ansi-regex-6.2.2.tgz 2906ms (cache miss)
3753 http fetch GET 200 https://registry.npmjs.org/ansi-styles/-/ansi-styles-6.2.3.tgz 2906ms (cache miss)
3754 http fetch GET 200 https://registry.npmjs.org/ansi-regex/-/ansi-regex-6.2.2.tgz 2921ms (cache miss)
3755 http fetch GET 200 https://registry.npmjs.org/emoji-regex/-/emoji-regex-8.0.0.tgz 2922ms (cache miss)
3756 http fetch GET 200 https://registry.npmjs.org/react-dom/-/react-dom-18.2.0.tgz 2926ms (cache miss)
3757 http fetch GET 200 https://registry.npmjs.org/ansi-regex/-/ansi-regex-6.2.2.tgz 2926ms (cache miss)
3758 http fetch GET 200 https://registry.npmjs.org/emoji-regex/-/emoji-regex-8.0.0.tgz 2944ms (cache miss)
3759 http fetch GET 200 https://registry.npmjs.org/strip-ansi/-/strip-ansi-7.2.0.tgz 2950ms (cache miss)
3760 http fetch GET 200 https://registry.npmjs.org/debug/-/debug-3.2.7.tgz 2954ms (cache miss)
3761 http fetch GET 200 https://registry.npmjs.org/picomatch/-/picomatch-4.0.4.tgz 2962ms (cache miss)
3762 http fetch GET 200 https://registry.npmjs.org/strip-ansi/-/strip-ansi-7.2.0.tgz 2971ms (cache miss)
3763 http fetch GET 200 https://registry.npmjs.org/glob/-/glob-7.2.3.tgz 2987ms (cache miss)
3764 warn deprecated glob@7.2.3: Old versions of glob are not supported, and contain widely publicized security vulnerabilities, which have been fixed in the current version. Please update. Support for old versions may be purchased (at exorbitant rates) by contacting i@izs.me
3765 http fetch GET 200 https://registry.npmjs.org/brace-expansion/-/brace-expansion-2.1.1.tgz 3018ms (cache miss)
3766 http fetch GET 200 https://registry.npmjs.org/brace-expansion/-/brace-expansion-5.0.6.tgz 3018ms (cache miss)
3767 http fetch GET 200 https://registry.npmjs.org/autoprefixer/-/autoprefixer-10.5.0.tgz 3031ms (cache miss)
3768 http fetch GET 200 https://registry.npmjs.org/eslint-visitor-keys/-/eslint-visitor-keys-5.0.1.tgz 3033ms (cache miss)
3769 http fetch GET 200 https://registry.npmjs.org/semver/-/semver-6.3.1.tgz 3032ms (cache miss)
3770 http fetch GET 200 https://registry.npmjs.org/doctrine/-/doctrine-2.1.0.tgz 3035ms (cache miss)
3771 http fetch GET 200 https://registry.npmjs.org/ignore/-/ignore-7.0.5.tgz 3042ms (cache miss)
3772 http fetch GET 200 https://registry.npmjs.org/balanced-match/-/balanced-match-4.0.4.tgz 3045ms (cache miss)
3773 http fetch GET 200 https://registry.npmjs.org/semver/-/semver-6.3.1.tgz 3051ms (cache miss)
3774 http fetch GET 200 https://registry.npmjs.org/debug/-/debug-3.2.7.tgz 3054ms (cache miss)
3775 http fetch GET 200 https://registry.npmjs.org/@types/node/-/node-20.19.41.tgz 3065ms (cache miss)
3776 http fetch GET 200 https://registry.npmjs.org/@typescript-eslint/scope-manager/-/scope-manager-8.60.1.tgz 3104ms (cache miss)
3777 http fetch GET 200 https://registry.npmjs.org/react-is/-/react-is-18.3.1.tgz 3103ms (cache miss)
3778 http fetch GET 200 https://registry.npmjs.org/debug/-/debug-3.2.7.tgz 3107ms (cache miss)
3779 http fetch GET 200 https://registry.npmjs.org/doctrine/-/doctrine-2.1.0.tgz 3125ms (cache miss)
3780 http fetch GET 200 https://registry.npmjs.org/minimatch/-/minimatch-10.2.5.tgz 3150ms (cache miss)
3781 http fetch GET 200 https://registry.npmjs.org/minimatch/-/minimatch-9.0.9.tgz 3152ms (cache miss)
3782 http fetch GET 200 https://registry.npmjs.org/glob 2787ms (cache miss)
3783 silly packumentCache corgi:https://registry.npmjs.org/glob set size:undefined disposed:false
3784 http fetch GET 200 https://registry.npmjs.org/resolve/-/resolve-1.22.12.tgz 3182ms (cache miss)
3785 http fetch GET 200 https://registry.npmjs.org/postcss 2851ms (cache miss)
3786 silly packumentCache corgi:https://registry.npmjs.org/postcss set size:undefined disposed:false
3787 http fetch GET 200 https://registry.npmjs.org/postcss/-/postcss-8.4.31.tgz 3226ms (cache miss)
3788 http fetch GET 200 https://registry.npmjs.org/eslint-plugin-react/-/eslint-plugin-react-7.37.5.tgz 3291ms (cache miss)
3789 http fetch GET 200 https://registry.npmjs.org/resolve/-/resolve-1.22.12.tgz 3316ms (cache miss)
3790 http fetch GET 200 https://registry.npmjs.org/tailwindcss/-/tailwindcss-3.4.19.tgz 3430ms (cache miss)
3791 http fetch GET 200 https://registry.npmjs.org/@typescript-eslint/eslint-plugin/-/eslint-plugin-8.60.1.tgz 3516ms (cache miss)
3792 http fetch GET 200 https://registry.npmjs.org/recharts/-/recharts-2.15.4.tgz 3520ms (cache miss)
3793 warn deprecated recharts@2.15.4: 1.x and 2.x branches are no longer active. Bump to Recharts v3 to receive latest features and bugfixes. See https://github.com/recharts/recharts/wiki/3.0-migration-guide
3794 http fetch GET 200 https://registry.npmjs.org/typescript/-/typescript-5.9.3.tgz 3591ms (cache miss)
3795 http fetch GET 200 https://registry.npmjs.org/eslint/-/eslint-8.57.1.tgz 3723ms (cache miss)
3796 warn deprecated eslint@8.57.1: This version is no longer supported. Please see https://eslint.org/version-support for other options.
3797 http fetch GET 200 https://registry.npmjs.org/next 3520ms (cache miss)
3798 silly packumentCache corgi:https://registry.npmjs.org/next set size:undefined disposed:false
3799 silly packumentCache corgi:https://registry.npmjs.org/@next%2feslint-plugin-next cache-miss
3800 http fetch GET 200 https://registry.npmjs.org/caniuse-lite/-/caniuse-lite-1.0.30001793.tgz 5611ms (cache miss)
3801 http fetch GET 200 https://registry.npmjs.org/@next/swc-darwin-arm64/-/swc-darwin-arm64-14.2.29.tgz 5775ms (cache miss)
3802 http fetch GET 200 https://registry.npmjs.org/@next%2feslint-plugin-next 370ms (cache miss)
3803 silly packumentCache corgi:https://registry.npmjs.org/@next%2feslint-plugin-next set size:undefined disposed:false
3804 silly packumentCache corgi:https://registry.npmjs.org/eslint-config-next cache-miss
3805 http fetch GET 200 https://registry.npmjs.org/es-abstract/-/es-abstract-1.24.2.tgz 6024ms (cache miss)
3806 http fetch GET 200 https://registry.npmjs.org/eslint-config-next 205ms (cache miss)
3807 silly packumentCache corgi:https://registry.npmjs.org/eslint-config-next set size:undefined disposed:false
3808 http fetch GET 200 https://registry.npmjs.org/lucide-react/-/lucide-react-0.468.0.tgz 13172ms (cache miss)
3809 http fetch GET 200 https://registry.npmjs.org/next/-/next-14.2.29.tgz 14086ms (cache miss)
3810 warn deprecated next@14.2.29: This version has a security vulnerability. Please upgrade to a patched version. See https://nextjs.org/blog/security-update-2025-12-11 for more details.
3811 info run fsevents@2.3.3 install node_modules/fsevents node-gyp rebuild
3812 info run fsevents@2.3.3 install { code: 1, signal: null }
3813 verbose reify failed optional dependency /Users/user/program test/Bersih Treatment Web/node_modules/fsevents
3814 silly reify mark deleted [
3814 silly reify   '/Users/user/program test/Bersih Treatment Web/node_modules/fsevents'
3814 silly reify ]
3815 info run unrs-resolver@1.12.2 postinstall node_modules/unrs-resolver node postinstall.js
3816 info run unrs-resolver@1.12.2 postinstall { code: 0, signal: null }
3817 silly ADD node_modules/wrappy
3818 silly ADD node_modules/path-is-absolute
3819 silly ADD node_modules/once
3820 silly ADD node_modules/inherits
3821 silly ADD node_modules/inflight
3822 silly ADD node_modules/fs.realpath
3823 silly ADD node_modules/is-weakset
3824 silly ADD node_modules/is-weakmap
3825 silly ADD node_modules/is-map
3826 silly ADD node_modules/generator-function
3827 silly ADD node_modules/async-function
3828 silly ADD node_modules/which-collection
3829 silly ADD node_modules/is-generator-function
3830 silly ADD node_modules/is-finalizationregistry
3831 silly ADD node_modules/is-async-function
3832 silly ADD node_modules/is-number-object
3833 silly ADD node_modules/is-boolean-object
3834 silly ADD node_modules/is-bigint
3835 silly ADD node_modules/isexe
3836 silly ADD node_modules/d3-path
3837 silly ADD node_modules/d3-time-format
3838 silly ADD node_modules/d3-format
3839 silly ADD node_modules/d3-color
3840 silly ADD node_modules/internmap
3841 silly ADD node_modules/@types/d3-path
3842 silly ADD node_modules/@types/d3-color
3843 silly ADD node_modules/d3-timer
3844 silly ADD node_modules/d3-time
3845 silly ADD node_modules/d3-shape
3846 silly ADD node_modules/d3-scale
3847 silly ADD node_modules/d3-interpolate
3848 silly ADD node_modules/d3-ease
3849 silly ADD node_modules/d3-array
3850 silly ADD node_modules/@types/d3-timer
3851 silly ADD node_modules/@types/d3-time
3852 silly ADD node_modules/@types/d3-shape
3853 silly ADD node_modules/@types/d3-scale
3854 silly ADD node_modules/@types/d3-interpolate
3855 silly ADD node_modules/@types/d3-ease
3856 silly ADD node_modules/@types/d3-array
3857 silly ADD node_modules/punycode
3858 silly ADD node_modules/escalade
3859 silly ADD node_modules/napi-postinstall
3860 silly ADD node_modules/@unrs/resolver-binding-darwin-arm64
3861 silly ADD node_modules/which-boxed-primitive
3862 silly ADD node_modules/has-bigints
3863 silly ADD node_modules/which-builtin-type
3864 silly ADD node_modules/reflect.getprototypeof
3865 silly ADD node_modules/for-each
3866 silly ADD node_modules/strip-bom
3867 silly ADD node_modules/minimist
3868 silly ADD node_modules/json5
3869 silly ADD node_modules/@types/json5
3870 silly ADD node_modules/is-number
3871 silly ADD node_modules/fdir
3872 silly ADD node_modules/thenify
3873 silly ADD node_modules/thenify-all
3874 silly ADD node_modules/any-promise
3875 silly ADD node_modules/@jridgewell/resolve-uri
3876 silly ADD node_modules/@jridgewell/trace-mapping
3877 silly ADD node_modules/@jridgewell/sourcemap-codec
3878 silly ADD node_modules/ts-interface-checker
3879 silly ADD node_modules/pirates
3880 silly ADD node_modules/mz
3881 silly ADD node_modules/lines-and-columns
3882 silly ADD node_modules/commander
3883 silly ADD node_modules/@jridgewell/gen-mapping
3884 silly ADD node_modules/pify
3885 silly ADD node_modules/util-deprecate
3886 silly ADD node_modules/cssesc
3887 silly ADD node_modules/camelcase-css
3888 silly ADD node_modules/read-cache
3889 silly ADD node_modules/binary-extensions
3890 silly ADD node_modules/to-regex-range
3891 silly ADD node_modules/merge2
3892 silly ADD node_modules/fill-range
3893 silly ADD node_modules/picomatch
3894 silly ADD node_modules/readdirp
3895 silly ADD node_modules/is-binary-path
3896 silly ADD
3897 silly ADD node_modules/braces
3898 silly ADD node_modules/anymatch
3899 silly ADD node_modules/sucrase
3900 silly ADD node_modules/postcss-selector-parser
3901 silly ADD node_modules/postcss-nested
3902 silly ADD node_modules/postcss-load-config
3903 silly ADD node_modules/postcss-js
3904 silly ADD node_modules/postcss-import
3905 silly ADD node_modules/postcss-import/node_modules/resolve
3906 silly ADD node_modules/object-hash
3907 silly ADD node_modules/normalize-path
3908 silly ADD node_modules/micromatch
3909 silly ADD node_modules/lilconfig
3910 silly ADD node_modules/jiti
3911 silly ADD node_modules/fast-glob
3912 silly ADD node_modules/fast-glob/node_modules/glob-parent
3913 silly ADD node_modules/dlv
3914 silly ADD node_modules/didyoumean
3915 silly ADD node_modules/chokidar
3916 silly ADD node_modules/chokidar/node_modules/glob-parent
3917 silly ADD node_modules/arg
3918 silly ADD node_modules/@alloc/quick-lru
3919 silly ADD node_modules/has-flag
3920 silly ADD node_modules/client-only
3921 silly ADD node_modules/ansi-regex
3922 silly ADD node_modules/is-fullwidth-code-point
3923 silly ADD node_modules/eastasianwidth
3924 silly ADD node_modules/side-channel-weakmap
3925 silly ADD node_modules/side-channel-map
3926 silly ADD node_modules/side-channel-list
3927 silly ADD node_modules/shebang-regex
3928 silly ADD node_modules/isarray
3929 silly ADD node_modules/queue-microtask
3930 silly ADD node_modules/supports-preserve-symlinks-flag
3931 silly ADD node_modules/path-parse
3932 silly ADD node_modules/node-exports-info
3933 silly ADD node_modules/node-exports-info/node_modules/semver
3934 silly ADD node_modules/decimal.js-light
3935 silly ADD node_modules/dom-helpers
3936 silly ADD node_modules/@babel/runtime
3937 silly ADD node_modules/react-transition-group
3938 silly ADD node_modules/fast-equals
3939 silly ADD node_modules/victory-vendor
3940 silly ADD node_modules/tiny-invariant
3941 silly ADD node_modules/recharts-scale
3942 silly ADD node_modules/react-smooth
3943 silly ADD node_modules/lodash
3944 silly ADD node_modules/eventemitter3
3945 silly ADD node_modules/scheduler
3946 silly ADD node_modules/js-tokens
3947 silly ADD node_modules/react-is
3948 silly ADD node_modules/object-assign
3949 silly ADD node_modules/loose-envify
3950 silly ADD node_modules/source-map-js
3951 silly ADD node_modules/nanoid
3952 silly ADD node_modules/lru-cache
3953 silly ADD node_modules/callsites
3954 silly ADD node_modules/yocto-queue
3955 silly ADD node_modules/p-limit
3956 silly ADD node_modules/word-wrap
3957 silly ADD node_modules/fast-levenshtein
3958 silly ADD node_modules/deep-is
3959 silly ADD node_modules/streamsearch
3960 silly ADD node_modules/tslib
3961 silly ADD node_modules/@swc/counter
3962 silly ADD node_modules/styled-jsx
3963 silly ADD node_modules/graceful-fs
3964 silly ADD node_modules/busboy
3965 silly ADD node_modules/@swc/helpers
3966 silly ADD node_modules/@next/swc-darwin-arm64
3967 silly ADD node_modules/@next/env
3968 silly ADD node_modules/concat-map
3969 silly ADD node_modules/balanced-match
3970 silly ADD node_modules/brace-expansion
3971 silly ADD node_modules/p-locate
3972 silly ADD node_modules/type-check
3973 silly ADD node_modules/prelude-ls
3974 silly ADD node_modules/language-subtag-registry
3975 silly ADD node_modules/json-buffer
3976 silly ADD node_modules/argparse
3977 silly ADD node_modules/wrap-ansi-cjs
3978 silly ADD node_modules/wrap-ansi-cjs/node_modules/emoji-regex
3979 silly ADD node_modules/wrap-ansi-cjs/node_modules/string-width
3980 silly ADD node_modules/wrap-ansi
3981 silly ADD node_modules/wrap-ansi/node_modules/ansi-regex
3982 silly ADD node_modules/wrap-ansi/node_modules/strip-ansi
3983 silly ADD node_modules/wrap-ansi/node_modules/ansi-styles
3984 silly ADD node_modules/strip-ansi-cjs
3985 silly ADD node_modules/string-width-cjs
3986 silly ADD node_modules/string-width-cjs/node_modules/emoji-regex
3987 silly ADD node_modules/string-width
3988 silly ADD node_modules/string-width/node_modules/ansi-regex
3989 silly ADD node_modules/string-width/node_modules/strip-ansi
3990 silly ADD node_modules/@pkgjs/parseargs
3991 silly ADD node_modules/@isaacs/cliui
3992 silly ADD node_modules/@isaacs/cliui/node_modules/ansi-regex
3993 silly ADD node_modules/@isaacs/cliui/node_modules/strip-ansi
3994 silly ADD node_modules/set-function-name
3995 silly ADD node_modules/is-extglob
3996 silly ADD node_modules/side-channel
3997 silly ADD node_modules/resolve-from
3998 silly ADD node_modules/parent-module
3999 silly ADD node_modules/type-fest
4000 silly ADD node_modules/signal-exit
4001 silly ADD node_modules/path-scurry
4002 silly ADD node_modules/minipass
4003 silly ADD node_modules/jackspeak
4004 silly ADD node_modules/foreground-child
4005 silly ADD node_modules/resolve-pkg-maps
4006 silly ADD node_modules/dunder-proto
4007 silly ADD node_modules/functions-have-names
4008 silly ADD node_modules/rimraf
4009 silly ADD node_modules/rimraf/node_modules/glob
4010 silly ADD node_modules/keyv
4011 silly ADD node_modules/flatted
4012 silly ADD node_modules/path-exists
4013 silly ADD node_modules/locate-path
4014 silly ADD node_modules/flat-cache
4015 silly ADD node_modules/reusify
4016 silly ADD node_modules/acorn-jsx
4017 silly ADD node_modules/acorn
4018 silly ADD node_modules/esrecurse
4019 silly ADD node_modules/iterator.prototype
4020 silly ADD node_modules/string.prototype.repeat
4021 silly ADD node_modules/string.prototype.matchall
4022 silly ADD node_modules/prop-types
4023 silly ADD node_modules/object.entries
4024 silly ADD node_modules/estraverse
4025 silly ADD node_modules/es-iterator-helpers
4026 silly ADD node_modules/array.prototype.tosorted
4027 silly ADD node_modules/array.prototype.findlast
4028 silly ADD node_modules/string.prototype.includes
4029 silly ADD node_modules/language-tags
4030 silly ADD node_modules/jsx-ast-utils
4031 silly ADD node_modules/emoji-regex
4032 silly ADD node_modules/damerau-levenshtein
4033 silly ADD node_modules/axobject-query
4034 silly ADD node_modules/axe-core
4035 silly ADD node_modules/ast-types-flow
4036 silly ADD node_modules/aria-query
4037 silly ADD node_modules/is-symbol
4038 silly ADD node_modules/is-date-object
4039 silly ADD node_modules/has-tostringtag
4040 silly ADD node_modules/possible-typed-array-names
4041 silly ADD node_modules/which-typed-array
4042 silly ADD node_modules/unbox-primitive
4043 silly ADD node_modules/typed-array-length
4044 silly ADD node_modules/typed-array-byte-offset
4045 silly ADD node_modules/typed-array-byte-length
4046 silly ADD node_modules/typed-array-buffer
4047 silly ADD node_modules/string.prototype.trimstart
4048 silly ADD node_modules/string.prototype.trim
4049 silly ADD node_modules/stop-iteration-iterator
4050 silly ADD node_modules/set-proto
4051 silly ADD node_modules/safe-regex-test
4052 silly ADD node_modules/safe-push-apply
4053 silly ADD node_modules/safe-array-concat
4054 silly ADD node_modules/regexp.prototype.flags
4055 silly ADD node_modules/own-keys
4056 silly ADD node_modules/object.assign
4057 silly ADD node_modules/object-inspect
4058 silly ADD node_modules/is-weakref
4059 silly ADD node_modules/is-typed-array
4060 silly ADD node_modules/is-shared-array-buffer
4061 silly ADD node_modules/is-set
4062 silly ADD node_modules/is-regex
4063 silly ADD node_modules/is-negative-zero
4064 silly ADD node_modules/is-data-view
4065 silly ADD node_modules/is-callable
4066 silly ADD node_modules/is-array-buffer
4067 silly ADD node_modules/internal-slot
4068 silly ADD node_modules/has-symbols
4069 silly ADD node_modules/has-proto
4070 silly ADD node_modules/globalthis
4071 silly ADD node_modules/get-symbol-description
4072 silly ADD node_modules/get-proto
4073 silly ADD node_modules/function.prototype.name
4074 silly ADD node_modules/es-to-primitive
4075 silly ADD node_modules/es-set-tostringtag
4076 silly ADD node_modules/data-view-byte-offset
4077 silly ADD node_modules/data-view-byte-length
4078 silly ADD node_modules/data-view-buffer
4079 silly ADD node_modules/available-typed-arrays
4080 silly ADD node_modules/arraybuffer.prototype.slice
4081 silly ADD node_modules/array-buffer-byte-length
4082 silly ADD node_modules/gopd
4083 silly ADD node_modules/object-keys
4084 silly ADD node_modules/has-property-descriptors
4085 silly ADD node_modules/define-data-property
4086 silly ADD node_modules/function-bind
4087 silly ADD node_modules/set-function-length
4088 silly ADD node_modules/es-define-property
4089 silly ADD node_modules/call-bind-apply-helpers
4090 silly ADD node_modules/es-shim-unscopables
4091 silly ADD node_modules/es-errors
4092 silly ADD node_modules/math-intrinsics
4093 silly ADD node_modules/is-string
4094 silly ADD node_modules/get-intrinsic
4095 silly ADD node_modules/es-object-atoms
4096 silly ADD node_modules/es-abstract
4097 silly ADD node_modules/define-properties
4098 silly ADD node_modules/call-bound
4099 silly ADD node_modules/call-bind
4100 silly ADD node_modules/tsconfig-paths
4101 silly ADD node_modules/string.prototype.trimend
4102 silly ADD node_modules/object.values
4103 silly ADD node_modules/object.groupby
4104 silly ADD node_modules/object.fromentries
4105 silly ADD node_modules/hasown
4106 silly ADD node_modules/eslint-module-utils
4107 silly ADD node_modules/eslint-module-utils/node_modules/debug
4108 silly ADD node_modules/array.prototype.flatmap
4109 silly ADD node_modules/array.prototype.flat
4110 silly ADD node_modules/array.prototype.findlastindex
4111 silly ADD node_modules/array-includes
4112 silly ADD node_modules/@rtsao/scc
4113 silly ADD node_modules/unrs-resolver
4114 silly ADD node_modules/stable-hash
4115 silly ADD node_modules/is-bun-module
4116 silly ADD node_modules/get-tsconfig
4117 silly ADD node_modules/@nolyfill/is-core-module
4118 silly ADD node_modules/resolve
4119 silly ADD node_modules/is-core-module
4120 silly ADD node_modules/tinyglobby
4121 silly ADD node_modules/tinyglobby/node_modules/picomatch
4122 silly ADD node_modules/semver
4123 silly ADD node_modules/@typescript-eslint/tsconfig-utils
4124 silly ADD node_modules/@typescript-eslint/project-service
4125 silly ADD node_modules/@typescript-eslint/typescript-estree
4126 silly ADD node_modules/@typescript-eslint/typescript-estree/node_modules/balanced-match
4127 silly ADD node_modules/@typescript-eslint/typescript-estree/node_modules/brace-expansion
4128 silly ADD node_modules/@typescript-eslint/typescript-estree/node_modules/minimatch
4129 silly ADD node_modules/@typescript-eslint/types
4130 silly ADD node_modules/ts-api-utils
4131 silly ADD node_modules/@typescript-eslint/visitor-keys
4132 silly ADD node_modules/@typescript-eslint/visitor-keys/node_modules/eslint-visitor-keys
4133 silly ADD node_modules/@typescript-eslint/utils
4134 silly ADD node_modules/@typescript-eslint/type-utils
4135 silly ADD node_modules/@typescript-eslint/scope-manager
4136 silly ADD node_modules/glob
4137 silly ADD node_modules/glob/node_modules/brace-expansion
4138 silly ADD node_modules/glob/node_modules/minimatch
4139 silly ADD node_modules/eslint-plugin-react-hooks
4140 silly ADD node_modules/eslint-plugin-react
4141 silly ADD node_modules/eslint-plugin-react/node_modules/semver
4142 silly ADD node_modules/eslint-plugin-react/node_modules/doctrine
4143 silly ADD node_modules/eslint-plugin-jsx-a11y
4144 silly ADD node_modules/eslint-plugin-import
4145 silly ADD node_modules/eslint-plugin-import/node_modules/semver
4146 silly ADD node_modules/eslint-plugin-import/node_modules/doctrine
4147 silly ADD node_modules/eslint-plugin-import/node_modules/debug
4148 silly ADD node_modules/eslint-import-resolver-typescript
4149 silly ADD node_modules/eslint-import-resolver-node
4150 silly ADD node_modules/eslint-import-resolver-node/node_modules/debug
4151 silly ADD node_modules/@typescript-eslint/parser
4152 silly ADD node_modules/@typescript-eslint/eslint-plugin
4153 silly ADD node_modules/@typescript-eslint/eslint-plugin/node_modules/ignore
4154 silly ADD node_modules/@rushstack/eslint-patch
4155 silly ADD node_modules/@next/eslint-plugin-next
4156 silly ADD node_modules/ms
4157 silly ADD node_modules/which
4158 silly ADD node_modules/shebang-command
4159 silly ADD node_modules/path-key
4160 silly ADD node_modules/color-name
4161 silly ADD node_modules/color-convert
4162 silly ADD node_modules/supports-color
4163 silly ADD node_modules/ansi-styles
4164 silly ADD node_modules/uri-js
4165 silly ADD node_modules/json-schema-traverse
4166 silly ADD node_modules/fast-json-stable-stringify
4167 silly ADD node_modules/run-parallel
4168 silly ADD node_modules/@nodelib/fs.stat
4169 silly ADD node_modules/fastq
4170 silly ADD node_modules/@nodelib/fs.scandir
4171 silly ADD node_modules/@humanwhocodes/object-schema
4172 silly ADD node_modules/strip-json-comments
4173 silly ADD node_modules/import-fresh
4174 silly ADD node_modules/text-table
4175 silly ADD node_modules/strip-ansi
4176 silly ADD node_modules/optionator
4177 silly ADD node_modules/natural-compare
4178 silly ADD node_modules/minimatch
4179 silly ADD node_modules/lodash.merge
4180 silly ADD node_modules/levn
4181 silly ADD node_modules/json-stable-stringify-without-jsonify
4182 silly ADD node_modules/js-yaml
4183 silly ADD node_modules/is-path-inside
4184 silly ADD node_modules/is-glob
4185 silly ADD node_modules/imurmurhash
4186 silly ADD node_modules/ignore
4187 silly ADD node_modules/graphemer
4188 silly ADD node_modules/globals
4189 silly ADD node_modules/glob-parent
4190 silly ADD node_modules/find-up
4191 silly ADD node_modules/file-entry-cache
4192 silly ADD node_modules/fast-deep-equal
4193 silly ADD node_modules/esutils
4194 silly ADD node_modules/esquery
4195 silly ADD node_modules/espree
4196 silly ADD node_modules/eslint-visitor-keys
4197 silly ADD node_modules/eslint-scope
4198 silly ADD node_modules/escape-string-regexp
4199 silly ADD node_modules/doctrine
4200 silly ADD node_modules/debug
4201 silly ADD node_modules/cross-spawn
4202 silly ADD node_modules/chalk
4203 silly ADD node_modules/ajv
4204 silly ADD node_modules/@ungap/structured-clone
4205 silly ADD node_modules/@nodelib/fs.walk
4206 silly ADD node_modules/@humanwhocodes/module-importer
4207 silly ADD node_modules/@humanwhocodes/config-array
4208 silly ADD node_modules/@eslint/js
4209 silly ADD node_modules/@eslint/eslintrc
4210 silly ADD node_modules/@eslint-community/regexpp
4211 silly ADD node_modules/@eslint-community/eslint-utils
4212 silly ADD node_modules/update-browserslist-db
4213 silly ADD node_modules/node-releases
4214 silly ADD node_modules/electron-to-chromium
4215 silly ADD node_modules/baseline-browser-mapping
4216 silly ADD node_modules/postcss-value-parser
4217 silly ADD node_modules/picocolors
4218 silly ADD node_modules/fraction.js
4219 silly ADD node_modules/caniuse-lite
4220 silly ADD node_modules/browserslist
4221 silly ADD node_modules/csstype
4222 silly ADD node_modules/@types/prop-types
4223 silly ADD node_modules/undici-types
4224 silly ADD node_modules/typescript
4225 silly ADD node_modules/tailwindcss
4226 silly ADD node_modules/tailwindcss/node_modules/resolve
4227 silly ADD node_modules/tailwind-merge
4228 silly ADD node_modules/recharts
4229 silly ADD node_modules/recharts/node_modules/react-is
4230 silly ADD node_modules/react-dom
4231 silly ADD node_modules/react
4232 silly ADD node_modules/postcss
4233 silly ADD node_modules/next
4234 silly ADD node_modules/next/node_modules/postcss
4235 silly ADD node_modules/lucide-react
4236 silly ADD node_modules/eslint-config-next
4237 silly ADD node_modules/eslint
4238 silly ADD node_modules/clsx
4239 silly ADD node_modules/autoprefixer
4240 silly ADD node_modules/@types/react-dom
4241 silly ADD node_modules/@types/react
4242 silly ADD node_modules/@types/node
4243 verbose cwd /Users/user/program test/Bersih Treatment Web
4244 verbose os Darwin 25.5.0
4245 verbose node v24.14.1
4246 verbose npm  v11.11.0
4247 notice
4247 notice New minor version of npm available! 11.11.0 -> 11.16.0
4247 notice Changelog: https://github.com/npm/cli/releases/tag/v11.16.0
4247 notice To update run: npm install -g npm@11.16.0
4247 notice  { force: true, Symbol(proc-log.meta): true }
4248 verbose exit 0
4249 info ok
